-- MySQL dump 10.13  Distrib 8.0.31, for Win64 (x86_64)
--
-- Host: localhost    Database: controlhoras
-- ------------------------------------------------------
-- Server version	8.0.31

/*!40101 SET @OLD_CHARACTER_SET_CLIENT=@@CHARACTER_SET_CLIENT */;
/*!40101 SET @OLD_CHARACTER_SET_RESULTS=@@CHARACTER_SET_RESULTS */;
/*!40101 SET @OLD_COLLATION_CONNECTION=@@COLLATION_CONNECTION */;
/*!50503 SET NAMES utf8mb4 */;
/*!40103 SET @OLD_TIME_ZONE=@@TIME_ZONE */;
/*!40103 SET TIME_ZONE='+00:00' */;
/*!40014 SET @OLD_UNIQUE_CHECKS=@@UNIQUE_CHECKS, UNIQUE_CHECKS=0 */;
/*!40014 SET @OLD_FOREIGN_KEY_CHECKS=@@FOREIGN_KEY_CHECKS, FOREIGN_KEY_CHECKS=0 */;
/*!40101 SET @OLD_SQL_MODE=@@SQL_MODE, SQL_MODE='NO_AUTO_VALUE_ON_ZERO' */;
/*!40111 SET @OLD_SQL_NOTES=@@SQL_NOTES, SQL_NOTES=0 */;

--
-- Table structure for table `exception_hours`
--

DROP TABLE IF EXISTS `exception_hours`;
/*!40101 SET @saved_cs_client     = @@character_set_client */;
/*!50503 SET character_set_client = utf8mb4 */;
CREATE TABLE `exception_hours` (
  `id` bigint unsigned NOT NULL AUTO_INCREMENT,
  `hour` double NOT NULL DEFAULT '0',
  `user_id` bigint unsigned NOT NULL,
  `exception_work_id` bigint unsigned NOT NULL,
  `distancia` double(8,2) DEFAULT NULL,
  `status` enum('APROBADA','NO APROBADA') COLLATE utf8mb4_unicode_ci NOT NULL DEFAULT 'NO APROBADA',
  `date` date NOT NULL,
  `date_final` date DEFAULT NULL,
  `when_approve` date DEFAULT NULL,
  `who_approve` varchar(255) COLLATE utf8mb4_unicode_ci DEFAULT NULL,
  `id_who_approve` int DEFAULT NULL,
  `created_at` timestamp NULL DEFAULT NULL,
  `updated_at` timestamp NULL DEFAULT NULL,
  PRIMARY KEY (`id`),
  KEY `exception_hours_user_id_foreign` (`user_id`),
  KEY `exception_hours_exception_work_id_foreign` (`exception_work_id`),
  CONSTRAINT `exception_hours_exception_work_id_foreign` FOREIGN KEY (`exception_work_id`) REFERENCES `exception_works` (`id`),
  CONSTRAINT `exception_hours_user_id_foreign` FOREIGN KEY (`user_id`) REFERENCES `users` (`id`)
) ENGINE=InnoDB AUTO_INCREMENT=198 DEFAULT CHARSET=utf8mb4 COLLATE=utf8mb4_unicode_ci;
/*!40101 SET character_set_client = @saved_cs_client */;

--
-- Dumping data for table `exception_hours`
--

LOCK TABLES `exception_hours` WRITE;
/*!40000 ALTER TABLE `exception_hours` DISABLE KEYS */;
INSERT INTO `exception_hours` VALUES (1,9,15,1,NULL,'APROBADA','2022-12-01',NULL,'2022-12-15','marta.anguita@baumcontrol.es',15,'2022-12-15 15:14:48','2022-12-15 17:20:49'),(6,9,11,3,NULL,'APROBADA','2022-12-08',NULL,'2022-12-19','marta.anguita@baumcontrol.es',15,'2022-12-16 07:29:25','2022-12-19 10:54:58'),(37,4,8,2,NULL,'APROBADA','2023-01-16',NULL,'2023-01-31','josemanuel.blanco@baumcontrol.es',3,'2023-01-17 07:23:05','2023-01-31 12:02:06'),(40,4,8,2,NULL,'APROBADA','2023-01-18',NULL,'2023-01-31','josemanuel.blanco@baumcontrol.es',3,'2023-01-19 07:34:31','2023-01-31 12:02:08'),(43,4,8,2,NULL,'APROBADA','2023-01-20',NULL,'2023-01-31','josemanuel.blanco@baumcontrol.es',3,'2023-01-20 12:18:05','2023-01-31 12:02:10'),(45,9,9,1,NULL,'APROBADA','2023-01-02',NULL,'2023-01-31','josemanuel.blanco@baumcontrol.es',3,'2023-01-23 10:09:02','2023-01-31 12:14:48'),(46,9,9,1,NULL,'APROBADA','2023-01-03',NULL,'2023-01-31','josemanuel.blanco@baumcontrol.es',3,'2023-01-23 10:09:15','2023-01-31 12:15:16'),(47,9,9,1,NULL,'APROBADA','2023-01-04',NULL,'2023-01-31','josemanuel.blanco@baumcontrol.es',3,'2023-01-23 10:09:25','2023-01-31 12:15:10'),(48,9,9,1,NULL,'APROBADA','2023-01-05',NULL,'2023-01-31','josemanuel.blanco@baumcontrol.es',3,'2023-01-23 10:09:34','2023-01-31 12:13:33'),(49,6,8,3,NULL,'APROBADA','2023-01-06',NULL,'2023-01-31','josemanuel.blanco@baumcontrol.es',3,'2023-01-23 10:30:57','2023-01-31 12:01:56'),(50,6,9,3,NULL,'APROBADA','2023-01-06',NULL,'2023-01-31','josemanuel.blanco@baumcontrol.es',3,'2023-01-23 10:33:34','2023-01-31 12:13:38'),(51,9,12,1,NULL,'NO APROBADA','2023-01-02',NULL,NULL,'marta.anguita@baumcontrol.es',15,'2023-01-23 10:52:52','2023-05-11 13:32:23'),(52,9,12,1,NULL,'APROBADA','2023-01-03',NULL,'2023-05-11','marta.anguita@baumcontrol.es',15,'2023-01-23 10:53:09','2023-05-11 13:32:12'),(53,9,12,1,NULL,'APROBADA','2023-01-04',NULL,'2023-05-11','marta.anguita@baumcontrol.es',15,'2023-01-23 10:53:34','2023-05-11 13:31:54'),(54,9,12,1,NULL,'APROBADA','2023-01-05',NULL,'2023-05-11','marta.anguita@baumcontrol.es',15,'2023-01-23 10:53:55','2023-05-11 13:31:48'),(55,9,13,1,NULL,'APROBADA','2023-01-02',NULL,'2023-05-11','marta.anguita@baumcontrol.es',15,'2023-01-23 12:39:57','2023-05-11 13:32:25'),(56,9,13,1,NULL,'APROBADA','2023-01-03',NULL,'2023-05-11','marta.anguita@baumcontrol.es',15,'2023-01-23 12:40:32','2023-05-11 13:32:14'),(57,9,13,1,NULL,'APROBADA','2023-01-04',NULL,'2023-05-11','marta.anguita@baumcontrol.es',15,'2023-01-23 12:45:53','2023-05-11 13:31:57'),(58,9,13,1,NULL,'APROBADA','2023-01-05',NULL,'2023-01-31','josemanuel.blanco@baumcontrol.es',3,'2023-01-23 12:47:18','2023-01-31 12:13:56'),(59,9,13,4,NULL,'APROBADA','2022-12-28',NULL,'2023-05-11','marta.anguita@baumcontrol.es',15,'2023-01-23 12:48:59','2023-05-11 13:32:38'),(60,6,7,3,NULL,'APROBADA','2023-01-06',NULL,'2023-01-31','josemanuel.blanco@baumcontrol.es',3,'2023-01-24 07:43:07','2023-01-31 12:13:49'),(63,4,8,2,NULL,'APROBADA','2023-01-24',NULL,'2023-01-31','josemanuel.blanco@baumcontrol.es',3,'2023-01-25 07:29:50','2023-01-31 12:02:13'),(65,9,9,1,NULL,'APROBADA','2023-01-30',NULL,'2023-02-06','josemanuel.blanco@baumcontrol.es',3,'2023-01-26 14:18:15','2023-02-06 17:00:14'),(66,8,19,1,NULL,'APROBADA','2023-01-02',NULL,'2023-05-11','marta.anguita@baumcontrol.es',15,'2023-01-26 14:32:24','2023-05-11 13:32:27'),(67,8,19,1,NULL,'APROBADA','2023-01-03',NULL,'2023-05-11','marta.anguita@baumcontrol.es',15,'2023-01-26 14:32:38','2023-05-11 13:32:16'),(68,8,19,1,NULL,'APROBADA','2023-01-04',NULL,'2023-05-11','marta.anguita@baumcontrol.es',15,'2023-01-26 14:32:59','2023-05-11 13:32:07'),(69,8,19,1,NULL,'APROBADA','2023-01-05',NULL,'2023-05-11','marta.anguita@baumcontrol.es',15,'2023-01-26 14:33:12','2023-05-11 13:31:50'),(70,8,19,3,NULL,'APROBADA','2023-01-06',NULL,'2023-05-11','marta.anguita@baumcontrol.es',15,'2023-01-26 14:33:29','2023-05-11 13:31:40'),(71,8,19,4,NULL,'APROBADA','2023-01-17',NULL,'2023-05-11','marta.anguita@baumcontrol.es',15,'2023-01-26 14:45:29','2023-05-11 13:31:29'),(72,8,19,4,NULL,'APROBADA','2023-01-18',NULL,'2023-05-11','marta.anguita@baumcontrol.es',15,'2023-01-26 14:45:41','2023-05-11 13:31:26'),(73,8,19,4,NULL,'APROBADA','2023-01-19',NULL,'2023-05-11','marta.anguita@baumcontrol.es',15,'2023-01-26 14:47:03','2023-05-11 13:31:23'),(74,8,20,1,NULL,'APROBADA','2023-01-02',NULL,'2023-05-11','marta.anguita@baumcontrol.es',15,'2023-01-26 15:02:06','2023-05-11 13:32:35'),(76,8,20,1,NULL,'APROBADA','2023-01-03',NULL,'2023-05-11','marta.anguita@baumcontrol.es',15,'2023-01-26 15:09:58','2023-05-11 13:32:18'),(77,8,20,1,NULL,'APROBADA','2023-01-04',NULL,'2023-05-11','marta.anguita@baumcontrol.es',15,'2023-01-26 15:11:06','2023-05-11 13:32:09'),(78,8,20,1,NULL,'APROBADA','2023-01-05',NULL,'2023-05-11','marta.anguita@baumcontrol.es',15,'2023-01-26 15:12:20','2023-05-11 13:31:52'),(79,9,10,1,NULL,'APROBADA','2023-01-02',NULL,'2023-01-31','josemanuel.blanco@baumcontrol.es',3,'2023-01-27 07:06:53','2023-01-31 12:14:38'),(80,9,10,1,NULL,'APROBADA','2023-01-03',NULL,'2023-01-31','josemanuel.blanco@baumcontrol.es',3,'2023-01-27 07:07:11','2023-01-31 12:15:02'),(81,9,10,1,NULL,'APROBADA','2023-01-04',NULL,'2023-01-31','josemanuel.blanco@baumcontrol.es',3,'2023-01-27 07:07:25','2023-01-31 12:15:05'),(82,9,10,1,NULL,'APROBADA','2023-01-05',NULL,'2023-03-03','josemanuel.blanco@baumcontrol.es',3,'2023-01-27 07:07:43','2023-03-03 11:17:58'),(83,6,10,3,NULL,'APROBADA','2023-01-06',NULL,'2023-01-31','josemanuel.blanco@baumcontrol.es',3,'2023-01-27 07:07:57','2023-01-31 12:13:43'),(84,4,8,2,NULL,'APROBADA','2023-01-26',NULL,'2023-01-31','josemanuel.blanco@baumcontrol.es',3,'2023-01-27 07:54:55','2023-01-31 12:02:15'),(85,2,19,7,NULL,'APROBADA','2023-01-16',NULL,'2023-05-11','marta.anguita@baumcontrol.es',15,'2023-01-27 08:29:07','2023-05-11 13:31:31'),(86,8,19,7,NULL,'APROBADA','2023-01-24',NULL,'2023-05-11','marta.anguita@baumcontrol.es',15,'2023-01-27 08:29:25','2023-05-11 13:31:13'),(93,9,6,1,NULL,'APROBADA','2023-01-16',NULL,'2023-03-03','josemanuel.blanco@baumcontrol.es',3,'2023-01-31 18:32:13','2023-03-03 11:17:45'),(94,9,6,1,NULL,'APROBADA','2023-01-17',NULL,'2023-03-03','josemanuel.blanco@baumcontrol.es',3,'2023-01-31 18:32:33','2023-03-03 11:17:44'),(95,9,6,1,NULL,'APROBADA','2023-01-18',NULL,'2023-03-03','josemanuel.blanco@baumcontrol.es',3,'2023-01-31 18:32:48','2023-03-03 11:17:42'),(96,9,6,1,NULL,'APROBADA','2023-01-19',NULL,'2023-03-03','josemanuel.blanco@baumcontrol.es',3,'2023-01-31 18:33:06','2023-03-03 11:17:24'),(97,6,6,1,NULL,'APROBADA','2023-01-20',NULL,'2023-03-03','josemanuel.blanco@baumcontrol.es',3,'2023-01-31 18:33:29','2023-03-03 11:17:27'),(98,9,6,1,NULL,'APROBADA','2022-12-27',NULL,'2023-03-03','josemanuel.blanco@baumcontrol.es',3,'2023-01-31 18:34:16','2023-03-03 11:18:27'),(99,9,6,1,NULL,'APROBADA','2022-12-28',NULL,'2023-03-03','josemanuel.blanco@baumcontrol.es',3,'2023-01-31 18:34:42','2023-03-03 11:18:23'),(100,9,6,1,NULL,'APROBADA','2022-12-29',NULL,'2023-03-03','josemanuel.blanco@baumcontrol.es',3,'2023-01-31 18:35:15','2023-03-03 11:18:21'),(101,6,6,1,NULL,'APROBADA','2022-12-30',NULL,'2023-03-03','josemanuel.blanco@baumcontrol.es',3,'2023-01-31 18:35:38','2023-03-03 11:18:19'),(103,8,20,3,NULL,'APROBADA','2023-01-06',NULL,'2023-05-11','marta.anguita@baumcontrol.es',15,'2023-02-02 08:01:18','2023-05-11 13:31:43'),(104,8,20,4,NULL,'APROBADA','2023-01-31',NULL,'2023-05-11','marta.anguita@baumcontrol.es',15,'2023-02-02 08:05:15','2023-05-11 13:31:08'),(105,8,19,4,NULL,'APROBADA','2023-01-31',NULL,'2023-05-11','marta.anguita@baumcontrol.es',15,'2023-02-02 08:13:09','2023-05-11 13:31:10'),(106,8,19,4,NULL,'APROBADA','2023-02-01',NULL,'2023-05-11','marta.anguita@baumcontrol.es',15,'2023-02-02 08:13:44','2023-05-11 13:30:57'),(109,4,8,7,NULL,'APROBADA','2023-02-03',NULL,'2023-05-11','marta.anguita@baumcontrol.es',15,'2023-02-03 15:16:52','2023-05-11 13:30:55'),(111,9,13,1,NULL,'APROBADA','2023-02-06',NULL,'2023-03-03','josemanuel.blanco@baumcontrol.es',3,'2023-02-07 06:39:16','2023-03-03 11:16:52'),(115,1,8,7,NULL,'APROBADA','2023-02-07',NULL,'2023-05-11','marta.anguita@baumcontrol.es',15,'2023-02-09 08:14:17','2023-05-11 13:30:53'),(117,2,6,7,NULL,'APROBADA','2023-02-01',NULL,'2023-05-11','marta.anguita@baumcontrol.es',15,'2023-02-12 17:58:02','2023-05-11 13:31:03'),(119,5,8,7,NULL,'APROBADA','2023-02-10',NULL,'2023-05-11','marta.anguita@baumcontrol.es',15,'2023-02-13 08:49:18','2023-05-11 13:30:47'),(121,6,12,3,NULL,'APROBADA','2023-01-06',NULL,'2023-05-11','marta.anguita@baumcontrol.es',15,'2023-02-14 07:52:37','2023-05-11 13:31:46'),(123,8,19,7,NULL,'APROBADA','2023-02-20',NULL,'2023-05-11','marta.anguita@baumcontrol.es',15,'2023-02-21 13:33:22','2023-05-11 13:30:15'),(124,5,8,7,NULL,'APROBADA','2023-02-17',NULL,'2023-05-11','marta.anguita@baumcontrol.es',15,'2023-02-23 10:15:38','2023-05-11 13:30:18'),(125,8,20,1,NULL,'APROBADA','2023-02-24',NULL,'2023-05-11','marta.anguita@baumcontrol.es',15,'2023-03-03 13:29:05','2023-05-11 13:30:13'),(126,8,20,1,NULL,'APROBADA','2023-02-27',NULL,'2023-05-11','marta.anguita@baumcontrol.es',15,'2023-03-03 13:29:29','2023-05-11 13:30:11'),(127,4,13,6,NULL,'APROBADA','2023-03-03',NULL,'2023-05-11','marta.anguita@baumcontrol.es',15,'2023-03-09 13:22:51','2023-05-11 13:30:09'),(128,3,6,7,NULL,'APROBADA','2023-03-13',NULL,'2023-05-11','marta.anguita@baumcontrol.es',15,'2023-03-20 10:51:30','2023-05-11 13:30:06'),(129,9,10,3,NULL,'APROBADA','2023-03-20',NULL,'2023-05-11','marta.anguita@baumcontrol.es',15,'2023-03-21 07:24:21','2023-05-11 13:29:37'),(130,9,12,3,NULL,'APROBADA','2023-03-20',NULL,'2023-05-11','marta.anguita@baumcontrol.es',15,'2023-03-22 17:01:52','2023-05-11 13:29:43'),(131,9,7,3,NULL,'APROBADA','2023-03-20',NULL,'2023-05-11','marta.anguita@baumcontrol.es',15,'2023-03-23 07:01:10','2023-05-11 13:29:46'),(132,8,19,3,NULL,'APROBADA','2023-03-20',NULL,'2023-05-11','marta.anguita@baumcontrol.es',15,'2023-03-23 08:34:42','2023-05-11 13:29:49'),(133,1,11,2,NULL,'APROBADA','2023-03-06',NULL,'2023-05-11','marta.anguita@baumcontrol.es',15,'2023-03-24 08:36:35','2023-05-11 13:30:07'),(134,5,11,2,NULL,'APROBADA','2023-03-15',NULL,'2023-05-11','marta.anguita@baumcontrol.es',15,'2023-03-24 08:53:17','2023-05-11 13:30:03'),(135,5,11,2,NULL,'APROBADA','2023-03-21',NULL,'2023-05-11','marta.anguita@baumcontrol.es',15,'2023-03-24 08:58:54','2023-05-11 13:29:35'),(136,5,11,2,NULL,'APROBADA','2023-03-22',NULL,'2023-05-11','marta.anguita@baumcontrol.es',15,'2023-03-24 08:59:27','2023-05-11 13:29:33'),(137,5,11,2,NULL,'APROBADA','2023-03-23',NULL,'2023-05-11','marta.anguita@baumcontrol.es',15,'2023-03-24 08:59:52','2023-05-11 13:29:31'),(138,5,11,2,NULL,'APROBADA','2023-03-27',NULL,'2023-05-11','marta.anguita@baumcontrol.es',15,'2023-03-27 15:30:59','2023-05-11 13:29:26'),(139,5,11,2,NULL,'APROBADA','2023-03-28',NULL,'2023-05-11','marta.anguita@baumcontrol.es',15,'2023-03-28 15:34:24','2023-05-11 13:29:24'),(141,5,11,2,NULL,'APROBADA','2023-03-29',NULL,'2023-05-11','marta.anguita@baumcontrol.es',15,'2023-03-29 15:21:01','2023-05-11 13:29:22'),(142,9,12,1,NULL,'APROBADA','2023-04-03',NULL,'2023-05-11','marta.anguita@baumcontrol.es',15,'2023-03-31 09:52:15','2023-05-11 13:29:18'),(143,9,12,1,NULL,'APROBADA','2023-04-04',NULL,'2023-05-11','marta.anguita@baumcontrol.es',15,'2023-03-31 09:52:34','2023-05-11 13:29:16'),(144,9,12,1,NULL,'APROBADA','2023-04-05',NULL,'2023-05-11','marta.anguita@baumcontrol.es',15,'2023-03-31 09:52:54','2023-05-11 13:29:13'),(145,9,12,1,NULL,'APROBADA','2023-04-10',NULL,'2023-05-11','marta.anguita@baumcontrol.es',15,'2023-03-31 09:53:11','2023-05-11 13:25:50'),(146,9,12,3,NULL,'APROBADA','2023-04-06',NULL,'2023-05-11','marta.anguita@baumcontrol.es',15,'2023-03-31 09:53:33','2023-05-11 13:28:31'),(147,6,12,3,NULL,'APROBADA','2023-04-07',NULL,'2023-05-11','marta.anguita@baumcontrol.es',15,'2023-03-31 09:53:51','2023-05-11 13:25:55'),(148,0.5,11,2,NULL,'APROBADA','2023-03-31',NULL,'2023-05-11','marta.anguita@baumcontrol.es',15,'2023-03-31 11:46:14','2023-05-11 13:29:20'),(149,9,6,3,NULL,'APROBADA','2023-03-20',NULL,'2023-05-11','marta.anguita@baumcontrol.es',15,'2023-04-01 09:25:46','2023-05-11 13:30:01'),(150,8,19,1,NULL,'APROBADA','2023-03-27',NULL,'2023-05-11','marta.anguita@baumcontrol.es',15,'2023-04-10 07:48:36','2023-05-11 13:29:28'),(151,8,19,3,NULL,'APROBADA','2023-04-06',NULL,'2023-05-11','marta.anguita@baumcontrol.es',15,'2023-04-10 07:51:15','2023-05-11 13:28:33'),(152,8,19,3,NULL,'APROBADA','2023-04-07',NULL,'2023-05-11','marta.anguita@baumcontrol.es',15,'2023-04-10 07:51:26','2023-05-11 13:25:58'),(153,9,10,3,NULL,'APROBADA','2023-04-06',NULL,'2023-05-11','marta.anguita@baumcontrol.es',15,'2023-04-10 08:24:25','2023-05-11 13:28:35'),(154,6,10,3,NULL,'APROBADA','2023-04-07',NULL,'2023-05-11','marta.anguita@baumcontrol.es',15,'2023-04-10 08:24:43','2023-05-11 13:26:00'),(155,9,13,1,NULL,'APROBADA','2023-04-10',NULL,'2023-05-11','marta.anguita@baumcontrol.es',15,'2023-04-11 04:59:30','2023-05-11 13:25:52'),(156,9,6,3,NULL,'APROBADA','2023-04-06',NULL,'2023-05-11','marta.anguita@baumcontrol.es',15,'2023-04-17 06:18:29','2023-05-11 13:28:38'),(157,6,6,3,NULL,'APROBADA','2023-04-07',NULL,'2023-05-11','marta.anguita@baumcontrol.es',15,'2023-04-17 06:18:41','2023-05-11 13:26:03'),(158,1,6,5,NULL,'APROBADA','2023-04-12',NULL,'2023-05-11','marta.anguita@baumcontrol.es',15,'2023-04-17 06:24:34','2023-05-11 13:25:40'),(159,9,8,3,NULL,'APROBADA','2023-04-06',NULL,'2023-05-11','marta.anguita@baumcontrol.es',15,'2023-04-17 08:58:23','2023-05-11 13:28:43'),(160,6,8,3,NULL,'APROBADA','2023-04-07',NULL,'2023-05-11','marta.anguita@baumcontrol.es',15,'2023-04-17 08:58:35','2023-05-11 13:26:05'),(161,9,8,1,NULL,'APROBADA','2023-04-12',NULL,'2023-05-11','marta.anguita@baumcontrol.es',15,'2023-04-17 08:58:49','2023-05-11 13:25:44'),(162,9,8,1,NULL,'APROBADA','2023-04-13',NULL,'2023-05-11','marta.anguita@baumcontrol.es',15,'2023-04-17 08:59:04','2023-05-11 13:25:33'),(163,6,8,1,NULL,'APROBADA','2023-04-14',NULL,'2023-05-11','marta.anguita@baumcontrol.es',15,'2023-04-17 08:59:11','2023-05-11 13:25:24'),(164,9,12,3,NULL,'APROBADA','2023-05-01',NULL,'2023-05-11','marta.anguita@baumcontrol.es',15,'2023-04-27 06:21:14','2023-05-11 13:25:05'),(165,9,12,3,NULL,'APROBADA','2023-05-02',NULL,'2023-05-11','marta.anguita@baumcontrol.es',15,'2023-04-27 06:21:30','2023-05-11 13:24:49'),(166,9,10,3,NULL,'APROBADA','2023-05-01',NULL,'2023-05-11','marta.anguita@baumcontrol.es',15,'2023-05-03 06:14:54','2023-05-11 13:25:10'),(167,9,10,3,NULL,'APROBADA','2023-05-02',NULL,'2023-05-11','marta.anguita@baumcontrol.es',15,'2023-05-03 06:15:09','2023-05-11 13:24:56'),(168,9,8,3,NULL,'APROBADA','2023-05-01',NULL,'2023-05-11','marta.anguita@baumcontrol.es',15,'2023-05-03 11:54:45','2023-05-11 13:25:13'),(169,9,8,3,NULL,'APROBADA','2023-05-02',NULL,'2023-05-11','marta.anguita@baumcontrol.es',15,'2023-05-03 11:54:53','2023-05-11 13:25:00'),(170,9,7,3,NULL,'APROBADA','2023-04-06',NULL,'2023-05-11','marta.anguita@baumcontrol.es',15,'2023-05-07 20:32:37','2023-05-11 13:29:10'),(171,6,7,3,NULL,'APROBADA','2023-04-07',NULL,'2023-05-11','marta.anguita@baumcontrol.es',15,'2023-05-07 20:32:48','2023-05-11 13:28:29'),(172,8,19,3,NULL,'APROBADA','2023-05-01',NULL,'2023-05-11','marta.anguita@baumcontrol.es',15,'2023-05-09 08:08:41','2023-05-11 13:25:19'),(173,8,19,3,NULL,'APROBADA','2023-05-02',NULL,'2023-05-11','marta.anguita@baumcontrol.es',15,'2023-05-09 08:08:55','2023-05-11 13:25:02'),(174,2,11,7,NULL,'NO APROBADA','2023-05-09',NULL,NULL,NULL,NULL,'2023-05-10 06:23:41','2023-05-10 06:23:41'),(175,9,13,1,NULL,'NO APROBADA','2023-05-08',NULL,NULL,NULL,NULL,'2023-05-12 06:46:39','2023-05-12 06:46:39'),(176,9,8,3,NULL,'NO APROBADA','2023-05-15',NULL,NULL,NULL,NULL,'2023-05-12 08:57:32','2023-05-12 08:57:32'),(177,9,10,3,NULL,'NO APROBADA','2023-05-15',NULL,NULL,NULL,NULL,'2023-05-14 10:08:21','2023-05-14 10:08:21'),(178,9,6,3,NULL,'NO APROBADA','2023-05-01',NULL,NULL,NULL,NULL,'2023-05-16 06:04:49','2023-05-16 06:04:49'),(179,9,6,3,NULL,'NO APROBADA','2023-05-02',NULL,NULL,NULL,NULL,'2023-05-16 06:05:11','2023-05-16 06:05:11'),(180,9,6,3,NULL,'NO APROBADA','2023-05-15',NULL,NULL,NULL,NULL,'2023-05-16 06:09:17','2023-05-16 06:09:17'),(181,9,11,3,NULL,'NO APROBADA','2023-05-15',NULL,NULL,NULL,NULL,'2023-05-16 09:47:19','2023-05-16 09:47:19'),(182,9,11,3,NULL,'NO APROBADA','2023-05-01',NULL,NULL,NULL,NULL,'2023-05-16 09:48:07','2023-05-16 09:48:07'),(183,9,11,3,NULL,'NO APROBADA','2023-05-02',NULL,NULL,NULL,NULL,'2023-05-16 09:48:28','2023-05-16 09:48:28'),(184,6,17,3,NULL,'NO APROBADA','2023-01-06',NULL,NULL,NULL,NULL,'2023-05-16 09:48:46','2023-05-16 09:48:46'),(185,6,17,3,NULL,'NO APROBADA','2023-04-07',NULL,NULL,NULL,NULL,'2023-05-16 09:51:18','2023-05-16 09:51:18'),(186,9,17,3,NULL,'NO APROBADA','2023-04-06',NULL,NULL,NULL,NULL,'2023-05-16 09:51:43','2023-05-16 09:51:43'),(187,9,11,3,NULL,'NO APROBADA','2023-04-06',NULL,NULL,NULL,NULL,'2023-05-16 09:52:04','2023-05-16 09:52:04'),(188,9,17,3,NULL,'NO APROBADA','2023-05-01',NULL,NULL,NULL,NULL,'2023-05-16 09:52:08','2023-05-16 09:52:08'),(189,9,17,3,NULL,'NO APROBADA','2023-05-02',NULL,NULL,NULL,NULL,'2023-05-16 09:52:21','2023-05-16 09:52:21'),(190,9,17,3,NULL,'NO APROBADA','2023-05-15',NULL,NULL,NULL,NULL,'2023-05-16 09:52:53','2023-05-16 09:52:53'),(191,6,11,3,NULL,'NO APROBADA','2023-04-07',NULL,NULL,NULL,NULL,'2023-05-16 09:54:00','2023-05-16 09:54:00'),(192,8,19,3,NULL,'NO APROBADA','2023-05-15',NULL,NULL,NULL,NULL,'2023-05-16 14:18:12','2023-05-16 14:18:12'),(193,9,5,3,NULL,'NO APROBADA','2023-05-20',NULL,NULL,NULL,NULL,NULL,NULL),(197,9,12,3,NULL,'NO APROBADA','2023-05-15',NULL,NULL,NULL,NULL,NULL,NULL);
/*!40000 ALTER TABLE `exception_hours` ENABLE KEYS */;
UNLOCK TABLES;

--
-- Table structure for table `exception_works`
--

DROP TABLE IF EXISTS `exception_works`;
/*!40101 SET @saved_cs_client     = @@character_set_client */;
/*!50503 SET character_set_client = utf8mb4 */;
CREATE TABLE `exception_works` (
  `id` bigint unsigned NOT NULL AUTO_INCREMENT,
  `code` varchar(255) COLLATE utf8mb4_unicode_ci NOT NULL,
  `name` varchar(255) COLLATE utf8mb4_unicode_ci NOT NULL,
  `km_total` double(8,2) DEFAULT NULL,
  `hour_total` double(8,2) DEFAULT NULL,
  `created_at` timestamp NULL DEFAULT NULL,
  `updated_at` timestamp NULL DEFAULT NULL,
  PRIMARY KEY (`id`)
) ENGINE=InnoDB AUTO_INCREMENT=8 DEFAULT CHARSET=utf8mb4 COLLATE=utf8mb4_unicode_ci;
/*!40101 SET character_set_client = @saved_cs_client */;

--
-- Dumping data for table `exception_works`
--

LOCK TABLES `exception_works` WRITE;
/*!40000 ALTER TABLE `exception_works` DISABLE KEYS */;
INSERT INTO `exception_works` VALUES (1,'A01','VACACIONES',NULL,NULL,'2022-12-15 15:10:54','2022-12-15 15:10:54'),(2,'A02','FORMACIONES',NULL,NULL,'2022-12-15 15:11:13','2022-12-15 15:11:13'),(3,'A03','FESTIVO',NULL,NULL,'2022-12-15 15:11:27','2022-12-15 15:11:27'),(4,'A04','BAJA LABORAL ',NULL,NULL,'2022-12-15 15:11:38','2022-12-15 15:11:38'),(5,'A05','HORAS  NO PRODUCTIVAS',NULL,NULL,'2022-12-15 15:11:55','2022-12-22 16:13:40'),(6,'A06','COMPENSACIÓN HORAS EXTRAS',NULL,NULL,'2022-12-22 15:30:18','2022-12-22 16:14:05'),(7,'A07','MÉDICO',NULL,NULL,'2023-01-26 16:10:47','2023-01-26 16:11:51');
/*!40000 ALTER TABLE `exception_works` ENABLE KEYS */;
UNLOCK TABLES;

--
-- Table structure for table `failed_jobs`
--

DROP TABLE IF EXISTS `failed_jobs`;
/*!40101 SET @saved_cs_client     = @@character_set_client */;
/*!50503 SET character_set_client = utf8mb4 */;
CREATE TABLE `failed_jobs` (
  `id` bigint unsigned NOT NULL AUTO_INCREMENT,
  `uuid` varchar(255) COLLATE utf8mb4_unicode_ci NOT NULL,
  `connection` text COLLATE utf8mb4_unicode_ci NOT NULL,
  `queue` text COLLATE utf8mb4_unicode_ci NOT NULL,
  `payload` longtext COLLATE utf8mb4_unicode_ci NOT NULL,
  `exception` longtext COLLATE utf8mb4_unicode_ci NOT NULL,
  `failed_at` timestamp NOT NULL DEFAULT CURRENT_TIMESTAMP,
  PRIMARY KEY (`id`),
  UNIQUE KEY `failed_jobs_uuid_unique` (`uuid`)
) ENGINE=InnoDB DEFAULT CHARSET=utf8mb4 COLLATE=utf8mb4_unicode_ci;
/*!40101 SET character_set_client = @saved_cs_client */;

--
-- Dumping data for table `failed_jobs`
--

LOCK TABLES `failed_jobs` WRITE;
/*!40000 ALTER TABLE `failed_jobs` DISABLE KEYS */;
/*!40000 ALTER TABLE `failed_jobs` ENABLE KEYS */;
UNLOCK TABLES;

--
-- Table structure for table `gastos`
--

DROP TABLE IF EXISTS `gastos`;
/*!40101 SET @saved_cs_client     = @@character_set_client */;
/*!50503 SET character_set_client = utf8mb4 */;
CREATE TABLE `gastos` (
  `id` int NOT NULL AUTO_INCREMENT,
  `estado` enum('APROBADA','NO APROBADA') DEFAULT 'NO APROBADA',
  `nombre` varchar(250) DEFAULT NULL,
  `last_name` varchar(250) DEFAULT NULL,
  `work_id` bigint unsigned DEFAULT NULL,
  `fecha` date DEFAULT NULL,
  `tipo_gasto` varchar(50) DEFAULT NULL,
  `importe` float DEFAULT NULL,
  `comentario` varchar(250) DEFAULT NULL,
  `user_id` bigint unsigned DEFAULT NULL,
  `who_approve` varchar(250) DEFAULT NULL,
  `alta_gasto` date DEFAULT NULL,
  PRIMARY KEY (`id`),
  KEY `fk_work_id` (`work_id`),
  KEY `fk_user_id` (`user_id`),
  CONSTRAINT `fk_user_id` FOREIGN KEY (`user_id`) REFERENCES `users` (`id`),
  CONSTRAINT `fk_work_id` FOREIGN KEY (`work_id`) REFERENCES `works` (`id`)
) ENGINE=InnoDB AUTO_INCREMENT=28 DEFAULT CHARSET=utf8mb4 COLLATE=utf8mb4_0900_ai_ci;
/*!40101 SET character_set_client = @saved_cs_client */;

--
-- Dumping data for table `gastos`
--

LOCK TABLES `gastos` WRITE;
/*!40000 ALTER TABLE `gastos` DISABLE KEYS */;
INSERT INTO `gastos` VALUES (16,'NO APROBADA','BDE Pliego Banco de España',NULL,7,'2023-05-22','KM',15.5,'',8,NULL,'2023-05-24'),(17,'NO APROBADA','BDE Pliego Banco de España',NULL,7,'2023-05-22','KM',15.5,'',11,NULL,'2023-05-24'),(18,'NO APROBADA','BDE Pliego Banco de España',NULL,7,'2023-05-23','KM',15.5,'',8,NULL,'2023-05-24'),(20,'NO APROBADA','RTVE Mantenimiento',NULL,54,'2023-05-23','KM',7,'',20,NULL,'2023-05-24'),(21,'NO APROBADA','RTVE Mantenimiento',NULL,54,'2023-05-22','VARIOS',25.4,'Abono Transportes B1',19,NULL,'2023-05-24'),(23,'NO APROBADA','BDE Pliego Banco de España',NULL,7,'2023-05-23','KM',15.5,'',11,NULL,'2023-05-24'),(24,'NO APROBADA','BDE Pliego Banco de España',NULL,7,'2023-05-24','KM',15.5,'',11,NULL,'2023-05-24'),(25,'NO APROBADA','BDE Pliego Banco de España',NULL,7,'2023-05-24','KM',15.5,'',8,NULL,'2023-05-25'),(26,'NO APROBADA','BDE Pliego Banco de España',NULL,7,'2023-05-25','KM',15.5,'',8,NULL,'2023-05-25'),(27,'NO APROBADA','BDE Pliego Banco de España',NULL,7,'2023-05-25','KM',15.5,'',11,NULL,'2023-05-25');
/*!40000 ALTER TABLE `gastos` ENABLE KEYS */;
UNLOCK TABLES;

--
-- Table structure for table `hours`
--

DROP TABLE IF EXISTS `hours`;
/*!40101 SET @saved_cs_client     = @@character_set_client */;
/*!50503 SET character_set_client = utf8mb4 */;
CREATE TABLE `hours` (
  `id` bigint unsigned NOT NULL AUTO_INCREMENT,
  `hour` double NOT NULL DEFAULT '0',
  `user_id` bigint unsigned NOT NULL,
  `work_id` bigint unsigned NOT NULL,
  `distancia` double(8,2) DEFAULT NULL,
  `status` enum('APROBADA','NO APROBADA') COLLATE utf8mb4_unicode_ci NOT NULL DEFAULT 'NO APROBADA',
  `date` date NOT NULL,
  `created_at` timestamp NULL DEFAULT NULL,
  `updated_at` timestamp NULL DEFAULT NULL,
  `who_approve` varchar(255) COLLATE utf8mb4_unicode_ci DEFAULT NULL,
  `id_who_approve` int DEFAULT NULL,
  `when_approve` date DEFAULT NULL,
  `comment` longtext COLLATE utf8mb4_unicode_ci,
  `register` tinyint(1) DEFAULT '0',
  `hour_real` double DEFAULT NULL,
  PRIMARY KEY (`id`),
  KEY `hours_user_id_foreign` (`user_id`),
  KEY `hours_work_id_foreign` (`work_id`),
  CONSTRAINT `hours_user_id_foreign` FOREIGN KEY (`user_id`) REFERENCES `users` (`id`),
  CONSTRAINT `hours_work_id_foreign` FOREIGN KEY (`work_id`) REFERENCES `works` (`id`)
) ENGINE=InnoDB AUTO_INCREMENT=1576 DEFAULT CHARSET=utf8mb4 COLLATE=utf8mb4_unicode_ci;
/*!40101 SET character_set_client = @saved_cs_client */;

--
-- Dumping data for table `hours`
--

LOCK TABLES `hours` WRITE;
/*!40000 ALTER TABLE `hours` DISABLE KEYS */;
INSERT INTO `hours` VALUES (8,9,5,29,NULL,'APROBADA','2022-12-12','2022-12-12 15:27:45','2022-12-12 17:16:32','marta.anguita@baumcontrol.es',15,NULL,NULL,0,NULL),(9,6,5,29,NULL,'APROBADA','2022-12-13','2022-12-12 15:28:28','2022-12-15 07:29:20','marta.anguita@baumcontrol.es',15,'2022-12-15',NULL,0,NULL),(10,7,8,7,NULL,'APROBADA','2022-12-12','2022-12-12 15:29:09','2022-12-20 07:24:32','josemanuel.blanco@baumcontrol.es',3,'2022-12-20',NULL,0,NULL),(11,6,5,19,NULL,'APROBADA','2022-12-07','2022-12-12 15:29:14','2022-12-13 14:15:23','s_javier.ordonez@baumcontrol.es',16,NULL,NULL,0,NULL),(12,2,8,29,NULL,'APROBADA','2022-12-12','2022-12-12 15:29:34','2022-12-13 08:38:33','marta.anguita@baumcontrol.es',15,NULL,NULL,0,NULL),(13,6,5,29,NULL,'APROBADA','2022-12-09','2022-12-12 15:31:12','2022-12-12 17:20:02','marta.anguita@baumcontrol.es',15,NULL,NULL,0,NULL),(14,9,7,34,NULL,'APROBADA','2022-12-12','2022-12-12 16:18:58','2022-12-20 07:33:55','josemanuel.blanco@baumcontrol.es',3,'2022-12-20',NULL,0,NULL),(15,2,15,31,NULL,'APROBADA','2022-12-12','2022-12-12 17:18:38','2022-12-13 14:21:01','marta.anguita@baumcontrol.es',15,NULL,NULL,0,NULL),(16,9,10,26,NULL,'APROBADA','2022-12-12','2022-12-12 19:16:18','2022-12-13 14:14:50','s_javier.ordonez@baumcontrol.es',16,NULL,NULL,0,NULL),(17,10,13,26,NULL,'APROBADA','2022-12-12','2022-12-12 19:20:26','2022-12-13 14:14:56','s_javier.ordonez@baumcontrol.es',16,NULL,NULL,0,NULL),(18,2,11,24,NULL,'APROBADA','2022-11-28','2022-12-13 07:56:25','2022-12-14 07:27:40','marta.anguita@baumcontrol.es',15,'2022-12-14',NULL,0,NULL),(19,2,11,32,NULL,'APROBADA','2022-11-28','2022-12-13 07:57:08','2022-12-14 07:27:46','marta.anguita@baumcontrol.es',15,'2022-12-14',NULL,0,NULL),(21,1,11,24,NULL,'APROBADA','2022-11-30','2022-12-13 07:59:09','2022-12-14 07:27:34','marta.anguita@baumcontrol.es',15,'2022-12-14',NULL,0,NULL),(24,9,9,7,NULL,'APROBADA','2022-12-12','2022-12-13 08:03:37','2022-12-20 07:24:37','josemanuel.blanco@baumcontrol.es',3,'2022-12-20',NULL,0,NULL),(25,5,9,30,NULL,'APROBADA','2022-12-13','2022-12-13 12:46:49','2022-12-20 16:22:15','s_javier.ordonez@baumcontrol.es',16,'2022-12-20',NULL,0,NULL),(26,4,9,7,NULL,'APROBADA','2022-12-13','2022-12-13 12:47:18','2022-12-20 07:24:24','josemanuel.blanco@baumcontrol.es',3,'2022-12-20',NULL,0,NULL),(27,1,5,24,NULL,'APROBADA','2022-12-13','2022-12-13 13:21:20','2022-12-15 07:28:54','marta.anguita@baumcontrol.es',15,'2022-12-15',NULL,0,NULL),(28,3,5,4,NULL,'APROBADA','2022-12-13','2022-12-13 13:21:46','2022-12-20 07:38:15','josemanuel.blanco@baumcontrol.es',3,'2022-12-20',NULL,0,NULL),(29,9,5,29,NULL,'APROBADA','2022-12-05','2022-12-13 13:30:28','2022-12-15 07:29:06','marta.anguita@baumcontrol.es',15,'2022-12-15',NULL,0,NULL),(30,9,15,54,NULL,'APROBADA','2022-12-05','2022-12-13 14:16:53','2022-12-29 11:33:07','s_javier.ordonez@baumcontrol.es',16,'2022-12-20','SUSTITUCIÓN VACACIONES',0,NULL),(31,9,15,54,NULL,'APROBADA','2022-12-07','2022-12-13 14:28:15','2022-12-29 11:33:16','s_javier.ordonez@baumcontrol.es',16,'2022-12-20','SUSTITUCIÓN VACACIONES',0,NULL),(32,6,15,54,NULL,'APROBADA','2022-12-09','2022-12-13 14:29:03','2022-12-29 11:33:24','s_javier.ordonez@baumcontrol.es',16,'2022-12-20','SUSTITUCIÓN VACACIONES\n',0,NULL),(33,5,8,29,NULL,'APROBADA','2022-12-13','2022-12-13 16:21:14','2022-12-15 07:46:37','marta.anguita@baumcontrol.es',15,'2022-12-15',NULL,0,NULL),(34,4,8,7,NULL,'APROBADA','2022-12-13','2022-12-13 16:21:29','2022-12-20 07:16:18','josemanuel.blanco@baumcontrol.es',3,'2022-12-20',NULL,0,NULL),(35,9,10,26,NULL,'APROBADA','2022-12-13','2022-12-13 18:17:23','2022-12-20 16:22:19','s_javier.ordonez@baumcontrol.es',16,'2022-12-20',NULL,0,NULL),(36,10,13,26,NULL,'APROBADA','2022-12-13','2022-12-13 19:00:09','2022-12-20 16:22:21','s_javier.ordonez@baumcontrol.es',16,'2022-12-20',NULL,0,NULL),(37,10,14,26,NULL,'APROBADA','2022-12-12','2022-12-14 07:22:52','2022-12-20 16:22:39','s_javier.ordonez@baumcontrol.es',16,'2022-12-20',NULL,0,NULL),(38,10,14,26,NULL,'APROBADA','2022-12-13','2022-12-14 07:24:55','2022-12-20 16:22:28','s_javier.ordonez@baumcontrol.es',16,'2022-12-20',NULL,0,NULL),(39,9,7,34,NULL,'APROBADA','2022-12-13','2022-12-14 07:27:44','2022-12-20 07:33:52','josemanuel.blanco@baumcontrol.es',3,'2022-12-20',NULL,0,NULL),(50,9,9,7,NULL,'APROBADA','2022-12-14','2022-12-14 16:15:37','2022-12-20 07:16:14','josemanuel.blanco@baumcontrol.es',3,'2022-12-20',NULL,0,NULL),(51,5,8,7,NULL,'APROBADA','2022-12-14','2022-12-14 16:17:55','2022-12-20 07:16:04','josemanuel.blanco@baumcontrol.es',3,'2022-12-20',NULL,0,NULL),(52,9,9,30,NULL,'APROBADA','2022-12-15','2022-12-14 16:18:02','2022-12-20 16:21:04','s_javier.ordonez@baumcontrol.es',16,'2022-12-20',NULL,0,NULL),(53,4,8,29,NULL,'APROBADA','2022-12-14','2022-12-14 16:18:11','2022-12-15 07:46:41','marta.anguita@baumcontrol.es',15,'2022-12-15',NULL,0,NULL),(54,6,9,7,NULL,'APROBADA','2022-12-16','2022-12-14 16:18:17','2022-12-19 16:00:34','josemanuel.blanco@baumcontrol.es',3,'2022-12-19',NULL,0,NULL),(55,7,9,128,NULL,'APROBADA','2022-12-01','2022-12-14 16:19:18','2022-12-20 16:26:54','s_javier.ordonez@baumcontrol.es',16,'2022-12-20',NULL,0,NULL),(56,2,9,30,NULL,'APROBADA','2022-12-01','2022-12-14 16:19:35','2022-12-20 16:26:58','s_javier.ordonez@baumcontrol.es',16,'2022-12-20',NULL,0,NULL),(57,5,9,123,NULL,'APROBADA','2022-12-02','2022-12-14 16:20:29','2022-12-20 16:26:39','s_javier.ordonez@baumcontrol.es',16,'2022-12-20',NULL,0,NULL),(58,1,9,7,NULL,'APROBADA','2022-12-02','2022-12-14 16:20:49','2022-12-19 15:54:29','josemanuel.blanco@baumcontrol.es',3,'2022-12-19',NULL,0,NULL),(59,9,9,30,NULL,'APROBADA','2022-12-05','2022-12-14 16:21:18','2022-12-20 16:26:29','s_javier.ordonez@baumcontrol.es',16,'2022-12-20',NULL,0,NULL),(60,6,9,128,NULL,'APROBADA','2022-12-07','2022-12-14 16:21:42','2022-12-20 16:26:15','s_javier.ordonez@baumcontrol.es',16,'2022-12-20',NULL,0,NULL),(61,3,9,30,NULL,'APROBADA','2022-12-07','2022-12-14 16:22:29','2022-12-20 16:25:54','s_javier.ordonez@baumcontrol.es',16,'2022-12-20',NULL,0,NULL),(62,6,9,30,NULL,'APROBADA','2022-12-09','2022-12-14 16:22:43','2022-12-20 16:22:48','s_javier.ordonez@baumcontrol.es',16,'2022-12-20',NULL,0,NULL),(63,9,6,54,NULL,'APROBADA','2022-12-05','2022-12-14 17:16:06','2022-12-15 07:29:49','marta.anguita@baumcontrol.es',15,'2022-12-15',NULL,0,NULL),(64,9,6,54,NULL,'APROBADA','2022-12-07','2022-12-14 17:17:00','2022-12-15 07:29:46','marta.anguita@baumcontrol.es',15,'2022-12-15',NULL,0,NULL),(65,6,6,185,NULL,'APROBADA','2022-12-09','2022-12-14 17:17:40','2023-01-20 09:00:49','lourdes.carrasquilla@baumcontrol.es',2,'2023-01-20',NULL,0,NULL),(66,7,6,198,NULL,'APROBADA','2022-12-12','2022-12-14 17:18:37','2022-12-20 16:22:32','s_javier.ordonez@baumcontrol.es',16,'2022-12-20',NULL,0,NULL),(67,2,6,185,NULL,'APROBADA','2022-12-12','2022-12-14 17:19:07','2022-12-20 16:22:35','s_javier.ordonez@baumcontrol.es',16,'2022-12-20',NULL,0,NULL),(68,7,6,198,NULL,'APROBADA','2022-12-13','2022-12-14 17:19:29','2022-12-20 16:22:07','s_javier.ordonez@baumcontrol.es',16,'2022-12-20',NULL,0,NULL),(69,2,6,185,NULL,'APROBADA','2022-12-13','2022-12-14 17:19:53','2022-12-20 16:22:11','s_javier.ordonez@baumcontrol.es',16,'2022-12-20',NULL,0,NULL),(70,7,6,198,NULL,'APROBADA','2022-12-14','2022-12-14 17:20:16','2022-12-20 16:21:35','s_javier.ordonez@baumcontrol.es',16,'2022-12-20',NULL,0,NULL),(71,2,6,185,NULL,'APROBADA','2022-12-14','2022-12-14 17:20:34','2022-12-20 16:21:39','s_javier.ordonez@baumcontrol.es',16,'2022-12-20',NULL,0,NULL),(72,6,6,22,NULL,'APROBADA','2022-12-02','2022-12-14 17:21:30','2022-12-20 07:39:51','josemanuel.blanco@baumcontrol.es',3,'2022-12-20',NULL,0,NULL),(73,6,6,22,NULL,'APROBADA','2022-12-01','2022-12-14 17:22:11','2023-01-13 07:25:52','josemanuel.blanco@baumcontrol.es',3,'2023-01-13','¿6 horas?\n- Si fui a una asistencia a la ATM a primera hora, que porcierto ha desaparecido de la web y la puse el otro dia.\nEso puede pasar?????',0,NULL),(74,9,6,22,NULL,'APROBADA','2022-11-30','2022-12-14 17:24:18','2022-12-20 08:15:38','josemanuel.blanco@baumcontrol.es',3,'2022-12-20',NULL,0,NULL),(75,9,6,56,NULL,'APROBADA','2022-11-29','2022-12-14 17:24:48','2022-12-15 07:46:19','marta.anguita@baumcontrol.es',15,'2022-12-15',NULL,0,NULL),(76,9,6,185,NULL,'APROBADA','2022-11-28','2022-12-14 17:25:24','2022-12-20 16:27:25','s_javier.ordonez@baumcontrol.es',16,'2022-12-20',NULL,0,NULL),(77,3,5,57,NULL,'APROBADA','2022-12-14','2022-12-14 18:55:26','2022-12-15 07:28:41','marta.anguita@baumcontrol.es',15,'2022-12-15',NULL,0,NULL),(78,6,5,29,NULL,'APROBADA','2022-12-14','2022-12-14 18:56:03','2022-12-15 07:28:48','marta.anguita@baumcontrol.es',15,'2022-12-15',NULL,0,NULL),(79,9,5,9,NULL,'APROBADA','2022-12-15','2022-12-14 18:56:49','2022-12-28 16:39:43','josemanuel.blanco@baumcontrol.es',3,'2022-12-19',NULL,0,NULL),(80,9,10,26,NULL,'APROBADA','2022-12-14','2022-12-14 19:20:15','2022-12-20 16:21:50','s_javier.ordonez@baumcontrol.es',16,'2022-12-20',NULL,0,NULL),(81,11,13,26,NULL,'APROBADA','2022-12-14','2022-12-14 21:33:59','2022-12-20 16:21:52','s_javier.ordonez@baumcontrol.es',16,'2022-12-20',NULL,0,NULL),(83,8,15,219,NULL,'APROBADA','2022-12-14','2022-12-15 07:43:15','2022-12-29 11:49:15','marta.anguita@baumcontrol.es',15,'2022-12-20',NULL,0,NULL),(84,6,8,7,NULL,'APROBADA','2022-12-15','2022-12-15 13:58:21','2022-12-20 07:15:59','josemanuel.blanco@baumcontrol.es',3,'2022-12-20',NULL,0,NULL),(85,3,8,29,NULL,'APROBADA','2022-12-15','2022-12-15 13:59:10','2022-12-19 08:26:00','marta.anguita@baumcontrol.es',15,'2022-12-19',NULL,0,NULL),(87,3,11,55,NULL,'APROBADA','2022-12-01','2022-12-16 07:24:29','2022-12-27 09:10:17','marta.anguita@baumcontrol.es',15,'2022-12-27',NULL,0,NULL),(88,2,11,26,NULL,'APROBADA','2022-12-02','2022-12-16 07:24:45','2022-12-20 16:26:42','s_javier.ordonez@baumcontrol.es',16,'2022-12-20',NULL,0,NULL),(89,2,11,55,NULL,'APROBADA','2022-11-29','2022-12-16 07:25:56','2022-12-27 09:10:25','marta.anguita@baumcontrol.es',15,'2022-12-27',NULL,0,NULL),(90,3,11,30,NULL,'APROBADA','2022-12-09','2022-12-16 07:27:38','2022-12-20 16:25:37','s_javier.ordonez@baumcontrol.es',16,'2022-12-20',NULL,0,NULL),(91,9,10,26,NULL,'APROBADA','2022-12-15','2022-12-16 09:29:14','2022-12-20 16:21:16','s_javier.ordonez@baumcontrol.es',16,'2022-12-20',NULL,0,NULL),(92,6,10,26,NULL,'APROBADA','2022-12-16','2022-12-16 09:29:29','2022-12-20 16:20:31','s_javier.ordonez@baumcontrol.es',16,'2022-12-20',NULL,0,NULL),(93,11,13,26,NULL,'APROBADA','2022-12-15','2022-12-16 10:16:09','2022-12-20 16:21:19','s_javier.ordonez@baumcontrol.es',16,'2022-12-20',NULL,0,NULL),(94,6,13,26,NULL,'APROBADA','2022-12-16','2022-12-16 10:17:57','2022-12-20 16:20:45','s_javier.ordonez@baumcontrol.es',16,'2022-12-20',NULL,0,NULL),(95,6,8,7,NULL,'APROBADA','2022-12-16','2022-12-16 10:54:05','2022-12-19 16:00:23','josemanuel.blanco@baumcontrol.es',3,'2022-12-19',NULL,0,NULL),(96,6,12,30,NULL,'APROBADA','2022-12-16','2022-12-16 16:29:02','2022-12-19 15:55:01','s_javier.ordonez@baumcontrol.es',16,'2022-12-19',NULL,0,NULL),(97,2,7,34,NULL,'APROBADA','2022-12-14','2022-12-18 11:46:53','2022-12-20 07:33:42','josemanuel.blanco@baumcontrol.es',3,'2022-12-20',NULL,0,NULL),(98,7,7,24,NULL,'APROBADA','2022-12-14','2022-12-18 11:51:54','2022-12-20 07:02:25','marta.anguita@baumcontrol.es',15,'2022-12-20',NULL,0,NULL),(99,2,7,115,NULL,'APROBADA','2022-12-15','2022-12-18 11:52:28','2022-12-19 16:04:55','josemanuel.blanco@baumcontrol.es',3,'2022-12-19',NULL,0,NULL),(100,3,7,24,NULL,'APROBADA','2022-12-15','2022-12-18 11:52:54','2022-12-19 08:23:16','marta.anguita@baumcontrol.es',15,'2022-12-19',NULL,0,NULL),(101,4,7,62,NULL,'APROBADA','2022-12-15','2022-12-18 11:53:54','2022-12-20 16:21:00','s_javier.ordonez@baumcontrol.es',16,'2022-12-20',NULL,0,NULL),(102,6,7,62,NULL,'APROBADA','2022-12-16','2022-12-18 11:55:01','2022-12-20 16:20:24','s_javier.ordonez@baumcontrol.es',16,'2022-12-20',NULL,0,NULL),(103,11,14,26,NULL,'APROBADA','2022-12-14','2022-12-18 20:10:00','2022-12-20 16:21:59','s_javier.ordonez@baumcontrol.es',16,'2022-12-20',NULL,0,NULL),(104,12,14,26,NULL,'APROBADA','2022-12-15','2022-12-18 20:10:19','2022-12-27 14:50:52','s_javier.ordonez@baumcontrol.es',16,'2022-12-20','El dia  15 de Diciembre son 11 horas',0,NULL),(105,6,14,26,NULL,'APROBADA','2022-12-16','2022-12-18 20:10:42','2022-12-20 16:20:48','s_javier.ordonez@baumcontrol.es',16,'2022-12-20',NULL,0,NULL),(106,7,14,8,NULL,'APROBADA','2022-12-02','2022-12-18 20:16:01','2022-12-22 15:17:53','josemanuel.blanco@baumcontrol.es',3,'2022-12-22','Te faltan 2 horas el 2 de diciembre',0,NULL),(107,9,14,29,NULL,'APROBADA','2022-12-05','2022-12-18 20:32:49','2022-12-20 07:03:28','marta.anguita@baumcontrol.es',15,'2022-12-20',NULL,0,NULL),(108,9,14,29,NULL,'APROBADA','2022-12-07','2022-12-18 20:33:43','2022-12-22 16:28:59','marta.anguita@baumcontrol.es',15,'2022-12-22',NULL,0,NULL),(109,6,14,29,NULL,'APROBADA','2022-12-09','2022-12-18 20:34:15','2022-12-20 07:14:59','marta.anguita@baumcontrol.es',15,'2022-12-20',NULL,0,NULL),(110,4,11,69,NULL,'APROBADA','2022-11-29','2022-12-19 07:22:47','2022-12-27 09:10:32','marta.anguita@baumcontrol.es',15,'2022-12-27',NULL,0,NULL),(112,6,9,7,NULL,'APROBADA','2022-12-19','2022-12-19 12:58:07','2022-12-28 16:44:44','josemanuel.blanco@baumcontrol.es',3,'2022-12-28',NULL,0,NULL),(113,3,16,30,NULL,'APROBADA','2022-12-19','2022-12-19 12:58:28','2022-12-19 15:54:03','s_javier.ordonez@baumcontrol.es',16,'2022-12-19',NULL,0,NULL),(114,9,6,62,NULL,'APROBADA','2022-12-15','2022-12-19 13:41:17','2022-12-20 16:20:55','s_javier.ordonez@baumcontrol.es',16,'2022-12-20',NULL,0,NULL),(115,6,6,62,NULL,'APROBADA','2022-12-16','2022-12-19 13:41:51','2022-12-20 16:20:21','s_javier.ordonez@baumcontrol.es',16,'2022-12-20',NULL,0,NULL),(116,7,8,7,NULL,'APROBADA','2022-12-19','2022-12-19 16:05:11','2022-12-28 16:43:07','josemanuel.blanco@baumcontrol.es',3,'2022-12-28',NULL,0,NULL),(117,2,8,29,NULL,'APROBADA','2022-12-19','2022-12-19 16:05:29','2022-12-20 07:00:10','marta.anguita@baumcontrol.es',15,'2022-12-20',NULL,0,NULL),(118,10,14,26,NULL,'APROBADA','2022-12-19','2022-12-19 20:50:04','2022-12-20 16:20:02','s_javier.ordonez@baumcontrol.es',16,'2022-12-20',NULL,0,NULL),(119,9,13,187,NULL,'APROBADA','2022-12-19','2022-12-20 07:02:23','2022-12-20 16:19:49','s_javier.ordonez@baumcontrol.es',16,'2022-12-20',NULL,0,NULL),(120,7,8,7,NULL,'APROBADA','2022-12-20','2022-12-20 14:51:44','2022-12-28 16:43:31','josemanuel.blanco@baumcontrol.es',3,'2022-12-28',NULL,0,NULL),(121,2,8,29,NULL,'APROBADA','2022-12-20','2022-12-20 14:52:05','2022-12-22 16:28:28','marta.anguita@baumcontrol.es',15,'2022-12-22',NULL,0,NULL),(122,9,16,26,NULL,'APROBADA','2022-12-20','2022-12-20 16:35:18','2022-12-20 16:36:57','s_javier.ordonez@baumcontrol.es',16,'2022-12-20',NULL,0,NULL),(123,9,16,26,NULL,'APROBADA','2022-12-19','2022-12-20 16:36:10','2022-12-27 14:26:44','s_javier.ordonez@baumcontrol.es',16,'2022-12-27',NULL,0,NULL),(124,9,16,26,NULL,'APROBADA','2022-12-15','2022-12-20 16:36:35','2022-12-20 16:37:11','s_javier.ordonez@baumcontrol.es',16,'2022-12-20',NULL,0,NULL),(125,9,12,30,NULL,'APROBADA','2022-12-12','2022-12-20 18:27:37','2022-12-27 14:27:34','s_javier.ordonez@baumcontrol.es',16,'2022-12-27',NULL,0,NULL),(126,9,12,30,NULL,'APROBADA','2022-12-13','2022-12-20 18:28:33','2022-12-27 14:27:26','s_javier.ordonez@baumcontrol.es',16,'2022-12-27',NULL,0,NULL),(127,9,12,30,NULL,'APROBADA','2022-12-14','2022-12-20 18:28:59','2022-12-27 14:27:17','s_javier.ordonez@baumcontrol.es',16,'2022-12-27',NULL,0,NULL),(129,9,12,30,NULL,'APROBADA','2022-12-15','2022-12-20 18:29:34','2022-12-27 14:27:07','s_javier.ordonez@baumcontrol.es',16,'2022-12-27',NULL,0,NULL),(130,9,12,30,NULL,'APROBADA','2022-12-19','2022-12-20 18:30:10','2022-12-27 14:23:44','s_javier.ordonez@baumcontrol.es',16,'2022-12-27',NULL,0,NULL),(131,9,12,30,NULL,'APROBADA','2022-12-20','2022-12-20 18:30:27','2022-12-21 16:50:29','s_javier.ordonez@baumcontrol.es',16,'2022-12-21',NULL,0,NULL),(132,10,14,26,NULL,'APROBADA','2022-12-20','2022-12-20 19:26:44','2022-12-21 16:50:47','s_javier.ordonez@baumcontrol.es',16,'2022-12-21',NULL,0,NULL),(133,6,13,187,NULL,'APROBADA','2022-12-20','2022-12-21 07:42:25','2022-12-21 16:50:35','s_javier.ordonez@baumcontrol.es',16,'2022-12-21',NULL,0,NULL),(134,9,10,26,NULL,'APROBADA','2022-12-19','2022-12-21 13:20:37','2022-12-27 14:23:48','s_javier.ordonez@baumcontrol.es',16,'2022-12-27',NULL,0,NULL),(135,9,10,26,NULL,'APROBADA','2022-12-20','2022-12-21 13:20:56','2022-12-21 16:50:25','s_javier.ordonez@baumcontrol.es',16,'2022-12-21',NULL,0,NULL),(136,9,10,26,NULL,'APROBADA','2022-12-21','2022-12-21 13:21:12','2022-12-21 16:49:59','s_javier.ordonez@baumcontrol.es',16,'2022-12-21',NULL,0,NULL),(137,9,7,84,NULL,'APROBADA','2022-12-19','2022-12-21 13:29:14','2023-01-09 17:01:37','josemanuel.blanco@baumcontrol.es',3,'2023-01-09',NULL,0,NULL),(138,9,7,187,NULL,'APROBADA','2022-12-20','2022-12-21 13:29:50','2022-12-21 16:50:04','s_javier.ordonez@baumcontrol.es',16,'2022-12-21',NULL,0,NULL),(139,6,8,7,NULL,'APROBADA','2022-12-21','2022-12-21 16:34:48','2022-12-28 16:43:37','josemanuel.blanco@baumcontrol.es',3,'2022-12-28',NULL,0,NULL),(140,3,8,29,NULL,'APROBADA','2022-12-21','2022-12-21 16:34:58','2022-12-22 16:28:39','marta.anguita@baumcontrol.es',15,'2022-12-22',NULL,0,NULL),(141,3,5,29,NULL,'APROBADA','2022-12-16','2022-12-21 16:52:31','2022-12-22 16:28:34','marta.anguita@baumcontrol.es',15,'2022-12-22',NULL,0,NULL),(142,3,5,4,NULL,'APROBADA','2022-12-16','2022-12-21 16:52:50','2022-12-28 16:37:04','josemanuel.blanco@baumcontrol.es',3,'2022-12-28',NULL,0,NULL),(143,7,5,9,NULL,'APROBADA','2022-12-19','2022-12-21 16:53:24','2022-12-28 16:36:37','josemanuel.blanco@baumcontrol.es',3,'2022-12-28',NULL,0,NULL),(144,2,5,29,NULL,'APROBADA','2022-12-19','2022-12-21 16:53:47','2022-12-22 16:28:31','marta.anguita@baumcontrol.es',15,'2022-12-22',NULL,0,NULL),(145,9,9,30,NULL,'APROBADA','2022-12-20','2022-12-21 16:54:04','2022-12-27 14:23:18','s_javier.ordonez@baumcontrol.es',16,'2022-12-27',NULL,0,NULL),(146,9,9,30,NULL,'APROBADA','2022-12-21','2022-12-21 16:54:32','2022-12-27 14:22:47','s_javier.ordonez@baumcontrol.es',16,'2022-12-27',NULL,0,NULL),(147,7,5,29,NULL,'APROBADA','2022-12-21','2022-12-21 16:54:38','2022-12-22 16:28:41','marta.anguita@baumcontrol.es',15,'2022-12-22',NULL,0,NULL),(148,3,9,30,NULL,'APROBADA','2022-12-19','2022-12-21 16:54:47','2022-12-27 14:23:54','s_javier.ordonez@baumcontrol.es',16,'2022-12-27',NULL,0,NULL),(149,2,5,24,NULL,'APROBADA','2022-12-21','2022-12-21 16:54:56','2022-12-27 09:09:49','marta.anguita@baumcontrol.es',15,'2022-12-27',NULL,0,NULL),(150,9,5,199,NULL,'APROBADA','2022-12-20','2022-12-21 16:55:53','2022-12-21 17:03:17','s_javier.ordonez@baumcontrol.es',16,'2022-12-21',NULL,0,NULL),(151,9,13,29,NULL,'APROBADA','2022-12-21','2022-12-22 10:01:01','2022-12-22 16:28:37','marta.anguita@baumcontrol.es',15,'2022-12-22',NULL,0,NULL),(152,4,11,69,NULL,'APROBADA','2022-12-21','2022-12-22 13:33:23','2022-12-27 09:09:54','marta.anguita@baumcontrol.es',15,'2022-12-27',NULL,0,NULL),(153,9,12,30,NULL,'APROBADA','2022-12-21','2022-12-22 15:22:04','2022-12-27 14:23:36','s_javier.ordonez@baumcontrol.es',16,'2022-12-27',NULL,0,NULL),(154,9,12,30,NULL,'APROBADA','2022-12-22','2022-12-22 15:22:23','2022-12-27 14:23:02','s_javier.ordonez@baumcontrol.es',16,'2022-12-27',NULL,0,NULL),(156,9,12,29,NULL,'APROBADA','2022-12-05','2022-12-22 16:23:05','2022-12-22 16:27:38','marta.anguita@baumcontrol.es',15,'2022-12-22',NULL,0,NULL),(157,9,12,29,NULL,'APROBADA','2022-12-07','2022-12-22 16:23:38','2022-12-22 16:27:41','marta.anguita@baumcontrol.es',15,'2022-12-22',NULL,0,NULL),(158,6,12,29,NULL,'APROBADA','2022-12-09','2022-12-22 16:24:11','2022-12-22 16:27:56','marta.anguita@baumcontrol.es',15,'2022-12-22',NULL,0,NULL),(159,9,9,30,NULL,'APROBADA','2022-12-22','2022-12-22 16:28:50','2022-12-27 14:23:10','s_javier.ordonez@baumcontrol.es',16,'2022-12-27',NULL,0,NULL),(160,7,8,7,NULL,'APROBADA','2022-12-22','2022-12-22 16:37:37','2022-12-28 16:43:49','josemanuel.blanco@baumcontrol.es',3,'2022-12-28',NULL,0,NULL),(161,2,8,29,NULL,'APROBADA','2022-12-22','2022-12-22 16:37:47','2022-12-22 16:49:05','marta.anguita@baumcontrol.es',15,'2022-12-22',NULL,0,NULL),(162,10,14,26,NULL,'APROBADA','2022-12-22','2022-12-22 19:29:06','2022-12-27 14:29:47','s_javier.ordonez@baumcontrol.es',16,'2022-12-27',NULL,0,NULL),(163,11,14,26,NULL,'APROBADA','2022-12-21','2022-12-22 19:29:47','2022-12-27 14:23:29','s_javier.ordonez@baumcontrol.es',16,'2022-12-27',NULL,0,NULL),(164,3,6,172,NULL,'APROBADA','2022-12-01','2022-12-22 19:36:14','2023-01-20 09:00:32','lourdes.carrasquilla@baumcontrol.es',2,'2023-01-20',NULL,0,NULL),(165,9,6,182,NULL,'APROBADA','2022-12-19','2022-12-22 19:37:06','2023-01-20 09:01:40','lourdes.carrasquilla@baumcontrol.es',2,'2023-01-20',NULL,0,NULL),(166,9,6,60,NULL,'APROBADA','2022-12-20','2022-12-22 19:38:23','2023-01-20 09:01:32','lourdes.carrasquilla@baumcontrol.es',2,'2023-01-20',NULL,0,NULL),(167,9,6,60,NULL,'APROBADA','2022-12-21','2022-12-22 19:38:45','2023-01-20 09:01:27','lourdes.carrasquilla@baumcontrol.es',2,'2023-01-20',NULL,0,NULL),(168,9,6,62,NULL,'APROBADA','2022-12-22','2022-12-22 19:39:08','2023-01-20 09:01:22','lourdes.carrasquilla@baumcontrol.es',2,'2023-01-20',NULL,0,NULL),(169,9,13,29,NULL,'APROBADA','2022-12-22','2022-12-23 06:34:58','2022-12-27 09:09:42','marta.anguita@baumcontrol.es',15,'2022-12-27',NULL,0,NULL),(170,6,9,7,NULL,'APROBADA','2022-12-23','2022-12-23 12:30:50','2022-12-28 16:44:53','josemanuel.blanco@baumcontrol.es',3,'2022-12-28',NULL,0,NULL),(171,6,10,26,NULL,'APROBADA','2022-12-23','2022-12-23 12:47:42','2022-12-27 14:16:36','s_javier.ordonez@baumcontrol.es',16,'2022-12-27',NULL,0,NULL),(172,9,10,26,NULL,'APROBADA','2022-12-22','2022-12-23 12:48:00','2022-12-27 14:23:06','s_javier.ordonez@baumcontrol.es',16,'2022-12-27',NULL,0,NULL),(173,6,8,7,NULL,'APROBADA','2022-12-23','2022-12-23 12:59:26','2022-12-28 16:43:51','josemanuel.blanco@baumcontrol.es',3,'2022-12-28',NULL,0,NULL),(174,9,5,29,NULL,'APROBADA','2022-12-22','2022-12-24 09:14:54','2022-12-27 09:09:46','marta.anguita@baumcontrol.es',15,'2022-12-27',NULL,0,NULL),(175,2,5,4,NULL,'APROBADA','2022-12-23','2022-12-24 09:15:35','2022-12-28 16:36:31','josemanuel.blanco@baumcontrol.es',3,'2022-12-28',NULL,0,NULL),(176,4,5,29,NULL,'APROBADA','2022-12-23','2022-12-24 09:15:52','2022-12-27 09:09:37','marta.anguita@baumcontrol.es',15,'2022-12-27',NULL,0,NULL),(177,6,13,136,NULL,'NO APROBADA','2022-12-23','2022-12-27 09:01:50','2022-12-27 09:01:50',NULL,NULL,NULL,NULL,0,NULL),(178,9,7,187,NULL,'APROBADA','2022-12-21','2022-12-27 10:09:28','2023-01-20 09:04:02','lourdes.carrasquilla@baumcontrol.es',2,'2023-01-20',NULL,0,NULL),(179,9,7,62,NULL,'APROBADA','2022-12-22','2022-12-27 10:10:02','2023-01-20 09:03:56','lourdes.carrasquilla@baumcontrol.es',2,'2023-01-20',NULL,0,NULL),(180,6,7,62,NULL,'APROBADA','2022-12-23','2022-12-27 10:10:23','2023-01-20 09:03:53','lourdes.carrasquilla@baumcontrol.es',2,'2023-01-20',NULL,0,NULL),(181,9,12,9,NULL,'APROBADA','2022-12-27','2022-12-27 12:12:59','2023-01-09 16:57:18','josemanuel.blanco@baumcontrol.es',3,'2023-01-09',NULL,0,NULL),(182,9,9,30,NULL,'APROBADA','2022-12-27','2022-12-27 14:42:01','2022-12-28 09:53:59','s_javier.ordonez@baumcontrol.es',16,'2022-12-28',NULL,0,NULL),(183,9,9,30,NULL,'APROBADA','2022-12-28','2022-12-27 14:42:18','2022-12-28 09:54:05','s_javier.ordonez@baumcontrol.es',16,'2022-12-28',NULL,0,NULL),(184,9,9,30,NULL,'APROBADA','2022-12-29','2022-12-27 14:42:29','2022-12-29 09:18:15','s_javier.ordonez@baumcontrol.es',16,'2022-12-29',NULL,0,NULL),(185,6,9,30,NULL,'APROBADA','2022-12-30','2022-12-27 14:42:41','2022-12-29 09:18:19','s_javier.ordonez@baumcontrol.es',16,'2022-12-29',NULL,0,NULL),(186,9,10,187,NULL,'APROBADA','2022-12-27','2022-12-28 06:12:50','2023-01-20 09:03:28','lourdes.carrasquilla@baumcontrol.es',2,'2023-01-20',NULL,0,NULL),(187,9,14,29,NULL,'APROBADA','2022-12-27','2022-12-28 06:37:00','2023-01-10 10:20:21','marta.anguita@baumcontrol.es',15,'2023-01-10',NULL,0,NULL),(188,9,14,29,NULL,'APROBADA','2022-12-27','2022-12-28 06:37:01','2023-01-10 10:20:23','marta.anguita@baumcontrol.es',15,'2023-01-10',NULL,0,NULL),(189,2,5,29,NULL,'APROBADA','2022-12-07','2022-12-28 16:38:14','2023-02-03 09:25:57','marta.anguita@baumcontrol.es',15,'2023-02-03',NULL,0,NULL),(190,1,5,4,NULL,'APROBADA','2022-12-07','2022-12-28 16:38:30','2022-12-28 16:39:04','josemanuel.blanco@baumcontrol.es',3,'2022-12-28',NULL,0,NULL),(191,1,10,187,NULL,'APROBADA','2022-12-28','2022-12-29 07:29:20','2023-04-20 11:01:08','marta.anguita@baumcontrol.es',15,'2023-04-20',NULL,0,NULL),(192,2,10,9,NULL,'APROBADA','2022-12-28','2022-12-29 07:29:37','2023-01-09 16:53:56','josemanuel.blanco@baumcontrol.es',3,'2023-01-09',NULL,0,NULL),(197,3,15,219,NULL,'NO APROBADA','2022-11-03','2022-12-29 11:43:03','2022-12-29 11:43:03',NULL,NULL,NULL,NULL,0,NULL),(198,8,15,219,NULL,'NO APROBADA','2022-11-16','2022-12-29 11:44:01','2022-12-29 11:44:01',NULL,NULL,NULL,NULL,0,NULL),(199,8,15,219,NULL,'NO APROBADA','2022-11-23','2022-12-29 11:45:27','2022-12-29 11:45:27',NULL,NULL,NULL,NULL,0,NULL),(200,8,15,219,NULL,'NO APROBADA','2022-11-24','2022-12-29 11:45:48','2022-12-29 11:45:48',NULL,NULL,NULL,NULL,0,NULL),(201,8,15,219,NULL,'NO APROBADA','2022-11-29','2022-12-29 11:46:14','2022-12-29 11:46:14',NULL,NULL,NULL,NULL,0,NULL),(202,8,15,54,NULL,'APROBADA','2022-12-19','2022-12-29 11:50:24','2023-03-22 16:54:14','marta.anguita@baumcontrol.es',15,'2023-03-22',NULL,0,NULL),(203,8,15,219,NULL,'NO APROBADA','2022-12-21','2022-12-29 11:51:25','2022-12-29 11:51:25',NULL,NULL,NULL,NULL,0,NULL),(204,8,15,219,NULL,'NO APROBADA','2022-12-28','2022-12-29 11:51:54','2022-12-29 11:51:54',NULL,NULL,NULL,NULL,0,NULL),(205,9,13,29,NULL,'APROBADA','2022-12-27','2022-12-29 13:45:43','2023-01-10 10:20:25','marta.anguita@baumcontrol.es',15,'2023-01-10',NULL,0,NULL),(206,4,10,29,NULL,'APROBADA','2022-12-29','2022-12-30 06:58:53','2023-01-10 10:20:12','marta.anguita@baumcontrol.es',15,'2023-01-10',NULL,0,NULL),(207,5,10,59,NULL,'APROBADA','2022-12-29','2022-12-30 06:59:15','2023-01-31 12:11:57','josemanuel.blanco@baumcontrol.es',3,'2023-01-31',NULL,0,NULL),(208,8,17,54,NULL,'APROBADA','2022-12-01','2022-12-30 10:14:43','2023-03-22 16:53:44','marta.anguita@baumcontrol.es',15,'2023-03-22',NULL,0,NULL),(209,8,17,54,NULL,'APROBADA','2022-12-02','2022-12-30 10:15:55','2023-03-22 16:53:48','marta.anguita@baumcontrol.es',15,'2023-03-22',NULL,0,NULL),(210,8,17,54,NULL,'APROBADA','2022-12-12','2022-12-30 10:16:09','2023-03-22 16:53:58','marta.anguita@baumcontrol.es',15,'2023-03-22',NULL,0,NULL),(211,8,17,54,NULL,'APROBADA','2022-12-13','2022-12-30 10:16:22','2023-03-22 16:54:01','marta.anguita@baumcontrol.es',15,'2023-03-22',NULL,0,NULL),(212,8,17,54,NULL,'APROBADA','2022-12-14','2022-12-30 10:16:40','2023-03-22 16:54:04','marta.anguita@baumcontrol.es',15,'2023-03-22',NULL,0,NULL),(213,8,17,54,NULL,'APROBADA','2022-12-15','2022-12-30 10:16:49','2023-03-22 16:54:07','marta.anguita@baumcontrol.es',15,'2023-03-22',NULL,0,NULL),(214,8,17,54,NULL,'APROBADA','2022-12-16','2022-12-30 10:17:02','2023-03-22 16:54:10','marta.anguita@baumcontrol.es',15,'2023-03-22',NULL,0,NULL),(215,8,17,54,NULL,'APROBADA','2022-12-19','2022-12-30 10:17:19','2023-03-22 16:54:12','marta.anguita@baumcontrol.es',15,'2023-03-22',NULL,0,NULL),(216,8,17,54,NULL,'APROBADA','2022-12-20','2022-12-30 10:17:37','2023-03-22 16:54:18','marta.anguita@baumcontrol.es',15,'2023-03-22',NULL,0,NULL),(217,8,17,54,NULL,'APROBADA','2022-12-21','2022-12-30 10:17:45','2023-03-22 16:54:20','marta.anguita@baumcontrol.es',15,'2023-03-22',NULL,0,NULL),(218,8,17,54,NULL,'APROBADA','2022-12-22','2022-12-30 10:18:04','2023-03-22 16:54:22','marta.anguita@baumcontrol.es',15,'2023-03-22',NULL,0,NULL),(219,8,17,54,NULL,'APROBADA','2022-12-23','2022-12-30 10:18:17','2023-03-22 16:54:24','marta.anguita@baumcontrol.es',15,'2023-03-22',NULL,0,NULL),(220,8,17,54,NULL,'APROBADA','2022-12-26','2022-12-30 10:18:33','2023-03-22 16:54:27','marta.anguita@baumcontrol.es',15,'2023-03-22',NULL,0,NULL),(221,8,17,54,NULL,'APROBADA','2022-12-27','2022-12-30 10:18:42','2023-03-22 16:54:31','marta.anguita@baumcontrol.es',15,'2023-03-22',NULL,0,NULL),(222,8,17,54,NULL,'APROBADA','2022-12-28','2022-12-30 10:18:49','2023-03-22 16:54:53','marta.anguita@baumcontrol.es',15,'2023-03-22',NULL,0,NULL),(223,8,17,54,NULL,'APROBADA','2022-12-29','2022-12-30 10:18:55','2023-01-17 14:41:07','s_javier.ordonez@baumcontrol.es',16,'2023-01-17',NULL,0,NULL),(224,8,17,54,NULL,'APROBADA','2022-12-30','2022-12-30 10:19:01','2023-01-03 15:05:03','s_javier.ordonez@baumcontrol.es',16,'2023-01-03',NULL,0,NULL),(225,9,13,29,NULL,'APROBADA','2022-12-29','2022-12-30 13:17:47','2023-01-10 10:20:15','marta.anguita@baumcontrol.es',15,'2023-01-10',NULL,0,NULL),(226,6,13,29,NULL,'APROBADA','2022-12-30','2022-12-30 13:18:20','2023-01-10 10:20:06','marta.anguita@baumcontrol.es',15,'2023-01-10',NULL,0,NULL),(227,6,10,29,NULL,'APROBADA','2022-12-30','2022-12-30 13:19:23','2023-01-10 10:20:09','marta.anguita@baumcontrol.es',15,'2023-01-10',NULL,0,NULL),(228,9,8,54,NULL,'APROBADA','2023-01-02','2023-01-03 07:14:12','2023-01-03 15:04:52','s_javier.ordonez@baumcontrol.es',16,'2023-01-03',NULL,0,NULL),(229,2,11,55,NULL,'APROBADA','2023-01-02','2023-01-03 11:31:32','2023-01-10 10:20:00','marta.anguita@baumcontrol.es',15,'2023-01-10',NULL,0,NULL),(230,9,8,54,NULL,'APROBADA','2023-01-03','2023-01-04 09:06:48','2023-01-17 14:40:09','s_javier.ordonez@baumcontrol.es',16,'2023-01-17',NULL,0,NULL),(231,9,8,54,NULL,'APROBADA','2023-01-04','2023-01-04 16:24:16','2023-01-17 14:39:47','s_javier.ordonez@baumcontrol.es',16,'2023-01-17',NULL,0,NULL),(232,9,8,54,NULL,'APROBADA','2023-01-05','2023-01-05 15:44:31','2023-01-17 14:39:05','s_javier.ordonez@baumcontrol.es',16,'2023-01-17',NULL,0,NULL),(233,1,11,55,NULL,'APROBADA','2023-01-04','2023-01-09 07:40:45','2023-01-10 10:19:53','marta.anguita@baumcontrol.es',15,'2023-01-10',NULL,0,NULL),(234,6,6,62,NULL,'APROBADA','2022-12-23','2023-01-09 08:25:24','2023-01-20 09:01:17','lourdes.carrasquilla@baumcontrol.es',2,'2023-01-20',NULL,0,NULL),(235,6,7,84,NULL,'APROBADA','2023-01-02','2023-01-09 08:25:39','2023-01-09 17:01:29','josemanuel.blanco@baumcontrol.es',3,'2023-01-09',NULL,0,NULL),(236,3,7,29,NULL,'APROBADA','2023-01-02','2023-01-09 08:27:16','2023-01-10 10:20:03','marta.anguita@baumcontrol.es',15,'2023-01-10',NULL,0,NULL),(237,9,7,29,NULL,'APROBADA','2023-01-03','2023-01-09 08:27:39','2023-01-10 10:19:57','marta.anguita@baumcontrol.es',15,'2023-01-10',NULL,0,NULL),(238,8,6,54,NULL,'APROBADA','2023-01-02','2023-01-09 08:28:17','2023-01-17 14:40:38','s_javier.ordonez@baumcontrol.es',16,'2023-01-17',NULL,0,NULL),(239,1,6,185,NULL,'APROBADA','2023-01-02','2023-01-09 08:29:12','2023-01-20 09:01:14','lourdes.carrasquilla@baumcontrol.es',2,'2023-01-20',NULL,0,NULL),(240,8,6,54,NULL,'APROBADA','2023-01-03','2023-01-09 08:30:07','2023-01-17 14:40:13','s_javier.ordonez@baumcontrol.es',16,'2023-01-17',NULL,0,NULL),(241,1,6,185,NULL,'APROBADA','2023-01-03','2023-01-09 08:31:36','2023-01-20 09:01:10','lourdes.carrasquilla@baumcontrol.es',2,'2023-01-20',NULL,0,NULL),(242,8,6,54,NULL,'APROBADA','2023-01-04','2023-01-09 08:32:08','2023-01-17 14:39:58','s_javier.ordonez@baumcontrol.es',16,'2023-01-17',NULL,0,NULL),(243,9,7,185,NULL,'APROBADA','2023-01-04','2023-01-09 08:32:14','2023-01-20 08:28:07','lourdes.carrasquilla@baumcontrol.es',2,'2023-01-20',NULL,0,NULL),(244,6,7,185,NULL,'APROBADA','2023-01-05','2023-01-09 08:32:52','2023-01-20 08:21:50','lourdes.carrasquilla@baumcontrol.es',2,'2023-01-20',NULL,0,NULL),(245,1,6,185,NULL,'APROBADA','2023-01-04','2023-01-09 08:33:02','2023-01-20 09:01:06','lourdes.carrasquilla@baumcontrol.es',2,'2023-01-20',NULL,0,NULL),(246,3,7,29,NULL,'APROBADA','2023-01-05','2023-01-09 08:33:12','2023-01-10 10:19:41','marta.anguita@baumcontrol.es',15,'2023-01-10',NULL,0,NULL),(247,8,6,54,NULL,'APROBADA','2023-01-05','2023-01-09 08:33:33','2023-01-17 14:39:18','s_javier.ordonez@baumcontrol.es',16,'2023-01-17',NULL,0,NULL),(248,1,6,185,NULL,'APROBADA','2023-01-05','2023-01-09 08:34:08','2023-01-20 09:01:04','lourdes.carrasquilla@baumcontrol.es',2,'2023-01-20',NULL,0,NULL),(250,9,8,7,NULL,'APROBADA','2023-01-09','2023-01-10 07:46:52','2023-01-16 12:37:02','josemanuel.blanco@baumcontrol.es',3,'2023-01-16',NULL,0,NULL),(251,9,5,9,NULL,'APROBADA','2022-12-27','2023-01-10 15:37:56','2023-01-13 07:26:07','josemanuel.blanco@baumcontrol.es',3,'2023-01-13',NULL,0,NULL),(252,9,5,29,NULL,'APROBADA','2022-12-28','2023-01-10 15:38:22','2023-02-03 09:26:10','marta.anguita@baumcontrol.es',15,'2023-02-03',NULL,0,NULL),(253,9,5,29,NULL,'APROBADA','2022-12-29','2023-01-10 15:38:50','2023-02-03 09:26:20','marta.anguita@baumcontrol.es',15,'2023-02-03',NULL,0,NULL),(254,4,5,29,NULL,'APROBADA','2022-12-30','2023-01-10 15:39:10','2023-02-03 09:26:23','marta.anguita@baumcontrol.es',15,'2023-02-03',NULL,0,NULL),(255,2,5,4,NULL,'APROBADA','2022-12-30','2023-01-10 15:39:42','2023-01-13 07:27:33','josemanuel.blanco@baumcontrol.es',3,'2023-01-13',NULL,0,NULL),(256,9,5,29,NULL,'APROBADA','2023-01-02','2023-01-10 15:39:59','2023-02-03 09:26:28','marta.anguita@baumcontrol.es',15,'2023-02-03',NULL,0,NULL),(257,9,5,29,NULL,'APROBADA','2023-01-03','2023-01-10 15:40:24','2023-02-03 09:26:42','marta.anguita@baumcontrol.es',15,'2023-02-03',NULL,0,NULL),(258,8,5,29,NULL,'APROBADA','2023-01-04','2023-01-10 15:41:13','2023-02-03 09:26:44','marta.anguita@baumcontrol.es',15,'2023-02-03',NULL,0,NULL),(259,1,5,191,NULL,'APROBADA','2023-01-04','2023-01-10 15:41:37','2023-04-20 11:01:01','marta.anguita@baumcontrol.es',15,'2023-04-20',NULL,0,NULL),(260,9,5,204,NULL,'APROBADA','2023-01-05','2023-01-10 15:42:15','2023-01-20 09:04:32','lourdes.carrasquilla@baumcontrol.es',2,'2023-01-20',NULL,0,NULL),(261,10,5,29,NULL,'APROBADA','2023-01-09','2023-01-10 15:42:33','2023-02-03 09:27:05','marta.anguita@baumcontrol.es',15,'2023-02-03',NULL,0,NULL),(262,6,12,217,NULL,'NO APROBADA','2022-12-23','2023-01-10 16:31:41','2023-01-10 16:31:41',NULL,NULL,NULL,NULL,0,NULL),(263,9,12,9,NULL,'APROBADA','2022-12-28','2023-01-10 16:32:28','2023-01-13 07:28:22','josemanuel.blanco@baumcontrol.es',3,'2023-01-13',NULL,0,NULL),(264,9,12,9,NULL,'APROBADA','2022-12-29','2023-01-10 16:32:54','2023-01-13 07:27:25','josemanuel.blanco@baumcontrol.es',3,'2023-01-13',NULL,0,NULL),(265,6,12,55,NULL,'APROBADA','2022-12-30','2023-01-10 16:33:29','2023-02-03 09:31:34','marta.anguita@baumcontrol.es',15,'2023-02-03',NULL,0,NULL),(266,9,12,71,NULL,'NO APROBADA','2023-01-09','2023-01-10 16:36:24','2023-01-10 16:36:24',NULL,NULL,NULL,NULL,0,NULL),(267,9,12,71,NULL,'NO APROBADA','2023-01-10','2023-01-10 16:36:49','2023-01-10 16:36:49',NULL,NULL,NULL,NULL,0,NULL),(268,9,12,71,NULL,'NO APROBADA','2023-01-11','2023-01-10 16:37:19','2023-01-10 16:37:19',NULL,NULL,NULL,NULL,0,NULL),(269,9,12,86,NULL,'APROBADA','2023-01-12','2023-01-10 16:37:42','2023-02-07 16:09:06','s_javier.ordonez@baumcontrol.es',16,'2023-02-07',NULL,0,NULL),(270,4,10,29,NULL,'APROBADA','2023-01-10','2023-01-10 17:03:57','2023-01-23 08:04:15','marta.anguita@baumcontrol.es',15,'2023-01-23',NULL,0,NULL),(271,5,10,86,NULL,'APROBADA','2023-01-10','2023-01-10 17:05:34','2023-02-07 16:09:02','s_javier.ordonez@baumcontrol.es',16,'2023-02-07',NULL,0,NULL),(272,9,13,29,NULL,'APROBADA','2023-01-09','2023-01-10 18:36:41','2023-02-03 09:27:11','marta.anguita@baumcontrol.es',15,'2023-02-03',NULL,0,NULL),(273,9,13,26,NULL,'APROBADA','2023-01-10','2023-01-10 18:37:10','2023-01-17 14:38:14','s_javier.ordonez@baumcontrol.es',16,'2023-01-17',NULL,0,NULL),(274,8,15,54,NULL,'APROBADA','2023-01-10','2023-01-11 07:49:56','2023-01-17 14:38:18','s_javier.ordonez@baumcontrol.es',16,'2023-01-17','Día que se le debía de las vacaciones de Raquel (19/10/2022)',0,NULL),(275,8,15,219,NULL,'APROBADA','2023-01-11','2023-01-11 07:51:30','2023-01-17 14:37:40','s_javier.ordonez@baumcontrol.es',16,'2023-01-17',NULL,0,NULL),(276,7,9,7,NULL,'APROBADA','2023-01-09','2023-01-11 07:52:43','2023-01-16 12:37:05','josemanuel.blanco@baumcontrol.es',3,'2023-01-16',NULL,0,NULL),(277,5,9,7,NULL,'APROBADA','2023-01-10','2023-01-11 07:52:57','2023-01-16 12:36:52','josemanuel.blanco@baumcontrol.es',3,'2023-01-16',NULL,0,NULL),(278,2,9,30,NULL,'APROBADA','2023-01-09','2023-01-11 07:53:12','2023-01-17 14:38:38','s_javier.ordonez@baumcontrol.es',16,'2023-01-17',NULL,0,NULL),(279,4,9,30,NULL,'APROBADA','2023-01-10','2023-01-11 07:53:28','2023-01-17 14:38:21','s_javier.ordonez@baumcontrol.es',16,'2023-01-17',NULL,0,NULL),(280,7,8,7,NULL,'APROBADA','2023-01-10','2023-01-11 12:52:51','2023-01-16 12:36:57','josemanuel.blanco@baumcontrol.es',3,'2023-01-16',NULL,0,NULL),(281,2,8,29,NULL,'APROBADA','2023-01-10','2023-01-11 12:53:11','2023-02-03 09:27:21','marta.anguita@baumcontrol.es',15,'2023-02-03',NULL,0,NULL),(282,9,13,26,NULL,'APROBADA','2023-01-11','2023-01-11 17:51:36','2023-01-17 14:37:46','s_javier.ordonez@baumcontrol.es',16,'2023-01-17',NULL,0,NULL),(283,3,9,7,NULL,'APROBADA','2023-01-11','2023-01-12 07:14:45','2023-01-16 12:36:43','josemanuel.blanco@baumcontrol.es',3,'2023-01-16',NULL,0,NULL),(284,6,9,30,NULL,'APROBADA','2023-01-11','2023-01-12 07:14:59','2023-01-17 14:37:51','s_javier.ordonez@baumcontrol.es',16,'2023-01-17',NULL,0,NULL),(285,7,8,7,NULL,'APROBADA','2023-01-11','2023-01-12 07:33:54','2023-01-16 12:36:47','josemanuel.blanco@baumcontrol.es',3,'2023-01-16',NULL,0,NULL),(286,2,8,29,NULL,'APROBADA','2023-01-11','2023-01-12 07:34:08','2023-01-23 08:04:27','marta.anguita@baumcontrol.es',15,'2023-01-23',NULL,0,NULL),(287,1,10,86,NULL,'APROBADA','2023-01-12','2023-01-12 19:44:04','2023-02-07 16:09:04','s_javier.ordonez@baumcontrol.es',16,'2023-02-07',NULL,0,NULL),(288,1,10,9,NULL,'APROBADA','2023-01-12','2023-01-12 19:44:27','2023-01-16 12:36:24','josemanuel.blanco@baumcontrol.es',3,'2023-01-16',NULL,0,NULL),(289,7,10,26,NULL,'APROBADA','2023-01-12','2023-01-12 19:44:59','2023-01-17 14:36:59','s_javier.ordonez@baumcontrol.es',16,'2023-01-17',NULL,0,NULL),(290,4,10,9,NULL,'APROBADA','2023-01-09','2023-01-12 19:45:27','2023-01-20 08:24:45','josemanuel.blanco@baumcontrol.es',3,'2023-01-20',NULL,0,NULL),(291,2,10,29,NULL,'APROBADA','2023-01-09','2023-01-12 19:45:57','2023-02-03 09:27:08','marta.anguita@baumcontrol.es',15,'2023-02-03',NULL,0,NULL),(292,6,9,30,NULL,'APROBADA','2023-01-12','2023-01-13 06:45:26','2023-01-17 14:37:06','s_javier.ordonez@baumcontrol.es',16,'2023-01-17',NULL,0,NULL),(293,3,9,7,NULL,'APROBADA','2023-01-12','2023-01-13 06:45:52','2023-01-16 12:36:30','josemanuel.blanco@baumcontrol.es',3,'2023-01-16',NULL,0,NULL),(294,6,8,7,NULL,'APROBADA','2023-01-12','2023-01-13 06:58:34','2023-01-16 12:36:38','josemanuel.blanco@baumcontrol.es',3,'2023-01-16',NULL,0,NULL),(295,3,8,29,NULL,'APROBADA','2023-01-12','2023-01-13 06:58:49','2023-01-23 08:03:49','marta.anguita@baumcontrol.es',15,'2023-01-23',NULL,0,NULL),(296,7,11,29,NULL,'APROBADA','2023-01-11','2023-01-13 08:53:35','2023-01-23 08:04:23','marta.anguita@baumcontrol.es',15,'2023-01-23',NULL,0,NULL),(297,2,11,29,NULL,'APROBADA','2023-01-12','2023-01-13 08:54:08','2023-01-23 08:03:54','marta.anguita@baumcontrol.es',15,'2023-01-23',NULL,0,NULL),(298,2,11,69,NULL,'APROBADA','2023-01-12','2023-01-13 08:55:14','2023-02-03 09:31:02','marta.anguita@baumcontrol.es',15,'2023-02-03',NULL,0,NULL),(299,2,11,69,NULL,'APROBADA','2023-01-13','2023-01-13 11:04:06','2023-03-23 08:59:47','marta.anguita@baumcontrol.es',15,'2023-03-23',NULL,0,NULL),(300,2,11,10,NULL,'APROBADA','2023-01-13','2023-01-13 12:07:18','2023-02-10 11:26:54','marta.anguita@baumcontrol.es',15,'2023-02-10',NULL,0,NULL),(301,9,13,26,NULL,'APROBADA','2023-01-12','2023-01-13 12:37:00','2023-01-17 14:37:21','s_javier.ordonez@baumcontrol.es',16,'2023-01-17',NULL,0,NULL),(302,6,13,26,NULL,'APROBADA','2023-01-13','2023-01-13 12:37:24','2023-01-17 14:36:00','s_javier.ordonez@baumcontrol.es',16,'2023-01-17',NULL,0,NULL),(303,9,17,54,NULL,'APROBADA','2023-01-03','2023-01-13 12:43:31','2023-01-17 14:40:33','s_javier.ordonez@baumcontrol.es',16,'2023-01-17',NULL,0,NULL),(304,9,17,54,NULL,'APROBADA','2023-01-04','2023-01-13 12:43:44','2023-01-17 14:40:06','s_javier.ordonez@baumcontrol.es',16,'2023-01-17',NULL,0,NULL),(305,9,17,54,NULL,'APROBADA','2023-01-05','2023-01-13 12:44:03','2023-01-17 14:39:28','s_javier.ordonez@baumcontrol.es',16,'2023-01-17',NULL,0,NULL),(306,9,17,54,NULL,'APROBADA','2023-01-06','2023-01-13 12:44:24','2023-01-17 14:39:02','s_javier.ordonez@baumcontrol.es',16,'2023-01-17',NULL,0,NULL),(307,9,17,54,NULL,'APROBADA','2023-01-09','2023-01-13 12:45:05','2023-01-17 14:39:00','s_javier.ordonez@baumcontrol.es',16,'2023-01-17',NULL,0,NULL),(308,9,17,54,NULL,'APROBADA','2023-01-10','2023-01-13 12:45:14','2023-03-22 16:55:54','marta.anguita@baumcontrol.es',15,'2023-03-22',NULL,0,NULL),(309,9,17,54,NULL,'APROBADA','2023-01-11','2023-01-13 12:45:28','2023-01-17 14:37:55','s_javier.ordonez@baumcontrol.es',16,'2023-01-17',NULL,0,NULL),(310,9,17,54,NULL,'APROBADA','2023-01-12','2023-01-13 12:45:37','2023-03-22 16:56:04','marta.anguita@baumcontrol.es',15,'2023-03-22',NULL,0,NULL),(311,9,17,54,NULL,'APROBADA','2023-01-13','2023-01-13 12:45:50','2023-03-23 08:59:55','marta.anguita@baumcontrol.es',15,'2023-03-23',NULL,0,NULL),(312,4,9,30,NULL,'APROBADA','2023-01-13','2023-01-16 07:17:08','2023-01-17 14:36:24','s_javier.ordonez@baumcontrol.es',16,'2023-01-17',NULL,0,NULL),(313,2,9,7,NULL,'APROBADA','2023-01-13','2023-01-16 07:17:23','2023-01-16 12:36:09','josemanuel.blanco@baumcontrol.es',3,'2023-01-16',NULL,0,NULL),(314,9,9,7,NULL,'APROBADA','2023-01-16','2023-01-16 07:17:41','2023-01-31 12:08:43','josemanuel.blanco@baumcontrol.es',3,'2023-01-31',NULL,0,NULL),(315,9,9,30,NULL,'APROBADA','2023-01-17','2023-01-16 07:17:58','2023-01-17 14:33:48','s_javier.ordonez@baumcontrol.es',16,'2023-01-17',NULL,0,NULL),(316,9,9,30,NULL,'APROBADA','2023-01-18','2023-01-16 07:18:12','2023-01-17 14:33:21','s_javier.ordonez@baumcontrol.es',16,'2023-01-17',NULL,0,NULL),(317,9,9,30,NULL,'APROBADA','2023-01-19','2023-01-16 07:18:26','2023-01-17 14:33:01','s_javier.ordonez@baumcontrol.es',16,'2023-01-17',NULL,0,NULL),(318,6,8,7,NULL,'APROBADA','2023-01-13','2023-01-16 07:57:48','2023-01-16 12:36:14','josemanuel.blanco@baumcontrol.es',3,'2023-01-16',NULL,0,NULL),(319,1,11,26,NULL,'APROBADA','2023-01-16','2023-01-17 07:01:42','2023-01-17 14:34:13','s_javier.ordonez@baumcontrol.es',16,'2023-01-17',NULL,0,NULL),(320,2,8,7,NULL,'APROBADA','2023-01-16','2023-01-17 07:27:14','2023-01-31 12:03:04','josemanuel.blanco@baumcontrol.es',3,'2023-01-31',NULL,0,NULL),(321,3,8,29,NULL,'APROBADA','2023-01-16','2023-01-17 07:27:29','2023-01-23 07:57:01','marta.anguita@baumcontrol.es',15,'2023-01-23',NULL,0,NULL),(322,2,11,55,NULL,'APROBADA','2023-01-16','2023-01-17 08:15:03','2023-02-03 09:30:47','marta.anguita@baumcontrol.es',15,'2023-02-03',NULL,0,NULL),(323,7,10,67,NULL,'NO APROBADA','2023-01-16','2023-01-17 10:05:23','2023-01-17 10:05:23',NULL,NULL,NULL,NULL,0,NULL),(324,2,10,29,NULL,'APROBADA','2023-01-16','2023-01-17 10:05:48','2023-01-23 07:57:08','marta.anguita@baumcontrol.es',15,'2023-01-23',NULL,0,NULL),(325,9,13,29,NULL,'APROBADA','2023-01-16','2023-01-18 07:03:05','2023-01-23 07:57:20','marta.anguita@baumcontrol.es',15,'2023-01-23',NULL,0,NULL),(326,9,13,29,NULL,'APROBADA','2023-01-17','2023-01-18 07:03:33','2023-01-23 07:56:42','marta.anguita@baumcontrol.es',15,'2023-01-23',NULL,0,NULL),(327,6,8,7,NULL,'APROBADA','2023-01-17','2023-01-18 07:40:33','2023-01-31 12:03:08','josemanuel.blanco@baumcontrol.es',3,'2023-01-31',NULL,0,NULL),(328,3,8,29,NULL,'APROBADA','2023-01-17','2023-01-18 07:40:50','2023-01-23 07:56:51','marta.anguita@baumcontrol.es',15,'2023-01-23',NULL,0,NULL),(329,9,10,29,NULL,'APROBADA','2023-01-17','2023-01-18 10:49:31','2023-01-23 07:56:55','marta.anguita@baumcontrol.es',15,'2023-01-23',NULL,0,NULL),(330,2,8,29,NULL,'APROBADA','2023-01-18','2023-01-19 07:35:03','2023-01-23 07:56:08','marta.anguita@baumcontrol.es',15,'2023-01-23',NULL,0,NULL),(331,3,8,7,NULL,'APROBADA','2023-01-18','2023-01-19 07:35:20','2023-01-31 12:03:27','josemanuel.blanco@baumcontrol.es',3,'2023-01-31',NULL,0,NULL),(333,6,9,7,NULL,'APROBADA','2023-01-20','2023-01-19 11:29:48','2023-01-31 12:08:51','josemanuel.blanco@baumcontrol.es',3,'2023-01-31',NULL,0,NULL),(334,1,10,67,NULL,'NO APROBADA','2023-01-18','2023-01-19 13:23:32','2023-01-19 13:23:32',NULL,NULL,NULL,NULL,0,NULL),(335,8,10,29,NULL,'APROBADA','2023-01-18','2023-01-19 13:23:56','2023-01-23 07:56:36','marta.anguita@baumcontrol.es',15,'2023-01-23',NULL,0,NULL),(336,9,10,199,NULL,'APROBADA','2023-01-19','2023-01-19 13:24:32','2023-01-20 09:02:17','lourdes.carrasquilla@baumcontrol.es',2,'2023-01-20',NULL,0,NULL),(337,2,11,55,NULL,'APROBADA','2023-01-19','2023-01-20 08:31:41','2023-02-03 09:30:37','marta.anguita@baumcontrol.es',15,'2023-02-03',NULL,0,NULL),(338,9,8,7,NULL,'APROBADA','2023-01-19','2023-01-20 08:38:09','2023-01-31 12:03:40','josemanuel.blanco@baumcontrol.es',3,'2023-01-31',NULL,0,NULL),(339,2,11,23,NULL,'NO APROBADA','2023-01-19','2023-01-20 08:43:53','2023-01-20 08:43:53',NULL,NULL,NULL,NULL,0,NULL),(340,9,6,62,NULL,'NO APROBADA','2023-01-09','2023-01-20 10:36:06','2023-01-20 10:36:06',NULL,NULL,NULL,NULL,0,NULL),(341,9,6,66,NULL,'NO APROBADA','2023-01-10','2023-01-20 10:36:50','2023-01-20 10:36:50',NULL,NULL,NULL,NULL,0,NULL),(342,9,6,66,NULL,'NO APROBADA','2023-01-11','2023-01-20 10:37:18','2023-01-20 10:37:18',NULL,NULL,NULL,NULL,0,NULL),(343,9,6,66,NULL,'NO APROBADA','2023-01-12','2023-01-20 10:37:48','2023-01-20 10:37:48',NULL,NULL,NULL,NULL,0,NULL),(344,6,6,66,NULL,'APROBADA','2023-01-13','2023-01-20 10:38:23','2023-01-23 12:36:39','lourdes.carrasquilla@baumcontrol.es',2,'2023-01-23',NULL,0,NULL),(345,5,11,23,NULL,'NO APROBADA','2023-01-20','2023-01-20 12:08:18','2023-01-20 12:08:18',NULL,NULL,NULL,NULL,0,NULL),(346,2,8,7,NULL,'APROBADA','2023-01-20','2023-01-20 12:18:21','2023-01-31 12:04:47','josemanuel.blanco@baumcontrol.es',3,'2023-01-31',NULL,0,NULL),(347,6,10,87,NULL,'NO APROBADA','2023-01-20','2023-01-20 13:08:48','2023-01-20 13:08:48',NULL,NULL,NULL,NULL,0,NULL),(348,9,13,29,NULL,'APROBADA','2023-01-18','2023-01-23 08:28:49','2023-02-03 09:27:54','marta.anguita@baumcontrol.es',15,'2023-02-03',NULL,0,NULL),(349,9,13,29,NULL,'APROBADA','2023-01-19','2023-01-23 08:29:26','2023-02-03 09:28:07','marta.anguita@baumcontrol.es',15,'2023-02-03',NULL,0,NULL),(350,6,13,87,NULL,'NO APROBADA','2023-01-20','2023-01-23 08:29:49','2023-01-23 08:29:49',NULL,NULL,NULL,NULL,0,NULL),(351,7,10,26,NULL,'NO APROBADA','2023-01-11','2023-01-23 10:08:02','2023-01-23 10:08:02',NULL,NULL,NULL,NULL,0,NULL),(352,2,10,29,NULL,'APROBADA','2023-01-11','2023-01-23 10:08:31','2023-02-03 09:27:29','marta.anguita@baumcontrol.es',15,'2023-02-03',NULL,0,NULL),(353,6,10,29,NULL,'APROBADA','2023-01-13','2023-01-23 10:09:21','2023-02-03 09:27:44','marta.anguita@baumcontrol.es',15,'2023-02-03',NULL,0,NULL),(354,9,9,7,NULL,'APROBADA','2023-01-23','2023-01-23 10:10:43','2023-01-31 12:08:56','josemanuel.blanco@baumcontrol.es',3,'2023-01-31',NULL,0,NULL),(355,9,9,54,NULL,'APROBADA','2023-01-24','2023-01-23 10:11:05','2023-03-23 08:57:21','marta.anguita@baumcontrol.es',15,'2023-03-23',NULL,0,NULL),(356,9,9,7,NULL,'APROBADA','2023-01-25','2023-01-23 10:11:17','2023-01-31 12:09:20','josemanuel.blanco@baumcontrol.es',3,'2023-01-31',NULL,0,NULL),(357,9,9,7,NULL,'APROBADA','2023-01-26','2023-01-23 10:11:28','2023-01-31 12:09:46','josemanuel.blanco@baumcontrol.es',3,'2023-01-31',NULL,0,NULL),(358,6,9,7,NULL,'APROBADA','2023-01-27','2023-01-23 10:11:44','2023-01-31 12:09:55','josemanuel.blanco@baumcontrol.es',3,'2023-01-31',NULL,0,NULL),(359,6,12,35,NULL,'APROBADA','2023-01-13','2023-01-23 10:41:42','2023-03-23 09:00:52','marta.anguita@baumcontrol.es',15,'2023-03-23',NULL,0,NULL),(360,10,5,29,NULL,'APROBADA','2023-01-10','2023-01-23 11:33:09','2023-02-03 09:27:13','marta.anguita@baumcontrol.es',15,'2023-02-03',NULL,0,NULL),(361,9,5,29,NULL,'APROBADA','2023-01-11','2023-01-23 11:33:33','2023-02-03 09:27:26','marta.anguita@baumcontrol.es',15,'2023-02-03',NULL,0,NULL),(362,10,5,29,NULL,'APROBADA','2023-01-12','2023-01-23 11:33:57','2023-02-03 09:27:33','marta.anguita@baumcontrol.es',15,'2023-02-03',NULL,0,NULL),(363,5,5,29,NULL,'APROBADA','2023-01-13','2023-01-23 11:34:46','2023-03-23 09:00:54','marta.anguita@baumcontrol.es',15,'2023-03-23',NULL,0,NULL),(364,9,5,29,NULL,'APROBADA','2023-01-16','2023-01-23 11:35:10','2023-02-03 09:27:47','marta.anguita@baumcontrol.es',15,'2023-02-03',NULL,0,NULL),(365,9,5,29,NULL,'APROBADA','2023-01-17','2023-01-23 11:35:28','2023-02-03 09:27:49','marta.anguita@baumcontrol.es',15,'2023-02-03',NULL,0,NULL),(366,9,5,29,NULL,'APROBADA','2023-01-18','2023-01-23 11:35:56','2023-02-03 09:27:52','marta.anguita@baumcontrol.es',15,'2023-02-03',NULL,0,NULL),(367,9,5,199,NULL,'APROBADA','2023-01-19','2023-01-23 11:36:23','2023-01-23 12:34:18','lourdes.carrasquilla@baumcontrol.es',2,'2023-01-23',NULL,0,NULL),(368,1,5,24,NULL,'APROBADA','2023-01-20','2023-01-23 11:36:43','2023-02-03 09:30:35','marta.anguita@baumcontrol.es',15,'2023-02-03',NULL,0,NULL),(369,5,5,29,NULL,'APROBADA','2023-01-20','2023-01-23 11:37:02','2023-02-03 09:28:09','marta.anguita@baumcontrol.es',15,'2023-02-03',NULL,0,NULL),(370,9,5,29,NULL,'APROBADA','2023-01-23','2023-01-23 11:37:24','2023-02-03 09:28:13','marta.anguita@baumcontrol.es',15,'2023-02-03',NULL,0,NULL),(371,9,5,29,NULL,'APROBADA','2023-01-24','2023-01-23 11:37:43','2023-02-03 09:28:20','marta.anguita@baumcontrol.es',15,'2023-02-03',NULL,0,NULL),(372,9,12,232,NULL,'NO APROBADA','2023-01-16','2023-01-23 13:15:46','2023-01-23 13:15:46',NULL,NULL,NULL,NULL,0,NULL),(373,9,12,232,NULL,'NO APROBADA','2023-01-17','2023-01-23 13:16:17','2023-01-23 13:16:17',NULL,NULL,NULL,NULL,0,NULL),(374,9,12,232,NULL,'NO APROBADA','2023-01-18','2023-01-23 13:16:43','2023-01-23 13:16:43',NULL,NULL,NULL,NULL,0,NULL),(375,9,12,232,NULL,'NO APROBADA','2023-01-19','2023-01-23 13:17:27','2023-02-14 07:43:00',NULL,NULL,NULL,NULL,0,NULL),(376,6,12,232,NULL,'NO APROBADA','2023-01-20','2023-01-23 13:17:56','2023-01-23 13:17:56',NULL,NULL,NULL,NULL,0,NULL),(377,9,12,233,NULL,'NO APROBADA','2023-01-23','2023-01-23 13:18:28','2023-01-23 13:18:28',NULL,NULL,NULL,NULL,0,NULL),(378,9,7,62,NULL,'NO APROBADA','2023-01-09','2023-01-23 14:52:49','2023-01-23 14:52:49',NULL,NULL,NULL,NULL,0,NULL),(379,6,7,222,NULL,'APROBADA','2023-01-10','2023-01-23 14:54:48','2023-02-07 16:10:42','s_javier.ordonez@baumcontrol.es',16,'2023-02-07',NULL,0,NULL),(380,3,7,67,NULL,'NO APROBADA','2023-01-10','2023-01-23 14:55:13','2023-01-23 14:58:06',NULL,NULL,NULL,NULL,0,NULL),(381,3,7,185,NULL,'APROBADA','2023-01-11','2023-01-23 14:57:25','2023-04-20 11:00:36','marta.anguita@baumcontrol.es',15,'2023-04-20',NULL,0,NULL),(382,6,7,67,NULL,'NO APROBADA','2023-01-11','2023-01-23 14:58:33','2023-01-23 14:58:33',NULL,NULL,NULL,NULL,0,NULL),(383,9,7,67,NULL,'NO APROBADA','2023-01-12','2023-01-23 14:58:54','2023-01-23 14:58:54',NULL,NULL,NULL,NULL,0,NULL),(384,6,7,67,NULL,'NO APROBADA','2023-01-13','2023-01-23 14:59:22','2023-01-23 14:59:22',NULL,NULL,NULL,NULL,0,NULL),(385,6,7,67,NULL,'NO APROBADA','2023-01-16','2023-01-23 14:59:43','2023-01-23 14:59:43',NULL,NULL,NULL,NULL,0,NULL),(386,3,7,178,NULL,'APROBADA','2023-01-16','2023-01-23 15:00:32','2023-04-20 11:00:02','marta.anguita@baumcontrol.es',15,'2023-04-20',NULL,0,NULL),(387,3,7,67,NULL,'NO APROBADA','2023-01-17','2023-01-23 15:00:50','2023-01-23 15:00:50',NULL,NULL,NULL,NULL,0,NULL),(388,6,7,54,NULL,'APROBADA','2023-01-17','2023-01-23 15:01:06','2023-03-23 08:58:05','marta.anguita@baumcontrol.es',15,'2023-03-23',NULL,0,NULL),(389,3,7,67,NULL,'NO APROBADA','2023-01-18','2023-01-23 15:01:18','2023-01-23 15:01:18',NULL,NULL,NULL,NULL,0,NULL),(390,6,7,54,NULL,'APROBADA','2023-01-18','2023-01-23 15:01:28','2023-03-23 08:57:56','marta.anguita@baumcontrol.es',15,'2023-03-23',NULL,0,NULL),(391,9,7,54,NULL,'APROBADA','2023-01-19','2023-01-23 15:01:41','2023-03-23 08:57:46','marta.anguita@baumcontrol.es',15,'2023-03-23',NULL,0,NULL),(392,6,7,67,NULL,'NO APROBADA','2023-01-20','2023-01-23 15:01:56','2023-01-23 15:01:56',NULL,NULL,NULL,NULL,0,NULL),(393,3,11,23,NULL,'NO APROBADA','2023-01-23','2023-01-24 07:17:31','2023-01-24 10:08:18',NULL,NULL,NULL,NULL,0,NULL),(394,6,8,7,NULL,'APROBADA','2023-01-23','2023-01-24 07:26:33','2023-01-31 12:06:58','josemanuel.blanco@baumcontrol.es',3,'2023-01-31',NULL,0,NULL),(395,3,8,29,NULL,'APROBADA','2023-01-23','2023-01-24 07:26:52','2023-02-03 09:28:11','marta.anguita@baumcontrol.es',15,'2023-02-03',NULL,0,NULL),(396,9,13,29,NULL,'APROBADA','2023-01-23','2023-01-24 16:20:37','2023-02-03 09:28:16','marta.anguita@baumcontrol.es',15,'2023-02-03',NULL,0,NULL),(397,9,13,29,NULL,'APROBADA','2023-01-24','2023-01-24 16:20:52','2023-02-03 09:28:22','marta.anguita@baumcontrol.es',15,'2023-02-03',NULL,0,NULL),(398,5,8,29,NULL,'APROBADA','2023-01-24','2023-01-25 07:30:25','2023-02-03 09:28:18','marta.anguita@baumcontrol.es',15,'2023-02-03',NULL,0,NULL),(399,6,10,9,NULL,'APROBADA','2023-01-23','2023-01-25 09:56:04','2023-01-31 12:10:24','josemanuel.blanco@baumcontrol.es',3,'2023-01-31',NULL,0,NULL),(400,3,10,26,NULL,'NO APROBADA','2023-01-23','2023-01-25 09:56:29','2023-01-25 09:56:29',NULL,NULL,NULL,NULL,0,NULL),(401,6,10,26,NULL,'NO APROBADA','2023-01-24','2023-01-25 12:42:58','2023-01-25 12:42:58',NULL,NULL,NULL,NULL,0,NULL),(402,2,10,9,NULL,'APROBADA','2023-01-24','2023-01-25 12:43:23','2023-01-31 12:10:20','josemanuel.blanco@baumcontrol.es',3,'2023-01-31',NULL,0,NULL),(403,1,10,87,NULL,'NO APROBADA','2023-01-24','2023-01-25 12:43:52','2023-01-25 12:43:52',NULL,NULL,NULL,NULL,0,NULL),(404,9,10,9,NULL,'APROBADA','2023-01-25','2023-01-25 19:28:49','2023-01-31 12:10:14','josemanuel.blanco@baumcontrol.es',3,'2023-01-31',NULL,0,NULL),(405,9,8,7,NULL,'APROBADA','2023-01-25','2023-01-26 07:29:52','2023-01-31 12:07:16','josemanuel.blanco@baumcontrol.es',3,'2023-01-31',NULL,0,NULL),(406,9,12,233,NULL,'NO APROBADA','2023-01-24','2023-01-26 11:46:17','2023-01-26 11:46:17',NULL,NULL,NULL,NULL,0,NULL),(407,9,12,233,NULL,'NO APROBADA','2023-01-25','2023-01-26 11:46:54','2023-01-26 11:46:54',NULL,NULL,NULL,NULL,0,NULL),(408,9,12,233,NULL,'NO APROBADA','2023-01-26','2023-01-26 11:47:18','2023-01-26 11:47:18',NULL,NULL,NULL,NULL,0,NULL),(409,6,12,233,NULL,'NO APROBADA','2023-01-27','2023-01-26 11:47:51','2023-01-26 11:47:51',NULL,NULL,NULL,NULL,0,NULL),(410,9,13,222,NULL,'APROBADA','2023-01-25','2023-01-26 14:01:48','2023-02-07 16:10:39','s_javier.ordonez@baumcontrol.es',16,'2023-02-07',NULL,0,NULL),(411,9,13,29,NULL,'APROBADA','2023-01-26','2023-01-26 14:02:08','2023-02-03 09:28:30','marta.anguita@baumcontrol.es',15,'2023-02-03',NULL,0,NULL),(412,8,19,54,NULL,'APROBADA','2023-01-09','2023-01-26 14:36:26','2023-03-22 16:55:49','marta.anguita@baumcontrol.es',15,'2023-03-22',NULL,0,NULL),(413,8,19,54,NULL,'APROBADA','2023-01-10','2023-01-26 14:38:47','2023-03-22 16:55:56','marta.anguita@baumcontrol.es',15,'2023-03-22',NULL,0,NULL),(414,8,19,54,NULL,'APROBADA','2023-01-11','2023-01-26 14:41:22','2023-03-22 16:55:59','marta.anguita@baumcontrol.es',15,'2023-03-22',NULL,0,NULL),(415,1,19,54,NULL,'APROBADA','2023-01-11','2023-01-26 14:41:51','2023-04-20 11:00:51','marta.anguita@baumcontrol.es',15,'2023-04-20','MAF: Me puedes indicar esta hora extra que es. gracias.\n\n\nEJM: Problemas de comunicación con la Intesis de Incendios de Instituto. Tuvimos que cargar nuevo Tonn.',1,NULL),(416,1,19,54,NULL,'APROBADA','2023-01-12','2023-01-26 14:42:14','2023-03-23 08:58:30','marta.anguita@baumcontrol.es',15,'2023-03-23',NULL,1,NULL),(417,8,19,54,NULL,'APROBADA','2023-01-12','2023-01-26 14:42:31','2023-03-22 16:56:07','marta.anguita@baumcontrol.es',15,'2023-03-22',NULL,0,NULL),(418,8,19,54,NULL,'APROBADA','2023-01-13','2023-01-26 14:44:37','2023-03-23 08:59:54','marta.anguita@baumcontrol.es',15,'2023-03-23',NULL,0,NULL),(419,6,19,54,NULL,'APROBADA','2023-01-16','2023-01-26 14:44:59','2023-03-23 08:58:11','marta.anguita@baumcontrol.es',15,'2023-03-23',NULL,0,NULL),(420,6,19,54,NULL,'APROBADA','2023-01-20','2023-01-26 14:48:04','2023-03-23 08:57:39','marta.anguita@baumcontrol.es',15,'2023-03-23',NULL,0,NULL),(421,8,19,54,NULL,'APROBADA','2023-01-23','2023-01-26 14:48:29','2023-03-23 08:57:31','marta.anguita@baumcontrol.es',15,'2023-03-23',NULL,0,NULL),(422,8,19,54,NULL,'APROBADA','2023-01-25','2023-01-26 14:48:44','2023-03-23 08:57:14','marta.anguita@baumcontrol.es',15,'2023-03-23',NULL,0,NULL),(423,8,19,54,NULL,'APROBADA','2023-01-26','2023-01-26 14:49:02','2023-03-23 08:57:07','marta.anguita@baumcontrol.es',15,'2023-03-23',NULL,0,NULL),(424,8,20,54,NULL,'APROBADA','2023-01-09','2023-01-26 15:01:38','2023-03-22 16:55:46','marta.anguita@baumcontrol.es',15,'2023-03-22',NULL,0,NULL),(425,8,20,54,NULL,'APROBADA','2023-01-10','2023-01-26 15:03:42','2023-03-22 16:55:51','marta.anguita@baumcontrol.es',15,'2023-03-22',NULL,0,NULL),(426,8,20,54,NULL,'APROBADA','2023-01-11','2023-01-26 15:04:19','2023-03-22 16:56:01','marta.anguita@baumcontrol.es',15,'2023-03-22',NULL,0,NULL),(427,8,20,54,NULL,'APROBADA','2023-01-13','2023-01-26 15:04:41','2023-03-23 08:59:52','marta.anguita@baumcontrol.es',15,'2023-03-23',NULL,0,NULL),(428,8,20,54,NULL,'APROBADA','2023-01-12','2023-01-26 15:05:00','2023-03-22 16:56:09','marta.anguita@baumcontrol.es',15,'2023-03-22',NULL,0,NULL),(429,8,20,54,NULL,'APROBADA','2023-01-16','2023-01-26 15:06:03','2023-03-23 08:58:13','marta.anguita@baumcontrol.es',15,'2023-03-23',NULL,0,NULL),(430,8,20,54,NULL,'APROBADA','2023-01-17','2023-01-26 15:06:20','2023-03-23 08:58:07','marta.anguita@baumcontrol.es',15,'2023-03-23',NULL,0,NULL),(431,8,20,54,NULL,'APROBADA','2023-01-18','2023-01-26 15:06:47','2023-03-23 08:57:58','marta.anguita@baumcontrol.es',15,'2023-03-23',NULL,0,NULL),(432,8,20,54,NULL,'APROBADA','2023-01-19','2023-01-26 15:07:07','2023-03-23 08:57:52','marta.anguita@baumcontrol.es',15,'2023-03-23',NULL,0,NULL),(433,8,20,54,NULL,'APROBADA','2023-01-20','2023-01-26 15:07:27','2023-03-23 08:57:41','marta.anguita@baumcontrol.es',15,'2023-03-23',NULL,0,NULL),(434,8,20,54,NULL,'APROBADA','2023-01-23','2023-01-26 15:07:55','2023-03-23 08:57:34','marta.anguita@baumcontrol.es',15,'2023-03-23',NULL,0,NULL),(435,8,20,54,NULL,'APROBADA','2023-01-24','2023-01-26 15:08:14','2023-03-23 08:57:23','marta.anguita@baumcontrol.es',15,'2023-03-23',NULL,0,NULL),(436,8,20,54,NULL,'APROBADA','2023-01-25','2023-01-26 15:08:33','2023-03-23 08:57:16','marta.anguita@baumcontrol.es',15,'2023-03-23',NULL,0,NULL),(437,8,20,54,NULL,'APROBADA','2023-01-26','2023-01-26 15:08:54','2023-03-23 08:57:09','marta.anguita@baumcontrol.es',15,'2023-03-23',NULL,0,NULL),(438,6,7,15,NULL,'APROBADA','2023-01-23','2023-01-26 15:49:12','2023-02-06 07:27:13','josemanuel.blanco@baumcontrol.es',3,'2023-02-06',NULL,0,NULL),(439,3,7,228,NULL,'NO APROBADA','2023-01-23','2023-01-26 15:52:05','2023-01-26 15:52:05',NULL,NULL,NULL,NULL,0,NULL),(440,9,7,228,NULL,'NO APROBADA','2023-01-24','2023-01-26 15:52:32','2023-01-26 15:52:32',NULL,NULL,NULL,NULL,0,NULL),(441,9,7,228,NULL,'NO APROBADA','2023-01-25','2023-01-26 15:53:04','2023-01-26 15:53:17',NULL,NULL,NULL,NULL,0,NULL),(442,9,10,9,NULL,'APROBADA','2023-01-26','2023-01-27 07:02:48','2023-01-31 12:12:15','josemanuel.blanco@baumcontrol.es',3,'2023-01-31',NULL,0,NULL),(443,3,10,26,NULL,'NO APROBADA','2023-01-09','2023-01-27 07:04:20','2023-01-27 07:04:20',NULL,NULL,NULL,NULL,0,NULL),(444,2,8,7,NULL,'APROBADA','2023-01-26','2023-01-27 07:55:29','2023-01-31 12:07:37','josemanuel.blanco@baumcontrol.es',3,'2023-01-31',NULL,0,NULL),(445,3,8,29,NULL,'APROBADA','2023-01-26','2023-01-27 07:55:48','2023-02-03 09:28:27','marta.anguita@baumcontrol.es',15,'2023-02-03',NULL,0,NULL),(446,8,19,54,NULL,'APROBADA','2023-01-27','2023-01-27 08:29:59','2023-02-02 17:17:41','s_javier.ordonez@baumcontrol.es',16,'2023-02-02',NULL,0,NULL),(447,1,19,86,NULL,'APROBADA','2023-01-20','2023-01-27 08:30:56','2023-02-07 16:09:08','s_javier.ordonez@baumcontrol.es',16,'2023-02-07','Se mira tema de la impresora de La Laguna.',0,NULL),(448,1,19,175,NULL,'APROBADA','2023-01-20','2023-01-27 08:31:19','2023-04-20 10:59:53','marta.anguita@baumcontrol.es',15,'2023-04-20','EJM: Se valoran las peticiones que nos ha pasado el cliente\nNo es hora extra, es hora de trabajo de la tele que se utilizó para esto.',0,NULL),(449,9,17,54,NULL,'APROBADA','2023-01-16','2023-01-27 09:27:25','2023-03-23 08:58:15','marta.anguita@baumcontrol.es',15,'2023-03-23',NULL,0,NULL),(450,9,17,54,NULL,'APROBADA','2023-01-17','2023-01-27 09:27:38','2023-03-23 08:58:09','marta.anguita@baumcontrol.es',15,'2023-03-23',NULL,0,NULL),(451,9,17,54,NULL,'APROBADA','2023-01-18','2023-01-27 09:27:48','2023-03-23 08:58:00','marta.anguita@baumcontrol.es',15,'2023-03-23',NULL,0,NULL),(452,9,17,54,NULL,'APROBADA','2023-01-19','2023-01-27 09:28:03','2023-03-23 08:57:54','marta.anguita@baumcontrol.es',15,'2023-03-23',NULL,0,NULL),(453,9,17,54,NULL,'APROBADA','2023-01-20','2023-01-27 09:28:14','2023-03-23 08:57:44','marta.anguita@baumcontrol.es',15,'2023-03-23',NULL,0,NULL),(454,9,17,54,NULL,'APROBADA','2023-01-23','2023-01-27 09:28:24','2023-03-23 08:57:37','marta.anguita@baumcontrol.es',15,'2023-03-23',NULL,0,NULL),(455,9,17,54,NULL,'APROBADA','2023-01-24','2023-01-27 09:28:34','2023-03-23 08:57:25','marta.anguita@baumcontrol.es',15,'2023-03-23',NULL,0,NULL),(456,9,17,54,NULL,'APROBADA','2023-01-25','2023-01-27 09:28:45','2023-03-23 08:57:18','marta.anguita@baumcontrol.es',15,'2023-03-23',NULL,0,NULL),(457,9,17,54,NULL,'APROBADA','2023-01-26','2023-01-27 09:28:56','2023-03-23 08:57:12','marta.anguita@baumcontrol.es',15,'2023-03-23',NULL,0,NULL),(458,9,17,54,NULL,'APROBADA','2023-01-27','2023-01-27 09:29:05','2023-02-02 17:17:45','s_javier.ordonez@baumcontrol.es',16,'2023-02-02',NULL,0,NULL),(459,6,8,7,NULL,'APROBADA','2023-01-27','2023-01-27 11:03:58','2023-01-31 12:07:42','josemanuel.blanco@baumcontrol.es',3,'2023-01-31',NULL,0,NULL),(460,2,11,55,NULL,'APROBADA','2023-01-27','2023-01-27 12:25:50','2023-02-03 09:30:21','marta.anguita@baumcontrol.es',15,'2023-02-03',NULL,0,NULL),(461,1,11,35,NULL,'APROBADA','2023-01-27','2023-01-27 12:26:08','2023-02-03 09:30:28','marta.anguita@baumcontrol.es',15,'2023-02-03',NULL,0,NULL),(462,1,11,10,NULL,'APROBADA','2023-01-27','2023-01-27 12:26:24','2023-02-03 09:30:24','marta.anguita@baumcontrol.es',15,'2023-02-03',NULL,0,NULL),(463,2,11,23,NULL,'APROBADA','2023-01-27','2023-01-27 12:55:02','2023-02-02 17:17:57','s_javier.ordonez@baumcontrol.es',16,'2023-02-02',NULL,0,NULL),(465,3,10,29,NULL,'APROBADA','2023-01-27','2023-01-27 13:05:35','2023-02-03 09:28:41','marta.anguita@baumcontrol.es',15,'2023-02-03',NULL,0,NULL),(466,1,10,86,NULL,'APROBADA','2023-01-27','2023-01-27 13:07:26','2023-02-07 16:09:10','s_javier.ordonez@baumcontrol.es',16,'2023-02-07',NULL,0,NULL),(467,2,10,230,NULL,'NO APROBADA','2023-01-27','2023-01-27 13:07:59','2023-01-27 13:07:59',NULL,NULL,NULL,NULL,0,NULL),(468,3,16,222,NULL,'APROBADA','2023-01-26','2023-01-30 07:27:58','2023-02-07 16:10:32','s_javier.ordonez@baumcontrol.es',16,'2023-02-07',NULL,0,NULL),(469,6,7,15,NULL,'APROBADA','2023-01-27','2023-01-30 07:28:16','2023-02-06 07:25:11','josemanuel.blanco@baumcontrol.es',3,'2023-02-06',NULL,0,NULL),(471,3,11,55,NULL,'APROBADA','2023-01-30','2023-01-30 09:51:57','2023-02-03 09:30:18','marta.anguita@baumcontrol.es',15,'2023-02-03',NULL,0,NULL),(472,6,13,40,NULL,'NO APROBADA','2023-01-27','2023-01-31 06:13:54','2023-01-31 06:13:54',NULL,NULL,NULL,NULL,0,NULL),(473,9,13,29,NULL,'APROBADA','2023-01-30','2023-01-31 06:14:15','2023-02-03 09:28:49','marta.anguita@baumcontrol.es',15,'2023-02-03',NULL,0,NULL),(474,7,8,7,NULL,'APROBADA','2023-01-30','2023-01-31 07:51:10','2023-02-06 07:25:45','josemanuel.blanco@baumcontrol.es',3,'2023-02-06',NULL,0,NULL),(475,2,8,29,NULL,'APROBADA','2023-01-30','2023-01-31 07:51:43','2023-02-03 09:28:51','marta.anguita@baumcontrol.es',15,'2023-02-03',NULL,0,NULL),(476,9,9,7,NULL,'APROBADA','2023-01-31','2023-01-31 07:55:29','2023-02-06 07:25:53','josemanuel.blanco@baumcontrol.es',3,'2023-02-06',NULL,0,NULL),(477,2,11,23,NULL,'APROBADA','2023-01-30','2023-01-31 08:35:24','2023-02-02 17:17:08','s_javier.ordonez@baumcontrol.es',16,'2023-02-02',NULL,0,NULL),(478,3,11,35,NULL,'APROBADA','2023-01-31','2023-01-31 11:41:48','2023-02-03 09:29:54','marta.anguita@baumcontrol.es',15,'2023-02-03',NULL,0,NULL),(479,4,10,29,NULL,'APROBADA','2023-01-30','2023-01-31 15:18:33','2023-02-03 09:28:45','marta.anguita@baumcontrol.es',15,'2023-02-03',NULL,0,NULL),(480,5,10,9,NULL,'APROBADA','2023-01-30','2023-01-31 15:18:52','2023-02-06 07:25:37','josemanuel.blanco@baumcontrol.es',3,'2023-02-06',NULL,0,NULL),(481,9,6,22,NULL,'APROBADA','2023-01-26','2023-01-31 18:42:21','2023-02-02 07:51:34','josemanuel.blanco@baumcontrol.es',3,'2023-02-02',NULL,0,NULL),(482,6,6,22,NULL,'APROBADA','2023-01-27','2023-01-31 18:42:58','2023-02-06 07:25:14','josemanuel.blanco@baumcontrol.es',3,'2023-02-06',NULL,0,NULL),(483,9,6,22,NULL,'APROBADA','2023-01-30','2023-01-31 18:43:19','2023-02-06 07:25:31','josemanuel.blanco@baumcontrol.es',3,'2023-02-06',NULL,0,NULL),(484,9,6,54,NULL,'APROBADA','2023-01-31','2023-01-31 18:43:45','2023-02-02 17:16:24','s_javier.ordonez@baumcontrol.es',16,'2023-02-02',NULL,0,NULL),(485,2,6,233,NULL,'NO APROBADA','2023-01-24','2023-01-31 18:49:53','2023-01-31 18:49:53',NULL,NULL,NULL,NULL,0,NULL),(486,3,6,233,NULL,'NO APROBADA','2023-01-25','2023-01-31 18:50:37','2023-01-31 18:50:37',NULL,NULL,NULL,NULL,0,NULL),(487,3,6,172,NULL,'APROBADA','2023-01-25','2023-01-31 18:52:25','2023-04-20 10:59:34','marta.anguita@baumcontrol.es',15,'2023-04-20','Calle Hierro 27 ',0,NULL),(488,1,11,10,NULL,'APROBADA','2023-01-31','2023-02-01 07:10:10','2023-02-03 09:29:49','marta.anguita@baumcontrol.es',15,'2023-02-03',NULL,0,NULL),(489,9,8,7,NULL,'APROBADA','2023-01-31','2023-02-01 07:18:32','2023-02-06 07:25:58','josemanuel.blanco@baumcontrol.es',3,'2023-02-06',NULL,0,NULL),(490,9,9,7,NULL,'APROBADA','2023-02-01','2023-02-01 07:42:20','2023-02-06 07:26:03','josemanuel.blanco@baumcontrol.es',3,'2023-02-06',NULL,0,NULL),(491,2,10,185,NULL,'APROBADA','2023-01-31','2023-02-01 09:06:02','2023-04-20 10:59:14','marta.anguita@baumcontrol.es',15,'2023-04-20',NULL,0,NULL),(492,7,10,29,NULL,'APROBADA','2023-01-31','2023-02-01 09:06:15','2023-02-03 09:28:55','marta.anguita@baumcontrol.es',15,'2023-02-03',NULL,0,NULL),(493,2,11,35,NULL,'APROBADA','2023-02-01','2023-02-01 10:01:39','2023-02-03 09:29:39','marta.anguita@baumcontrol.es',15,'2023-02-03',NULL,0,NULL),(494,1,11,23,NULL,'APROBADA','2023-02-01','2023-02-01 10:01:57','2023-02-02 17:14:24','s_javier.ordonez@baumcontrol.es',16,'2023-02-02',NULL,0,NULL),(495,1,11,10,NULL,'APROBADA','2023-02-01','2023-02-01 12:44:06','2023-02-03 09:29:42','marta.anguita@baumcontrol.es',15,'2023-02-03',NULL,0,NULL),(496,9,13,29,NULL,'APROBADA','2023-01-31','2023-02-01 14:19:12','2023-02-03 09:28:53','marta.anguita@baumcontrol.es',15,'2023-02-03',NULL,0,NULL),(497,6,7,185,NULL,'APROBADA','2023-01-26','2023-02-01 16:28:56','2023-04-20 10:59:28','marta.anguita@baumcontrol.es',15,'2023-04-20',NULL,0,NULL),(498,6,7,185,NULL,'APROBADA','2023-01-30','2023-02-01 16:30:07','2023-04-20 10:59:19','marta.anguita@baumcontrol.es',15,'2023-04-20',NULL,0,NULL),(499,3,7,24,NULL,'APROBADA','2023-01-30','2023-02-01 16:30:58','2023-02-03 09:30:03','marta.anguita@baumcontrol.es',15,'2023-02-03',NULL,0,NULL),(500,9,7,54,NULL,'APROBADA','2023-01-31','2023-02-01 16:31:27','2023-02-02 17:16:43','s_javier.ordonez@baumcontrol.es',16,'2023-02-02',NULL,0,NULL),(501,9,7,54,NULL,'APROBADA','2023-02-01','2023-02-01 16:31:47','2023-02-02 17:14:33','s_javier.ordonez@baumcontrol.es',16,'2023-02-02',NULL,0,NULL),(502,9,13,29,NULL,'APROBADA','2023-02-01','2023-02-02 06:03:04','2023-02-03 09:29:02','marta.anguita@baumcontrol.es',15,'2023-02-03',NULL,0,NULL),(503,9,9,7,NULL,'APROBADA','2023-02-02','2023-02-02 07:44:05','2023-02-06 07:26:12','josemanuel.blanco@baumcontrol.es',3,'2023-02-06',NULL,0,NULL),(504,6,9,7,NULL,'APROBADA','2023-02-03','2023-02-02 07:44:22','2023-02-06 07:26:30','josemanuel.blanco@baumcontrol.es',3,'2023-02-06',NULL,0,NULL),(505,6,8,7,NULL,'APROBADA','2023-02-01','2023-02-02 07:54:05','2023-02-06 07:26:08','josemanuel.blanco@baumcontrol.es',3,'2023-02-06',NULL,0,NULL),(506,3,8,29,NULL,'APROBADA','2023-02-01','2023-02-02 07:54:20','2023-02-03 09:29:00','marta.anguita@baumcontrol.es',15,'2023-02-03',NULL,0,NULL),(507,8,20,54,NULL,'APROBADA','2023-01-27','2023-02-02 08:03:31','2023-03-23 08:57:00','marta.anguita@baumcontrol.es',15,'2023-03-23',NULL,0,NULL),(508,8,20,54,NULL,'APROBADA','2023-01-30','2023-02-02 08:04:12','2023-02-02 17:17:23','s_javier.ordonez@baumcontrol.es',16,'2023-02-02',NULL,0,NULL),(509,8,20,54,NULL,'APROBADA','2023-02-01','2023-02-02 08:05:47','2023-02-02 17:15:11','s_javier.ordonez@baumcontrol.es',16,'2023-02-02',NULL,0,NULL),(510,8,20,54,NULL,'APROBADA','2023-02-02','2023-02-02 08:06:18','2023-02-02 17:14:03','s_javier.ordonez@baumcontrol.es',16,'2023-02-02',NULL,0,NULL),(511,8,20,54,NULL,'APROBADA','2023-02-03','2023-02-02 08:07:21','2023-02-02 11:24:33','s_javier.ordonez@baumcontrol.es',16,'2023-02-02',NULL,0,NULL),(512,8,19,54,NULL,'APROBADA','2023-01-30','2023-02-02 08:11:57','2023-02-02 17:17:29','s_javier.ordonez@baumcontrol.es',16,'2023-02-02',NULL,0,NULL),(513,8,19,54,NULL,'APROBADA','2023-02-02','2023-02-02 08:14:11','2023-02-02 17:14:10','s_javier.ordonez@baumcontrol.es',16,'2023-02-02',NULL,0,NULL),(514,1,11,23,NULL,'APROBADA','2023-02-01','2023-02-02 08:34:45','2023-02-02 17:15:22','s_javier.ordonez@baumcontrol.es',16,'2023-02-02',NULL,0,NULL),(515,2,11,10,NULL,'APROBADA','2023-02-02','2023-02-02 08:35:38','2023-02-03 09:29:32','marta.anguita@baumcontrol.es',15,'2023-02-03',NULL,0,NULL),(516,1,10,21,NULL,'APROBADA','2023-02-01','2023-02-02 08:41:48','2023-02-02 17:15:32','s_javier.ordonez@baumcontrol.es',16,'2023-02-02',NULL,0,NULL),(517,1,10,86,NULL,'APROBADA','2023-02-01','2023-02-02 08:42:32','2023-02-07 16:09:12','s_javier.ordonez@baumcontrol.es',16,'2023-02-07',NULL,0,NULL),(518,2,10,26,NULL,'APROBADA','2023-02-01','2023-02-02 08:42:52','2023-02-02 17:16:16','s_javier.ordonez@baumcontrol.es',16,'2023-02-02',NULL,0,NULL),(519,5,10,29,NULL,'APROBADA','2023-02-01','2023-02-02 08:43:16','2023-02-03 09:29:05','marta.anguita@baumcontrol.es',15,'2023-02-03',NULL,0,NULL),(520,2,10,185,NULL,'APROBADA','2023-02-02','2023-02-02 18:06:00','2023-04-20 10:58:44','marta.anguita@baumcontrol.es',15,'2023-04-20',NULL,0,NULL),(521,2,10,26,NULL,'NO APROBADA','2023-02-02','2023-02-02 18:06:22','2023-02-02 18:06:22',NULL,NULL,NULL,NULL,0,NULL),(522,1,10,9,NULL,'APROBADA','2023-02-02','2023-02-02 18:06:52','2023-02-06 07:26:17','josemanuel.blanco@baumcontrol.es',3,'2023-02-06',NULL,0,NULL),(523,4,10,29,NULL,'APROBADA','2023-02-02','2023-02-02 18:07:21','2023-02-03 09:29:07','marta.anguita@baumcontrol.es',15,'2023-02-03',NULL,0,NULL),(524,9,5,29,NULL,'APROBADA','2023-01-25','2023-02-02 22:14:53','2023-02-03 09:28:25','marta.anguita@baumcontrol.es',15,'2023-02-03',NULL,0,NULL),(525,9,5,29,NULL,'APROBADA','2023-01-26','2023-02-02 22:16:18','2023-02-03 09:28:32','marta.anguita@baumcontrol.es',15,'2023-02-03',NULL,0,NULL),(526,6,5,29,NULL,'APROBADA','2023-01-27','2023-02-02 22:16:56','2023-02-03 09:28:43','marta.anguita@baumcontrol.es',15,'2023-02-03',NULL,0,NULL),(527,9,5,29,NULL,'APROBADA','2023-01-30','2023-02-02 22:17:21','2023-02-03 09:28:47','marta.anguita@baumcontrol.es',15,'2023-02-03',NULL,0,NULL),(528,10,5,29,NULL,'APROBADA','2023-01-31','2023-02-02 22:17:55','2023-02-03 09:28:57','marta.anguita@baumcontrol.es',15,'2023-02-03',NULL,0,NULL),(529,2,11,35,NULL,'APROBADA','2023-02-02','2023-02-03 08:21:15','2023-02-03 09:29:37','marta.anguita@baumcontrol.es',15,'2023-02-03',NULL,0,NULL),(530,1,11,35,NULL,'APROBADA','2023-02-03','2023-02-03 10:21:37','2023-03-01 15:13:09','marta.anguita@baumcontrol.es',15,'2023-03-01',NULL,0,NULL),(531,1,11,55,NULL,'APROBADA','2023-02-03','2023-02-03 10:21:51','2023-03-23 08:56:21','marta.anguita@baumcontrol.es',15,'2023-03-23',NULL,0,NULL),(532,1,11,222,NULL,'APROBADA','2023-02-03','2023-02-03 10:23:44','2023-02-07 16:10:14','s_javier.ordonez@baumcontrol.es',16,'2023-02-07',NULL,0,NULL),(533,6,8,7,NULL,'APROBADA','2023-02-02','2023-02-03 15:15:52','2023-02-06 07:26:21','josemanuel.blanco@baumcontrol.es',3,'2023-02-06',NULL,0,NULL),(534,3,8,29,NULL,'APROBADA','2023-02-02','2023-02-03 15:16:06','2023-03-01 15:13:24','marta.anguita@baumcontrol.es',15,'2023-03-01',NULL,0,NULL),(535,2,8,29,NULL,'APROBADA','2023-02-03','2023-02-03 15:17:17','2023-03-23 08:56:30','marta.anguita@baumcontrol.es',15,'2023-03-23',NULL,0,NULL),(536,9,9,7,NULL,'APROBADA','2023-02-06','2023-02-06 07:21:27','2023-03-03 11:12:59','josemanuel.blanco@baumcontrol.es',3,'2023-03-03',NULL,0,NULL),(537,9,9,7,NULL,'APROBADA','2023-02-07','2023-02-06 07:21:47','2023-03-03 11:13:21','josemanuel.blanco@baumcontrol.es',3,'2023-03-03',NULL,0,NULL),(538,5,3,208,NULL,'APROBADA','2023-01-31','2023-02-06 07:54:24','2023-03-01 15:13:44','marta.anguita@baumcontrol.es',15,'2023-03-01',NULL,0,NULL),(539,3,3,208,NULL,'APROBADA','2023-02-01','2023-02-06 07:54:58','2023-03-01 15:13:34','marta.anguita@baumcontrol.es',15,'2023-03-01',NULL,0,NULL),(540,1,10,86,NULL,'APROBADA','2023-02-03','2023-02-06 15:59:50','2023-02-07 16:09:14','s_javier.ordonez@baumcontrol.es',16,'2023-02-07',NULL,0,NULL),(541,1,10,26,NULL,'APROBADA','2023-02-03','2023-02-06 16:00:09','2023-02-07 16:03:45','s_javier.ordonez@baumcontrol.es',16,'2023-02-07',NULL,0,NULL),(542,4,10,29,NULL,'APROBADA','2023-02-03','2023-02-06 16:00:31','2023-03-01 15:13:02','marta.anguita@baumcontrol.es',15,'2023-03-01',NULL,0,NULL),(543,1,10,9,NULL,'APROBADA','2023-02-06','2023-02-06 16:00:49','2023-03-03 11:13:03','josemanuel.blanco@baumcontrol.es',3,'2023-03-03',NULL,0,NULL),(544,1,10,86,NULL,'APROBADA','2023-02-06','2023-02-06 16:01:14','2023-02-07 16:09:15','s_javier.ordonez@baumcontrol.es',16,'2023-02-07',NULL,0,NULL),(545,7,10,29,NULL,'APROBADA','2023-02-06','2023-02-06 16:01:38','2023-03-01 15:12:56','marta.anguita@baumcontrol.es',15,'2023-03-01',NULL,0,NULL),(546,3,3,208,NULL,'APROBADA','2023-02-06','2023-02-06 17:21:30','2023-03-01 15:12:47','marta.anguita@baumcontrol.es',15,'2023-03-01',NULL,0,NULL),(547,9,13,29,NULL,'APROBADA','2023-02-02','2023-02-07 06:36:26','2023-03-01 15:13:18','marta.anguita@baumcontrol.es',15,'2023-03-01',NULL,0,NULL),(548,3,13,17,NULL,'APROBADA','2023-02-03','2023-02-07 06:37:20','2023-03-01 15:13:07','marta.anguita@baumcontrol.es',15,'2023-03-01',NULL,0,NULL),(549,3,13,35,NULL,'APROBADA','2023-02-03','2023-02-07 06:37:46','2023-03-01 15:13:00','marta.anguita@baumcontrol.es',15,'2023-03-01',NULL,0,NULL),(550,7,8,7,NULL,'APROBADA','2023-02-06','2023-02-07 07:14:16','2023-03-03 11:12:57','josemanuel.blanco@baumcontrol.es',3,'2023-03-03',NULL,0,NULL),(551,2,8,29,NULL,'APROBADA','2023-02-06','2023-02-07 07:14:49','2023-03-01 15:12:52','marta.anguita@baumcontrol.es',15,'2023-03-01',NULL,0,NULL),(552,9,7,228,NULL,'NO APROBADA','2023-02-02','2023-02-07 07:44:37','2023-02-07 07:44:37',NULL,NULL,NULL,NULL,0,NULL),(553,6,7,228,NULL,'NO APROBADA','2023-02-03','2023-02-07 07:45:09','2023-02-07 07:45:09',NULL,NULL,NULL,NULL,0,NULL),(554,9,12,222,NULL,'APROBADA','2023-01-30','2023-02-07 08:19:19','2023-02-07 16:10:25','s_javier.ordonez@baumcontrol.es',16,'2023-02-07',NULL,0,NULL),(555,5,12,208,NULL,'APROBADA','2023-01-31','2023-02-07 08:20:06','2023-02-10 14:34:04','marta.anguita@baumcontrol.es',15,'2023-02-10',NULL,0,NULL),(556,4,12,10,NULL,'APROBADA','2023-01-31','2023-02-07 08:20:26','2023-02-10 11:26:48','marta.anguita@baumcontrol.es',15,'2023-02-10',NULL,0,NULL),(557,9,12,29,NULL,'APROBADA','2023-02-01','2023-02-07 08:20:57','2023-02-10 14:34:00','marta.anguita@baumcontrol.es',15,'2023-02-10',NULL,0,NULL),(558,9,12,29,NULL,'APROBADA','2023-02-02','2023-02-07 08:21:19','2023-02-10 14:33:56','marta.anguita@baumcontrol.es',15,'2023-02-10',NULL,0,NULL),(559,3,12,17,NULL,'APROBADA','2023-02-03','2023-02-07 08:22:00','2023-02-10 14:34:16','marta.anguita@baumcontrol.es',15,'2023-02-10',NULL,0,NULL),(560,3,12,35,NULL,'APROBADA','2023-02-03','2023-02-07 08:22:23','2023-02-10 14:33:50','marta.anguita@baumcontrol.es',15,'2023-02-10',NULL,0,NULL),(561,9,12,222,NULL,'APROBADA','2023-02-06','2023-02-07 08:22:51','2023-02-07 16:10:08','s_javier.ordonez@baumcontrol.es',16,'2023-02-07',NULL,0,NULL),(562,9,12,222,NULL,'APROBADA','2023-02-07','2023-02-07 08:23:09','2023-02-07 16:10:01','s_javier.ordonez@baumcontrol.es',16,'2023-02-07',NULL,0,NULL),(563,8,19,54,NULL,'APROBADA','2023-02-03','2023-02-07 08:25:17','2023-03-23 08:56:17','marta.anguita@baumcontrol.es',15,'2023-03-23',NULL,0,NULL),(564,8,19,54,NULL,'APROBADA','2023-02-06','2023-02-07 08:26:00','2023-03-23 08:56:14','marta.anguita@baumcontrol.es',15,'2023-03-23',NULL,0,NULL),(565,8,19,54,NULL,'APROBADA','2023-02-07','2023-02-07 08:26:17','2023-03-23 08:54:39','marta.anguita@baumcontrol.es',15,'2023-03-23',NULL,0,NULL),(566,8,19,54,NULL,'APROBADA','2023-02-08','2023-02-07 08:26:47','2023-03-23 08:53:31','marta.anguita@baumcontrol.es',15,'2023-03-23',NULL,0,NULL),(567,8,19,54,NULL,'APROBADA','2023-02-09','2023-02-07 08:27:04','2023-03-23 08:53:12','marta.anguita@baumcontrol.es',15,'2023-03-23',NULL,0,NULL),(568,8,19,54,NULL,'APROBADA','2023-02-10','2023-02-07 08:27:18','2023-03-23 08:52:58','marta.anguita@baumcontrol.es',15,'2023-03-23',NULL,0,NULL),(569,6,3,69,NULL,'APROBADA','2023-02-07','2023-02-07 16:12:00','2023-02-08 14:06:08','marta.anguita@baumcontrol.es',15,'2023-02-08',NULL,0,NULL),(570,9,10,9,NULL,'APROBADA','2023-02-07','2023-02-07 21:59:15','2023-03-03 11:13:33','josemanuel.blanco@baumcontrol.es',3,'2023-03-03',NULL,0,NULL),(571,9,9,7,NULL,'APROBADA','2023-02-08','2023-02-08 07:42:51','2023-03-03 11:13:37','josemanuel.blanco@baumcontrol.es',3,'2023-03-03',NULL,0,NULL),(572,9,9,7,NULL,'APROBADA','2023-02-09','2023-02-08 07:43:07','2023-03-03 11:13:43','josemanuel.blanco@baumcontrol.es',3,'2023-03-03',NULL,0,NULL),(573,6,9,7,NULL,'APROBADA','2023-02-10','2023-02-08 07:43:22','2023-03-03 11:14:21','josemanuel.blanco@baumcontrol.es',3,'2023-03-03',NULL,0,NULL),(574,11,13,224,NULL,'APROBADA','2023-02-07','2023-02-08 07:57:33','2023-02-13 08:51:19','lourdes.carrasquilla@baumcontrol.es',2,'2023-02-13',NULL,1,NULL),(575,2,11,35,NULL,'APROBADA','2023-02-07','2023-02-08 09:20:10','2023-03-01 15:12:23','marta.anguita@baumcontrol.es',15,'2023-03-01',NULL,0,NULL),(576,4,11,35,NULL,'APROBADA','2023-02-08','2023-02-08 11:15:43','2023-03-01 15:12:06','marta.anguita@baumcontrol.es',15,'2023-03-01',NULL,0,NULL),(577,4,8,7,NULL,'APROBADA','2023-02-07','2023-02-09 08:13:46','2023-03-03 11:13:10','josemanuel.blanco@baumcontrol.es',3,'2023-03-03',NULL,0,NULL),(578,4,8,29,NULL,'APROBADA','2023-02-07','2023-02-09 08:14:01','2023-03-01 15:12:32','marta.anguita@baumcontrol.es',15,'2023-03-01',NULL,0,NULL),(579,4,8,7,NULL,'APROBADA','2023-02-08','2023-02-09 08:14:51','2023-03-03 11:13:36','josemanuel.blanco@baumcontrol.es',3,'2023-03-03',NULL,0,NULL),(580,5,8,29,NULL,'APROBADA','2023-02-08','2023-02-09 08:15:07','2023-03-01 15:12:09','marta.anguita@baumcontrol.es',15,'2023-03-01',NULL,0,NULL),(581,9,12,222,NULL,'NO APROBADA','2023-02-08','2023-02-09 16:28:05','2023-02-09 16:28:05',NULL,NULL,NULL,NULL,0,NULL),(582,9,12,35,NULL,'APROBADA','2023-02-09','2023-02-09 16:28:44','2023-02-10 14:34:21','marta.anguita@baumcontrol.es',15,'2023-02-10',NULL,0,NULL),(583,9,17,54,NULL,'APROBADA','2023-01-30','2023-02-10 07:55:47','2023-03-23 08:56:58','marta.anguita@baumcontrol.es',15,'2023-03-23',NULL,0,NULL),(584,9,17,54,NULL,'APROBADA','2023-01-31','2023-02-10 07:56:06','2023-03-23 08:56:52','marta.anguita@baumcontrol.es',15,'2023-03-23',NULL,0,NULL),(585,9,17,54,NULL,'APROBADA','2023-02-01','2023-02-10 07:56:33','2023-03-23 08:56:46','marta.anguita@baumcontrol.es',15,'2023-03-23',NULL,0,NULL),(586,9,17,54,NULL,'APROBADA','2023-02-02','2023-02-10 07:56:43','2023-03-23 08:56:32','marta.anguita@baumcontrol.es',15,'2023-03-23',NULL,0,NULL),(587,9,17,54,NULL,'APROBADA','2023-02-03','2023-02-10 07:56:56','2023-03-23 08:56:19','marta.anguita@baumcontrol.es',15,'2023-03-23',NULL,0,NULL),(588,7,17,7,NULL,'APROBADA','2023-02-06','2023-02-10 07:57:34','2023-03-03 11:12:51','josemanuel.blanco@baumcontrol.es',3,'2023-03-03',NULL,0,NULL),(589,2,17,29,NULL,'APROBADA','2023-02-06','2023-02-10 07:58:23','2023-03-01 15:12:49','marta.anguita@baumcontrol.es',15,'2023-03-01',NULL,0,NULL),(590,9,17,7,NULL,'APROBADA','2023-02-07','2023-02-10 07:59:05','2023-03-03 11:13:08','josemanuel.blanco@baumcontrol.es',3,'2023-03-03',NULL,0,NULL),(591,7,17,7,NULL,'APROBADA','2023-02-08','2023-02-10 07:59:28','2023-03-03 11:13:41','josemanuel.blanco@baumcontrol.es',3,'2023-03-03',NULL,0,NULL),(592,2,17,29,NULL,'APROBADA','2023-02-08','2023-02-10 07:59:39','2023-03-01 15:12:12','marta.anguita@baumcontrol.es',15,'2023-03-01',NULL,0,NULL),(593,3,17,29,NULL,'APROBADA','2023-02-09','2023-02-10 08:00:29','2023-03-01 15:11:36','marta.anguita@baumcontrol.es',15,'2023-03-01',NULL,0,NULL),(594,6,17,7,NULL,'APROBADA','2023-02-09','2023-02-10 08:00:41','2023-03-22 16:45:19','josemanuel.blanco@baumcontrol.es',3,'2023-03-22',NULL,0,NULL),(595,6,17,7,NULL,'APROBADA','2023-02-10','2023-02-10 08:04:42','2023-03-03 11:14:18','josemanuel.blanco@baumcontrol.es',3,'2023-03-03',NULL,0,NULL),(596,2,17,29,NULL,'APROBADA','2023-01-30','2023-02-10 08:59:18','2023-03-01 15:13:52','marta.anguita@baumcontrol.es',15,'2023-03-01',NULL,1,NULL),(597,1,17,29,NULL,'APROBADA','2023-02-01','2023-02-10 09:00:58','2023-03-23 08:56:41','marta.anguita@baumcontrol.es',15,'2023-03-23',NULL,1,NULL),(598,1,17,29,NULL,'APROBADA','2023-02-02','2023-02-10 09:01:31','2023-03-01 15:13:21','marta.anguita@baumcontrol.es',15,'2023-03-01',NULL,1,NULL),(599,3,17,29,NULL,'APROBADA','2023-02-03','2023-02-10 09:03:08','2023-03-01 15:13:04','marta.anguita@baumcontrol.es',15,'2023-03-01',NULL,1,NULL),(600,2,17,29,NULL,'APROBADA','2023-02-04','2023-02-10 09:03:48','2023-03-01 15:12:45','marta.anguita@baumcontrol.es',15,'2023-03-01',NULL,1,NULL),(601,1,17,29,NULL,'APROBADA','2023-02-07','2023-02-10 09:04:09','2023-03-01 15:12:29','marta.anguita@baumcontrol.es',15,'2023-03-01',NULL,1,NULL),(602,4,17,29,NULL,'APROBADA','2023-02-08','2023-02-10 09:04:40','2023-03-01 15:12:15','marta.anguita@baumcontrol.es',15,'2023-03-01',NULL,1,NULL),(603,1,17,29,NULL,'APROBADA','2023-02-09','2023-02-10 09:04:54','2023-03-01 15:11:48','marta.anguita@baumcontrol.es',15,'2023-03-01',NULL,1,NULL),(604,8,20,54,NULL,'APROBADA','2023-02-06','2023-02-10 11:38:07','2023-04-20 10:58:36','marta.anguita@baumcontrol.es',15,'2023-04-20',NULL,0,NULL),(605,8,20,54,NULL,'APROBADA','2023-02-07','2023-02-10 11:39:19','2023-03-23 08:54:37','marta.anguita@baumcontrol.es',15,'2023-03-23',NULL,0,NULL),(606,8,20,54,NULL,'APROBADA','2023-02-08','2023-02-10 11:44:46','2023-03-23 08:53:21','marta.anguita@baumcontrol.es',15,'2023-03-23',NULL,0,NULL),(607,8,20,54,NULL,'APROBADA','2023-02-09','2023-02-10 11:45:14','2023-03-23 08:53:00','marta.anguita@baumcontrol.es',15,'2023-03-23',NULL,0,NULL),(608,8,20,54,NULL,'APROBADA','2023-02-10','2023-02-10 11:45:39','2023-03-23 08:52:54','marta.anguita@baumcontrol.es',15,'2023-03-23',NULL,0,NULL),(609,9,13,29,NULL,'APROBADA','2023-02-08','2023-02-10 11:58:49','2023-03-01 15:12:20','marta.anguita@baumcontrol.es',15,'2023-03-01',NULL,0,NULL),(610,9,13,29,NULL,'APROBADA','2023-02-09','2023-02-10 11:59:17','2023-03-01 15:11:32','marta.anguita@baumcontrol.es',15,'2023-03-01',NULL,0,NULL),(611,6,13,87,NULL,'APROBADA','2023-02-10','2023-02-10 11:59:47','2023-02-12 19:08:48','s_javier.ordonez@baumcontrol.es',16,'2023-02-12',NULL,0,NULL),(612,1,11,35,NULL,'APROBADA','2023-02-10','2023-02-10 12:37:24','2023-03-01 15:11:18','marta.anguita@baumcontrol.es',15,'2023-03-01',NULL,0,NULL),(613,5,6,172,NULL,'APROBADA','2023-02-01','2023-02-12 17:56:09','2023-04-20 10:59:08','marta.anguita@baumcontrol.es',15,'2023-04-20','RG: HIERRO 27 Y RAMON POWER 24',0,NULL),(614,2,6,185,NULL,'APROBADA','2023-02-01','2023-02-12 17:58:56','2023-04-20 10:59:10','marta.anguita@baumcontrol.es',15,'2023-04-20',NULL,0,NULL),(615,9,6,22,NULL,'APROBADA','2023-02-02','2023-02-12 17:59:45','2023-03-03 11:12:34','josemanuel.blanco@baumcontrol.es',3,'2023-03-03',NULL,0,NULL),(616,6,6,22,NULL,'APROBADA','2023-02-03','2023-02-12 18:00:06','2023-03-03 11:12:38','josemanuel.blanco@baumcontrol.es',3,'2023-03-03',NULL,0,NULL),(617,3,6,185,NULL,'APROBADA','2023-01-25','2023-02-12 18:03:21','2023-04-20 10:59:40','marta.anguita@baumcontrol.es',15,'2023-04-20',NULL,0,NULL),(618,9,6,185,NULL,'APROBADA','2023-01-23','2023-02-12 18:04:20','2023-04-20 10:59:48','marta.anguita@baumcontrol.es',15,'2023-04-20',NULL,0,NULL),(619,7,6,185,NULL,'APROBADA','2023-01-24','2023-02-12 18:05:23','2023-04-20 10:59:45','marta.anguita@baumcontrol.es',15,'2023-04-20',NULL,0,NULL),(620,2,6,172,NULL,'APROBADA','2023-02-08','2023-02-12 18:08:11','2023-02-13 08:50:55','lourdes.carrasquilla@baumcontrol.es',2,'2023-02-13',NULL,0,NULL),(621,7,6,185,NULL,'APROBADA','2023-02-08','2023-02-12 18:08:46','2023-02-13 08:50:59','lourdes.carrasquilla@baumcontrol.es',2,'2023-02-13',NULL,0,NULL),(622,2,6,185,NULL,'APROBADA','2023-02-09','2023-02-12 18:09:15','2023-02-13 08:50:32','lourdes.carrasquilla@baumcontrol.es',2,'2023-02-13',NULL,0,NULL),(623,1,6,185,NULL,'APROBADA','2023-02-10','2023-02-12 18:09:43','2023-02-13 08:50:10','lourdes.carrasquilla@baumcontrol.es',2,'2023-02-13',NULL,0,NULL),(624,9,7,177,NULL,'APROBADA','2023-02-07','2023-02-12 21:35:58','2023-02-13 08:51:43','lourdes.carrasquilla@baumcontrol.es',2,'2023-02-13',NULL,0,NULL),(625,9,7,222,NULL,'NO APROBADA','2023-02-08','2023-02-12 21:36:16','2023-02-12 21:36:16',NULL,NULL,NULL,NULL,0,NULL),(626,6,7,222,NULL,'NO APROBADA','2023-02-10','2023-02-12 21:36:31','2023-02-12 21:36:31',NULL,NULL,NULL,NULL,0,NULL),(627,9,7,222,NULL,'NO APROBADA','2023-02-09','2023-02-12 21:36:50','2023-02-12 21:36:50',NULL,NULL,NULL,NULL,0,NULL),(628,9,9,7,NULL,'APROBADA','2023-02-13','2023-02-13 06:58:48','2023-03-03 11:14:24','josemanuel.blanco@baumcontrol.es',3,'2023-03-03',NULL,0,NULL),(629,8,10,29,NULL,'APROBADA','2023-02-08','2023-02-13 07:14:16','2023-03-01 15:12:02','marta.anguita@baumcontrol.es',15,'2023-03-01',NULL,0,NULL),(630,1,10,26,NULL,'NO APROBADA','2023-02-08','2023-02-13 07:15:29','2023-02-13 07:15:29',NULL,NULL,NULL,NULL,0,NULL),(631,7,10,29,NULL,'APROBADA','2023-02-09','2023-02-13 07:16:24','2023-03-01 15:11:51','marta.anguita@baumcontrol.es',15,'2023-03-01',NULL,0,NULL),(632,1,10,9,NULL,'APROBADA','2023-02-09','2023-02-13 07:16:43','2023-03-03 11:14:06','josemanuel.blanco@baumcontrol.es',3,'2023-03-03',NULL,0,NULL),(633,1,10,185,NULL,'APROBADA','2023-02-09','2023-02-13 07:17:15','2023-02-13 08:50:40','lourdes.carrasquilla@baumcontrol.es',2,'2023-02-13',NULL,0,NULL),(634,1,10,9,NULL,'APROBADA','2023-02-09','2023-02-13 07:17:34','2023-03-03 11:13:55','josemanuel.blanco@baumcontrol.es',3,'2023-03-03',NULL,0,NULL),(635,1,10,91,NULL,'NO APROBADA','2023-02-10','2023-02-13 07:18:05','2023-02-13 07:18:05',NULL,NULL,NULL,NULL,0,NULL),(636,3,10,87,NULL,'NO APROBADA','2023-02-10','2023-02-13 07:18:24','2023-02-13 07:18:24',NULL,NULL,NULL,NULL,0,NULL),(637,2,10,29,NULL,'APROBADA','2023-02-10','2023-02-13 07:18:47','2023-03-01 15:11:13','marta.anguita@baumcontrol.es',15,'2023-03-01',NULL,0,NULL),(638,3,8,7,NULL,'APROBADA','2023-02-09','2023-02-13 08:51:10','2023-03-03 11:13:49','josemanuel.blanco@baumcontrol.es',3,'2023-03-03',NULL,0,NULL),(639,6,8,29,NULL,'APROBADA','2023-02-09','2023-02-13 08:51:24','2023-03-01 15:11:42','marta.anguita@baumcontrol.es',15,'2023-03-01',NULL,0,NULL),(640,1,8,29,NULL,'APROBADA','2023-02-10','2023-02-13 08:51:57','2023-03-01 15:11:20','marta.anguita@baumcontrol.es',15,'2023-03-01',NULL,0,NULL),(641,5,17,29,NULL,'APROBADA','2023-02-10','2023-02-13 08:52:00','2023-03-01 15:11:29','marta.anguita@baumcontrol.es',15,'2023-03-01',NULL,1,NULL),(642,2,17,29,NULL,'APROBADA','2023-02-11','2023-02-13 08:52:37','2023-03-01 15:11:01','marta.anguita@baumcontrol.es',15,'2023-03-01',NULL,1,NULL),(643,1,17,29,NULL,'APROBADA','2023-02-12','2023-02-13 08:53:16','2023-03-01 15:10:59','marta.anguita@baumcontrol.es',15,'2023-03-01',NULL,1,NULL),(644,3,12,35,NULL,'APROBADA','2023-02-10','2023-02-13 15:19:52','2023-03-01 15:11:11','marta.anguita@baumcontrol.es',15,'2023-03-01',NULL,0,NULL),(645,3,12,208,NULL,'APROBADA','2023-02-10','2023-02-13 15:20:18','2023-03-01 15:11:15','marta.anguita@baumcontrol.es',15,'2023-03-01',NULL,0,NULL),(646,6,12,10,NULL,'APROBADA','2023-02-13','2023-02-13 15:20:51','2023-03-01 15:10:49','marta.anguita@baumcontrol.es',15,'2023-03-01',NULL,0,NULL),(647,3,12,59,NULL,'APROBADA','2023-02-13','2023-02-13 15:21:14','2023-03-03 11:14:31','josemanuel.blanco@baumcontrol.es',3,'2023-03-03',NULL,0,NULL),(648,9,13,116,NULL,'NO APROBADA','2023-02-13','2023-02-14 05:50:03','2023-02-14 05:50:03',NULL,NULL,NULL,NULL,0,NULL),(649,9,9,7,NULL,'APROBADA','2023-02-14','2023-02-14 07:30:16','2023-03-03 11:14:54','josemanuel.blanco@baumcontrol.es',3,'2023-03-03',NULL,0,NULL),(650,9,8,7,NULL,'APROBADA','2023-02-13','2023-02-14 08:03:45','2023-03-03 11:14:25','josemanuel.blanco@baumcontrol.es',3,'2023-03-03',NULL,0,NULL),(651,1,11,55,NULL,'APROBADA','2023-02-14','2023-02-14 10:51:43','2023-03-01 15:10:36','marta.anguita@baumcontrol.es',15,'2023-03-01',NULL,0,NULL),(652,4,10,9,NULL,'APROBADA','2023-02-13','2023-02-14 13:05:50','2023-03-03 11:14:34','josemanuel.blanco@baumcontrol.es',3,'2023-03-03',NULL,0,NULL),(653,5,10,116,NULL,'NO APROBADA','2023-02-13','2023-02-14 13:06:16','2023-02-14 13:06:16',NULL,NULL,NULL,NULL,0,NULL),(654,9,9,7,NULL,'APROBADA','2023-02-15','2023-02-14 15:40:56','2023-03-03 11:15:03','josemanuel.blanco@baumcontrol.es',3,'2023-03-03',NULL,0,NULL),(655,9,9,7,NULL,'APROBADA','2023-02-16','2023-02-14 15:47:09','2023-03-03 11:15:12','josemanuel.blanco@baumcontrol.es',3,'2023-03-03',NULL,0,NULL),(656,6,9,7,NULL,'APROBADA','2023-02-17','2023-02-14 15:47:23','2023-03-03 11:15:19','josemanuel.blanco@baumcontrol.es',3,'2023-03-03',NULL,0,NULL),(657,9,12,244,NULL,'NO APROBADA','2023-02-14','2023-02-15 08:24:18','2023-02-15 08:24:18',NULL,NULL,NULL,NULL,0,NULL),(658,9,12,244,NULL,'APROBADA','2023-02-15','2023-02-15 08:24:47','2023-02-20 13:10:01','lourdes.carrasquilla@baumcontrol.es',2,'2023-02-20',NULL,0,NULL),(659,4,7,207,NULL,'APROBADA','2023-02-13','2023-02-15 08:44:12','2023-03-03 11:14:41','josemanuel.blanco@baumcontrol.es',3,'2023-03-03',NULL,0,NULL),(660,5,7,222,NULL,'NO APROBADA','2023-02-13','2023-02-15 08:44:48','2023-02-15 08:44:48',NULL,NULL,NULL,NULL,0,NULL),(661,9,7,210,NULL,'APROBADA','2023-02-14','2023-02-15 08:45:22','2023-02-20 13:12:37','lourdes.carrasquilla@baumcontrol.es',2,'2023-02-20',NULL,0,NULL),(662,9,7,210,NULL,'APROBADA','2023-02-15','2023-02-15 08:45:44','2023-02-20 13:10:06','lourdes.carrasquilla@baumcontrol.es',2,'2023-02-20',NULL,0,NULL),(663,9,8,7,NULL,'APROBADA','2023-02-14','2023-02-16 07:10:44','2023-03-03 11:14:50','josemanuel.blanco@baumcontrol.es',3,'2023-03-03',NULL,0,NULL),(664,6,8,7,NULL,'APROBADA','2023-02-15','2023-02-16 07:11:04','2023-03-03 11:15:00','josemanuel.blanco@baumcontrol.es',3,'2023-03-03',NULL,0,NULL),(665,3,8,29,NULL,'APROBADA','2023-02-15','2023-02-16 07:11:16','2023-03-01 15:10:06','marta.anguita@baumcontrol.es',15,'2023-03-01',NULL,0,NULL),(666,1,17,29,NULL,'APROBADA','2023-02-13','2023-02-16 09:42:22','2023-03-01 15:10:56','marta.anguita@baumcontrol.es',15,'2023-03-01',NULL,1,NULL),(667,2,17,29,NULL,'APROBADA','2023-02-13','2023-02-16 09:42:59','2023-03-01 15:10:53','marta.anguita@baumcontrol.es',15,'2023-03-01',NULL,0,NULL),(668,7,17,7,NULL,'APROBADA','2023-02-13','2023-02-16 09:43:35','2023-03-03 11:14:27','josemanuel.blanco@baumcontrol.es',3,'2023-03-03',NULL,0,NULL),(669,1,17,29,NULL,'APROBADA','2023-02-14','2023-02-16 09:45:15','2023-03-01 15:10:24','marta.anguita@baumcontrol.es',15,'2023-03-01',NULL,1,NULL),(670,9,17,7,NULL,'APROBADA','2023-02-14','2023-02-16 09:45:26','2023-03-03 11:14:52','josemanuel.blanco@baumcontrol.es',3,'2023-03-03',NULL,0,NULL),(671,6,17,7,NULL,'APROBADA','2023-02-15','2023-02-16 09:46:01','2023-03-03 11:15:08','josemanuel.blanco@baumcontrol.es',3,'2023-03-03',NULL,0,NULL),(672,3,17,29,NULL,'APROBADA','2023-02-15','2023-02-16 09:46:22','2023-03-01 15:10:21','marta.anguita@baumcontrol.es',15,'2023-03-01',NULL,0,NULL),(673,8,17,29,NULL,'APROBADA','2023-02-16','2023-02-17 07:37:35','2023-03-01 15:09:53','marta.anguita@baumcontrol.es',15,'2023-03-01',NULL,0,NULL),(674,1,17,7,NULL,'APROBADA','2023-02-16','2023-02-17 07:37:45','2023-03-03 11:15:15','josemanuel.blanco@baumcontrol.es',3,'2023-03-03',NULL,0,NULL),(675,9,7,242,NULL,'NO APROBADA','2023-02-06','2023-02-17 09:52:53','2023-02-17 09:52:53',NULL,NULL,NULL,NULL,0,NULL),(676,9,7,177,NULL,'APROBADA','2023-02-16','2023-02-17 09:53:18','2023-02-20 13:09:45','lourdes.carrasquilla@baumcontrol.es',2,'2023-02-20',NULL,0,NULL),(677,6,7,177,NULL,'APROBADA','2023-02-17','2023-02-17 09:53:33','2023-02-20 13:08:59','lourdes.carrasquilla@baumcontrol.es',2,'2023-02-20',NULL,0,NULL),(678,6,10,216,NULL,'NO APROBADA','2023-02-17','2023-02-17 13:03:23','2023-02-17 13:03:23',NULL,NULL,NULL,NULL,0,NULL),(679,9,6,250,NULL,'APROBADA','2023-02-13','2023-02-17 13:37:32','2023-03-23 12:20:27','s_javier.ordonez@baumcontrol.es',16,'2023-03-23',NULL,0,NULL),(680,7,6,250,NULL,'APROBADA','2023-02-09','2023-02-17 13:38:19','2023-03-23 12:20:34','s_javier.ordonez@baumcontrol.es',16,'2023-03-23',NULL,0,NULL),(681,5,6,250,NULL,'APROBADA','2023-02-10','2023-02-17 13:38:49','2023-03-23 12:20:32','s_javier.ordonez@baumcontrol.es',16,'2023-03-23',NULL,0,NULL),(682,9,6,250,NULL,'APROBADA','2023-02-14','2023-02-17 13:39:35','2023-03-23 12:20:25','s_javier.ordonez@baumcontrol.es',16,'2023-03-23',NULL,0,NULL),(683,9,6,250,NULL,'APROBADA','2023-02-15','2023-02-17 13:39:55','2023-03-23 12:20:23','s_javier.ordonez@baumcontrol.es',16,'2023-03-23',NULL,0,NULL),(684,9,6,250,NULL,'APROBADA','2023-02-16','2023-02-17 13:40:20','2023-03-23 12:20:20','s_javier.ordonez@baumcontrol.es',16,'2023-03-23',NULL,0,NULL),(685,6,6,185,NULL,'APROBADA','2023-02-17','2023-02-17 13:40:48','2023-02-20 13:09:09','lourdes.carrasquilla@baumcontrol.es',2,'2023-02-20',NULL,0,NULL),(686,9,10,9,NULL,'APROBADA','2023-02-16','2023-02-20 06:35:05','2023-03-03 11:15:18','josemanuel.blanco@baumcontrol.es',3,'2023-03-03',NULL,0,NULL),(687,5,10,16,NULL,'NO APROBADA','2023-02-15','2023-02-20 06:35:47','2023-02-20 06:35:47',NULL,NULL,NULL,NULL,0,NULL),(688,4,10,9,NULL,'APROBADA','2023-02-15','2023-02-20 06:36:11','2023-03-03 11:15:05','josemanuel.blanco@baumcontrol.es',3,'2023-03-03',NULL,0,NULL),(689,3,10,16,NULL,'NO APROBADA','2023-02-14','2023-02-20 06:37:02','2023-02-20 06:37:02',NULL,NULL,NULL,NULL,0,NULL),(690,1,10,29,NULL,'APROBADA','2023-02-14','2023-02-20 06:37:27','2023-03-01 15:10:28','marta.anguita@baumcontrol.es',15,'2023-03-01',NULL,0,NULL),(691,5,10,9,NULL,'APROBADA','2023-02-14','2023-02-20 06:38:07','2023-03-03 11:14:44','josemanuel.blanco@baumcontrol.es',3,'2023-03-03',NULL,0,NULL),(692,8,15,219,NULL,'NO APROBADA','2023-02-20','2023-02-20 07:34:41','2023-02-20 07:34:41',NULL,NULL,NULL,NULL,0,NULL),(693,8,15,219,NULL,'NO APROBADA','2023-02-13','2023-02-20 07:35:44','2023-02-20 07:35:44',NULL,NULL,NULL,NULL,0,NULL),(694,8,15,219,NULL,'NO APROBADA','2023-01-17','2023-02-20 07:36:32','2023-02-20 07:36:32',NULL,NULL,NULL,NULL,0,NULL),(695,8,15,219,NULL,'NO APROBADA','2023-01-23','2023-02-20 07:37:08','2023-02-20 07:37:08',NULL,NULL,NULL,NULL,0,NULL),(696,8,15,219,NULL,'NO APROBADA','2023-01-24','2023-02-20 07:37:37','2023-02-20 07:37:37',NULL,NULL,NULL,NULL,0,NULL),(697,8,15,219,NULL,'NO APROBADA','2023-01-30','2023-02-20 07:38:18','2023-02-20 07:38:18',NULL,NULL,NULL,NULL,0,NULL),(698,8,15,219,NULL,'NO APROBADA','2023-01-31','2023-02-20 07:38:54','2023-02-20 07:38:54',NULL,NULL,NULL,NULL,0,NULL),(699,7,9,7,NULL,'APROBADA','2023-02-20','2023-02-20 08:06:18','2023-03-03 11:15:28','josemanuel.blanco@baumcontrol.es',3,'2023-03-03',NULL,0,NULL),(700,6,17,29,NULL,'APROBADA','2023-02-17','2023-02-20 08:48:15','2023-03-01 15:09:42','marta.anguita@baumcontrol.es',15,'2023-03-01',NULL,0,NULL),(701,9,12,244,NULL,'APROBADA','2023-02-16','2023-02-20 12:32:53','2023-02-20 13:09:57','lourdes.carrasquilla@baumcontrol.es',2,'2023-02-20',NULL,0,NULL),(702,6,12,244,NULL,'APROBADA','2023-02-17','2023-02-20 12:33:47','2023-02-20 13:09:32','lourdes.carrasquilla@baumcontrol.es',2,'2023-02-20',NULL,0,NULL),(703,8,20,54,NULL,'APROBADA','2023-02-13','2023-02-20 13:17:11','2023-03-23 08:52:42','marta.anguita@baumcontrol.es',15,'2023-03-23',NULL,0,NULL),(704,8,20,54,NULL,'APROBADA','2023-02-14','2023-02-20 13:17:27','2023-03-23 08:52:36','marta.anguita@baumcontrol.es',15,'2023-03-23',NULL,0,NULL),(705,8,20,54,NULL,'APROBADA','2023-02-15','2023-02-20 13:17:41','2023-03-23 08:52:26','marta.anguita@baumcontrol.es',15,'2023-03-23',NULL,0,NULL),(706,8,20,54,NULL,'APROBADA','2023-02-16','2023-02-20 13:17:58','2023-03-23 08:50:46','marta.anguita@baumcontrol.es',15,'2023-03-23',NULL,0,NULL),(707,8,20,54,NULL,'APROBADA','2023-02-17','2023-02-20 13:18:15','2023-04-20 10:55:26','marta.anguita@baumcontrol.es',15,'2023-04-20',NULL,0,NULL),(708,2,9,30,NULL,'NO APROBADA','2023-02-20','2023-02-20 15:51:18','2023-02-20 15:51:18',NULL,NULL,NULL,NULL,0,NULL),(709,9,12,234,NULL,'NO APROBADA','2023-02-20','2023-02-20 16:26:35','2023-02-20 16:26:35',NULL,NULL,NULL,NULL,0,NULL),(710,2,10,175,NULL,'APROBADA','2023-02-20','2023-02-20 16:52:15','2023-04-20 10:58:05','marta.anguita@baumcontrol.es',15,'2023-04-20',NULL,0,NULL),(711,7,10,136,NULL,'NO APROBADA','2023-02-20','2023-02-20 16:53:05','2023-02-20 16:53:05',NULL,NULL,NULL,NULL,0,NULL),(712,5,7,55,NULL,'APROBADA','2023-02-20','2023-02-20 22:25:34','2023-03-01 15:09:26','marta.anguita@baumcontrol.es',15,'2023-03-01','Reunión con DANMUR',0,NULL),(713,3,7,54,NULL,'APROBADA','2023-02-20','2023-02-20 22:27:03','2023-03-23 08:50:37','marta.anguita@baumcontrol.es',15,'2023-03-23',NULL,0,NULL),(714,6,9,7,NULL,'APROBADA','2023-02-21','2023-02-21 07:09:31','2023-03-03 11:15:37','josemanuel.blanco@baumcontrol.es',3,'2023-03-03',NULL,0,NULL),(715,9,13,29,NULL,'APROBADA','2023-02-14','2023-02-21 10:19:05','2023-03-01 15:10:40','marta.anguita@baumcontrol.es',15,'2023-03-01',NULL,0,NULL),(716,9,13,55,NULL,'APROBADA','2023-02-15','2023-02-21 10:21:50','2023-03-01 15:10:01','marta.anguita@baumcontrol.es',15,'2023-03-01',NULL,0,NULL),(717,9,13,167,NULL,'NO APROBADA','2023-02-16','2023-02-21 10:22:18','2023-02-21 10:22:18',NULL,NULL,NULL,NULL,0,NULL),(718,6,13,208,NULL,'APROBADA','2023-02-17','2023-02-21 10:22:53','2023-03-01 15:09:49','marta.anguita@baumcontrol.es',15,'2023-03-01',NULL,0,NULL),(719,9,13,208,NULL,'APROBADA','2023-02-20','2023-02-21 10:23:40','2023-03-01 15:08:39','marta.anguita@baumcontrol.es',15,'2023-03-01',NULL,0,NULL),(720,8,19,54,NULL,'APROBADA','2023-02-13','2023-02-21 13:31:36','2023-03-23 08:52:44','marta.anguita@baumcontrol.es',15,'2023-03-23',NULL,0,NULL),(721,8,19,54,NULL,'APROBADA','2023-02-14','2023-02-21 13:31:49','2023-03-23 08:52:39','marta.anguita@baumcontrol.es',15,'2023-03-23',NULL,0,NULL),(722,8,19,54,NULL,'APROBADA','2023-02-15','2023-02-21 13:32:04','2023-03-23 08:52:34','marta.anguita@baumcontrol.es',15,'2023-03-23',NULL,0,NULL),(723,8,19,54,NULL,'APROBADA','2023-02-16','2023-02-21 13:32:17','2023-03-23 08:50:49','marta.anguita@baumcontrol.es',15,'2023-03-23',NULL,0,NULL),(724,8,19,54,NULL,'APROBADA','2023-02-17','2023-02-21 13:32:32','2023-03-23 08:50:43','marta.anguita@baumcontrol.es',15,'2023-03-23',NULL,0,NULL),(725,8,19,54,NULL,'APROBADA','2023-02-21','2023-02-21 13:32:53','2023-03-23 08:50:07','marta.anguita@baumcontrol.es',15,'2023-03-23',NULL,0,NULL),(726,3,9,30,NULL,'NO APROBADA','2023-02-21','2023-02-22 07:24:02','2023-02-22 07:24:08',NULL,NULL,NULL,NULL,0,NULL),(727,6,9,7,NULL,'APROBADA','2023-02-22','2023-02-22 07:24:22','2023-03-03 11:15:48','josemanuel.blanco@baumcontrol.es',3,'2023-03-03',NULL,0,NULL),(728,8,7,54,NULL,'APROBADA','2023-02-21','2023-02-22 11:03:52','2023-03-23 08:50:05','marta.anguita@baumcontrol.es',15,'2023-03-23',NULL,0,NULL),(729,1,7,4,NULL,'APROBADA','2023-02-20','2023-02-22 11:04:24','2023-03-03 11:15:24','josemanuel.blanco@baumcontrol.es',3,'2023-03-03',NULL,0,NULL),(730,9,5,29,NULL,'APROBADA','2023-02-01','2023-02-22 12:34:25','2023-03-23 08:56:43','marta.anguita@baumcontrol.es',15,'2023-03-23',NULL,0,NULL),(731,9,5,29,NULL,'APROBADA','2023-02-02','2023-02-22 12:34:43','2023-03-01 15:13:29','marta.anguita@baumcontrol.es',15,'2023-03-01',NULL,0,NULL),(732,6,5,82,NULL,'NO APROBADA','2023-02-03','2023-02-22 12:35:26','2023-02-22 12:35:26',NULL,NULL,NULL,NULL,0,NULL),(733,9,5,29,NULL,'APROBADA','2023-02-06','2023-02-22 12:35:57','2023-03-01 15:12:54','marta.anguita@baumcontrol.es',15,'2023-03-01',NULL,0,NULL),(734,10,5,29,NULL,'APROBADA','2023-02-07','2023-02-22 12:36:19','2023-03-01 15:12:25','marta.anguita@baumcontrol.es',15,'2023-03-01',NULL,1,NULL),(735,10,5,29,NULL,'APROBADA','2023-02-08','2023-02-22 12:36:36','2023-03-01 15:11:59','marta.anguita@baumcontrol.es',15,'2023-03-01',NULL,0,NULL),(736,9,5,29,NULL,'APROBADA','2023-02-09','2023-02-22 12:37:23','2023-03-23 08:53:10','marta.anguita@baumcontrol.es',15,'2023-03-23',NULL,0,NULL),(737,6,5,29,NULL,'APROBADA','2023-02-10','2023-02-22 12:37:52','2023-03-01 15:11:27','marta.anguita@baumcontrol.es',15,'2023-03-01',NULL,0,NULL),(738,9,5,29,NULL,'APROBADA','2023-02-13','2023-02-22 12:38:17','2023-03-01 15:10:43','marta.anguita@baumcontrol.es',15,'2023-03-01',NULL,0,NULL),(739,11,5,29,NULL,'APROBADA','2023-02-14','2023-02-22 12:38:31','2023-03-01 15:10:33','marta.anguita@baumcontrol.es',15,'2023-03-01',NULL,0,NULL),(740,11,5,29,NULL,'APROBADA','2023-02-15','2023-02-22 12:38:58','2023-03-23 08:52:22','marta.anguita@baumcontrol.es',15,'2023-03-23','MAF: horas acordadas con el project manager ',1,NULL),(741,9,5,29,NULL,'APROBADA','2023-02-16','2023-02-22 12:39:13','2023-03-01 15:09:57','marta.anguita@baumcontrol.es',15,'2023-03-01',NULL,0,NULL),(742,7,5,29,NULL,'APROBADA','2023-02-17','2023-02-22 12:39:36','2023-03-01 15:09:40','marta.anguita@baumcontrol.es',15,'2023-03-01',NULL,0,NULL),(743,6,5,55,NULL,'APROBADA','2023-02-20','2023-02-22 12:39:58','2023-03-01 15:09:24','marta.anguita@baumcontrol.es',15,'2023-03-01','Reunión con Danmur',0,NULL),(744,3,5,29,NULL,'APROBADA','2023-02-20','2023-02-22 12:40:11','2023-03-01 15:08:42','marta.anguita@baumcontrol.es',15,'2023-03-01',NULL,0,NULL),(745,9,5,9,NULL,'APROBADA','2023-02-21','2023-02-22 12:40:44','2023-03-03 11:15:39','josemanuel.blanco@baumcontrol.es',3,'2023-03-03',NULL,0,NULL),(746,9,5,249,NULL,'APROBADA','2023-02-22','2023-02-22 12:41:10','2023-04-20 10:54:19','marta.anguita@baumcontrol.es',15,'2023-04-20',NULL,0,NULL),(747,9,5,249,NULL,'APROBADA','2023-02-23','2023-02-22 12:41:30','2023-04-20 10:54:02','marta.anguita@baumcontrol.es',15,'2023-04-20',NULL,0,NULL),(748,5,5,204,NULL,'APROBADA','2023-02-24','2023-02-22 12:41:45','2023-04-20 10:53:33','marta.anguita@baumcontrol.es',15,'2023-04-20',NULL,0,NULL),(749,2,5,89,NULL,'NO APROBADA','2023-02-24','2023-02-22 12:42:08','2023-02-22 12:42:08',NULL,NULL,NULL,NULL,0,NULL),(750,9,5,206,NULL,'APROBADA','2023-02-27','2023-02-22 12:42:27','2023-04-20 10:53:15','marta.anguita@baumcontrol.es',15,'2023-04-20',NULL,0,NULL),(751,9,5,206,NULL,'APROBADA','2023-02-28','2023-02-22 12:42:51','2023-04-20 10:52:57','marta.anguita@baumcontrol.es',15,'2023-04-20',NULL,0,NULL),(752,9,5,206,NULL,'APROBADA','2023-03-01','2023-02-22 12:43:05','2023-04-20 10:52:42','marta.anguita@baumcontrol.es',15,'2023-04-20',NULL,0,NULL),(753,9,5,206,NULL,'APROBADA','2023-03-02','2023-02-22 12:43:21','2023-04-20 10:52:22','marta.anguita@baumcontrol.es',15,'2023-04-20',NULL,0,NULL),(754,6,5,206,NULL,'APROBADA','2023-03-03','2023-02-22 12:43:37','2023-04-20 10:52:07','marta.anguita@baumcontrol.es',15,'2023-04-20',NULL,0,NULL),(755,9,17,7,NULL,'APROBADA','2023-02-20','2023-02-23 07:19:13','2023-03-22 16:45:26','josemanuel.blanco@baumcontrol.es',3,'2023-03-22',NULL,0,NULL),(756,9,17,7,NULL,'APROBADA','2023-02-21','2023-02-23 07:19:29','2023-03-03 11:15:42','josemanuel.blanco@baumcontrol.es',3,'2023-03-03',NULL,0,NULL),(757,9,17,7,NULL,'APROBADA','2023-02-22','2023-02-23 07:19:45','2023-03-03 11:15:44','josemanuel.blanco@baumcontrol.es',3,'2023-03-03',NULL,0,NULL),(758,3,9,30,NULL,'NO APROBADA','2023-02-22','2023-02-23 07:35:10','2023-02-23 07:35:10',NULL,NULL,NULL,NULL,0,NULL),(759,8,9,7,NULL,'APROBADA','2023-02-23','2023-02-23 07:35:31','2023-03-03 11:15:59','josemanuel.blanco@baumcontrol.es',3,'2023-03-03',NULL,0,NULL),(760,6,9,7,NULL,'APROBADA','2023-02-24','2023-02-23 07:36:10','2023-03-03 11:16:07','josemanuel.blanco@baumcontrol.es',3,'2023-03-03',NULL,0,NULL),(761,9,8,30,NULL,'NO APROBADA','2023-02-16','2023-02-23 10:09:43','2023-02-23 10:09:43',NULL,NULL,NULL,NULL,0,NULL),(762,1,8,30,NULL,'NO APROBADA','2023-02-17','2023-02-23 10:15:56','2023-02-23 10:15:56',NULL,NULL,NULL,NULL,0,NULL),(763,9,8,30,NULL,'NO APROBADA','2023-02-20','2023-02-23 10:16:11','2023-02-23 10:16:11',NULL,NULL,NULL,NULL,0,NULL),(764,9,8,30,NULL,'NO APROBADA','2023-02-21','2023-02-23 10:16:26','2023-02-23 10:16:26',NULL,NULL,NULL,NULL,0,NULL),(765,9,8,30,NULL,'NO APROBADA','2023-02-22','2023-02-23 10:16:47','2023-02-23 10:16:47',NULL,NULL,NULL,NULL,0,NULL),(766,1,9,30,NULL,'NO APROBADA','2023-02-23','2023-02-23 11:55:07','2023-02-23 11:55:07',NULL,NULL,NULL,NULL,0,NULL),(767,5,12,234,NULL,'NO APROBADA','2023-02-21','2023-02-24 08:15:26','2023-02-24 08:15:26',NULL,NULL,NULL,NULL,0,NULL),(768,4,12,30,NULL,'NO APROBADA','2023-02-21','2023-02-24 08:16:38','2023-02-24 08:16:38',NULL,NULL,NULL,NULL,0,NULL),(769,9,12,30,NULL,'NO APROBADA','2023-02-22','2023-02-24 08:17:15','2023-02-24 08:17:15',NULL,NULL,NULL,NULL,0,NULL),(770,9,12,30,NULL,'NO APROBADA','2023-02-23','2023-02-24 08:17:49','2023-02-24 08:17:49',NULL,NULL,NULL,NULL,0,NULL),(771,6,12,30,NULL,'NO APROBADA','2023-02-24','2023-02-24 08:18:15','2023-02-24 08:18:15',NULL,NULL,NULL,NULL,0,NULL),(772,8,19,54,NULL,'APROBADA','2023-02-22','2023-02-24 08:41:36','2023-03-23 08:49:58','marta.anguita@baumcontrol.es',15,'2023-03-23',NULL,0,NULL),(773,3,19,54,NULL,'APROBADA','2023-02-22','2023-02-24 08:43:52','2023-03-23 08:49:49','marta.anguita@baumcontrol.es',15,'2023-03-23','Viaje a Roc Boronat',1,NULL),(774,8,19,54,NULL,'APROBADA','2023-02-24','2023-02-24 08:44:32','2023-03-22 17:24:49','marta.anguita@baumcontrol.es',15,'2023-03-22',NULL,0,NULL),(775,9,17,7,NULL,'APROBADA','2023-02-23','2023-02-24 12:53:48','2023-03-03 11:16:04','josemanuel.blanco@baumcontrol.es',3,'2023-03-03',NULL,0,NULL),(776,6,17,7,NULL,'APROBADA','2023-02-24','2023-02-24 12:54:17','2023-03-03 11:16:06','josemanuel.blanco@baumcontrol.es',3,'2023-03-03',NULL,0,NULL),(777,9,10,91,NULL,'NO APROBADA','2023-02-21','2023-02-26 15:59:52','2023-02-26 15:59:52',NULL,NULL,NULL,NULL,0,NULL),(778,7,10,9,NULL,'APROBADA','2023-02-22','2023-02-26 16:00:14','2023-03-03 11:15:50','josemanuel.blanco@baumcontrol.es',3,'2023-03-03',NULL,0,NULL),(779,2,10,29,NULL,'APROBADA','2023-02-22','2023-02-26 16:00:36','2023-03-01 15:08:29','marta.anguita@baumcontrol.es',15,'2023-03-01',NULL,0,NULL),(780,9,10,9,NULL,'APROBADA','2023-02-23','2023-02-26 16:00:54','2023-03-03 11:15:53','josemanuel.blanco@baumcontrol.es',3,'2023-03-03',NULL,0,NULL),(781,6,10,9,NULL,'APROBADA','2023-02-24','2023-02-26 16:01:17','2023-03-03 11:16:12','josemanuel.blanco@baumcontrol.es',3,'2023-03-03',NULL,0,NULL),(782,9,9,7,NULL,'APROBADA','2023-02-27','2023-02-27 07:40:37','2023-03-22 16:45:42','josemanuel.blanco@baumcontrol.es',3,'2023-03-22',NULL,0,NULL),(783,9,8,7,NULL,'APROBADA','2023-02-23','2023-02-27 09:13:15','2023-03-03 11:15:56','josemanuel.blanco@baumcontrol.es',3,'2023-03-03',NULL,0,NULL),(784,6,8,7,NULL,'APROBADA','2023-02-24','2023-02-27 09:13:29','2023-03-22 16:45:30','josemanuel.blanco@baumcontrol.es',3,'2023-03-22',NULL,0,NULL),(785,9,12,35,NULL,'APROBADA','2023-02-27','2023-02-28 07:19:06','2023-03-01 15:08:23','marta.anguita@baumcontrol.es',15,'2023-03-01',NULL,0,NULL),(786,9,9,7,NULL,'APROBADA','2023-02-28','2023-02-28 07:39:20','2023-03-22 16:45:52','josemanuel.blanco@baumcontrol.es',3,'2023-03-22',NULL,0,NULL),(787,9,8,7,NULL,'APROBADA','2023-02-27','2023-02-28 07:53:15','2023-03-22 16:45:50','josemanuel.blanco@baumcontrol.es',3,'2023-03-22',NULL,0,NULL),(788,9,9,7,NULL,'APROBADA','2023-03-01','2023-03-01 06:59:35','2023-03-22 16:45:58','josemanuel.blanco@baumcontrol.es',3,'2023-03-22',NULL,0,NULL),(789,9,9,7,NULL,'APROBADA','2023-03-02','2023-03-01 07:00:09','2023-03-22 16:47:13','josemanuel.blanco@baumcontrol.es',3,'2023-03-22',NULL,0,NULL),(790,6,9,7,NULL,'APROBADA','2023-03-03','2023-03-01 07:00:28','2023-03-22 16:47:28','josemanuel.blanco@baumcontrol.es',3,'2023-03-22',NULL,0,NULL),(791,9,8,7,NULL,'APROBADA','2023-02-28','2023-03-02 08:01:47','2023-03-22 16:45:54','josemanuel.blanco@baumcontrol.es',3,'2023-03-22',NULL,0,NULL),(792,8,17,7,NULL,'APROBADA','2023-02-27','2023-03-02 08:01:48','2023-03-22 16:45:47','josemanuel.blanco@baumcontrol.es',3,'2023-03-22',NULL,0,NULL),(793,1,17,29,NULL,'APROBADA','2023-02-27','2023-03-02 08:01:58','2023-03-22 17:23:53','marta.anguita@baumcontrol.es',15,'2023-03-22',NULL,0,NULL),(794,9,8,7,NULL,'APROBADA','2023-03-01','2023-03-02 08:02:05','2023-03-22 16:47:06','josemanuel.blanco@baumcontrol.es',3,'2023-03-22',NULL,0,NULL),(795,9,17,7,NULL,'APROBADA','2023-02-28','2023-03-02 08:02:33','2023-03-22 16:45:56','josemanuel.blanco@baumcontrol.es',3,'2023-03-22',NULL,0,NULL),(796,9,17,7,NULL,'APROBADA','2023-03-01','2023-03-02 08:02:43','2023-03-22 16:47:03','josemanuel.blanco@baumcontrol.es',3,'2023-03-22',NULL,0,NULL),(797,9,13,208,NULL,'APROBADA','2023-02-27','2023-03-02 10:50:35','2023-03-22 17:23:56','marta.anguita@baumcontrol.es',15,'2023-03-22',NULL,0,NULL),(798,9,13,208,NULL,'APROBADA','2023-02-28','2023-03-02 10:51:02','2023-03-22 17:23:15','marta.anguita@baumcontrol.es',15,'2023-03-22',NULL,0,NULL),(799,9,13,30,NULL,'NO APROBADA','2023-02-21','2023-03-02 10:52:03','2023-03-02 10:52:03',NULL,NULL,NULL,NULL,0,NULL),(800,9,13,30,NULL,'NO APROBADA','2023-02-22','2023-03-02 10:52:29','2023-03-02 10:53:37',NULL,NULL,NULL,NULL,0,NULL),(801,9,13,30,NULL,'NO APROBADA','2023-02-23','2023-03-02 10:53:08','2023-03-02 10:53:08',NULL,NULL,NULL,NULL,0,NULL),(802,6,13,30,NULL,'NO APROBADA','2023-02-24','2023-03-02 10:54:47','2023-03-02 10:54:47',NULL,NULL,NULL,NULL,0,NULL),(803,9,12,10,NULL,'APROBADA','2023-02-28','2023-03-02 16:26:12','2023-03-23 10:16:16','joseluis.gonzalez@baumcontrol.es',21,'2023-03-23',NULL,0,NULL),(804,9,12,30,NULL,'NO APROBADA','2023-03-01','2023-03-02 16:26:45','2023-03-02 16:26:45',NULL,NULL,NULL,NULL,0,NULL),(805,9,12,30,NULL,'NO APROBADA','2023-03-02','2023-03-02 16:27:07','2023-03-02 16:27:07',NULL,NULL,NULL,NULL,0,NULL),(806,6,12,30,NULL,'NO APROBADA','2023-03-03','2023-03-02 16:27:28','2023-03-02 16:27:28',NULL,NULL,NULL,NULL,0,NULL),(807,8,19,54,NULL,'APROBADA','2023-02-27','2023-03-03 07:59:03','2023-03-22 17:23:59','marta.anguita@baumcontrol.es',15,'2023-03-22',NULL,0,NULL),(808,7,19,54,NULL,'APROBADA','2023-02-28','2023-03-03 07:59:26','2023-03-22 17:23:20','marta.anguita@baumcontrol.es',15,'2023-03-22',NULL,0,NULL),(809,8,19,54,NULL,'APROBADA','2023-03-01','2023-03-03 07:59:50','2023-03-22 17:22:25','marta.anguita@baumcontrol.es',15,'2023-03-22',NULL,0,NULL),(810,8,19,54,NULL,'APROBADA','2023-03-02','2023-03-03 08:00:28','2023-03-22 17:22:02','marta.anguita@baumcontrol.es',15,'2023-03-22',NULL,0,NULL),(811,8,19,54,NULL,'APROBADA','2023-03-03','2023-03-03 08:00:49','2023-03-22 17:21:43','marta.anguita@baumcontrol.es',15,'2023-03-22',NULL,0,NULL),(812,8,20,54,NULL,'APROBADA','2023-02-20','2023-03-03 10:47:02','2023-03-23 08:50:25','marta.anguita@baumcontrol.es',15,'2023-03-23',NULL,0,NULL),(813,8,20,54,NULL,'APROBADA','2023-02-21','2023-03-03 10:47:32','2023-03-23 08:50:03','marta.anguita@baumcontrol.es',15,'2023-03-23',NULL,0,NULL),(817,8,20,54,NULL,'APROBADA','2023-02-22','2023-03-03 10:49:15','2023-03-23 08:49:56','marta.anguita@baumcontrol.es',15,'2023-03-23',NULL,0,NULL),(818,8,20,54,NULL,'APROBADA','2023-02-23','2023-03-03 10:49:38','2023-03-23 08:49:36','marta.anguita@baumcontrol.es',15,'2023-03-23',NULL,0,NULL),(819,8,20,54,NULL,'APROBADA','2023-02-28','2023-03-03 10:50:03','2023-03-22 17:23:24','marta.anguita@baumcontrol.es',15,'2023-03-22',NULL,0,NULL),(820,9,3,208,NULL,'APROBADA','2023-02-22','2023-03-03 11:19:28','2023-03-22 16:52:12','marta.anguita@baumcontrol.es',15,'2023-03-22',NULL,0,NULL),(821,9,3,208,NULL,'APROBADA','2023-02-23','2023-03-03 11:19:44','2023-03-22 16:52:15','marta.anguita@baumcontrol.es',15,'2023-03-22',NULL,0,NULL),(822,6,3,208,NULL,'APROBADA','2023-02-24','2023-03-03 11:20:00','2023-03-22 16:52:19','marta.anguita@baumcontrol.es',15,'2023-03-22',NULL,0,NULL),(823,9,3,208,NULL,'APROBADA','2023-02-27','2023-03-03 11:20:13','2023-03-22 16:52:22','marta.anguita@baumcontrol.es',15,'2023-03-22',NULL,0,NULL),(824,9,3,208,NULL,'APROBADA','2023-02-28','2023-03-03 11:20:34','2023-03-22 16:52:24','marta.anguita@baumcontrol.es',15,'2023-03-22',NULL,0,NULL),(825,8,20,54,NULL,'APROBADA','2023-03-01','2023-03-03 13:27:50','2023-03-22 17:22:27','marta.anguita@baumcontrol.es',15,'2023-03-22',NULL,0,NULL),(826,8,20,54,NULL,'APROBADA','2023-03-02','2023-03-03 13:28:09','2023-03-22 17:22:04','marta.anguita@baumcontrol.es',15,'2023-03-22',NULL,0,NULL),(827,8,20,54,NULL,'APROBADA','2023-03-03','2023-03-03 13:28:24','2023-03-22 17:21:46','marta.anguita@baumcontrol.es',15,'2023-03-22',NULL,0,NULL),(828,6,10,189,NULL,'APROBADA','2023-03-04','2023-03-04 08:06:10','2023-04-20 10:52:01','marta.anguita@baumcontrol.es',15,'2023-04-20',NULL,1,NULL),(829,2,10,59,NULL,'APROBADA','2023-02-27','2023-03-04 12:48:17','2023-03-22 16:45:33','josemanuel.blanco@baumcontrol.es',3,'2023-03-22',NULL,0,NULL),(830,1,10,87,NULL,'NO APROBADA','2023-02-27','2023-03-04 12:48:40','2023-03-04 12:48:40',NULL,NULL,NULL,NULL,0,NULL),(831,2,10,185,NULL,'APROBADA','2023-02-27','2023-03-04 12:50:32','2023-04-20 10:53:24','marta.anguita@baumcontrol.es',15,'2023-04-20',NULL,0,NULL),(832,4,10,29,NULL,'APROBADA','2023-02-27','2023-03-04 12:50:51','2023-03-22 17:24:06','marta.anguita@baumcontrol.es',15,'2023-03-22',NULL,0,NULL),(833,9,10,240,NULL,'NO APROBADA','2023-02-28','2023-03-04 12:51:28','2023-03-04 12:51:28',NULL,NULL,NULL,NULL,0,NULL),(834,9,10,9,NULL,'APROBADA','2023-03-01','2023-03-04 12:51:45','2023-03-22 16:47:01','josemanuel.blanco@baumcontrol.es',3,'2023-03-22',NULL,0,NULL),(835,9,7,55,NULL,'APROBADA','2023-02-22','2023-03-05 16:22:09','2023-03-23 08:50:00','marta.anguita@baumcontrol.es',15,'2023-03-23',NULL,0,NULL),(836,5,7,222,NULL,'NO APROBADA','2023-02-23','2023-03-05 16:23:16','2023-03-05 16:23:16',NULL,NULL,NULL,NULL,0,NULL),(837,4,7,55,NULL,'APROBADA','2023-02-23','2023-03-05 16:24:12','2023-03-23 08:49:34','marta.anguita@baumcontrol.es',15,'2023-03-23',NULL,0,NULL),(838,6,7,54,NULL,'APROBADA','2023-02-24','2023-03-05 16:24:49','2023-03-23 08:49:28','marta.anguita@baumcontrol.es',15,'2023-03-23',NULL,0,NULL),(839,8,7,54,NULL,'APROBADA','2023-02-27','2023-03-05 16:25:21','2023-03-22 17:24:09','marta.anguita@baumcontrol.es',15,'2023-03-22',NULL,0,NULL),(840,1,7,55,NULL,'APROBADA','2023-02-27','2023-03-05 16:25:48','2023-03-22 17:24:13','marta.anguita@baumcontrol.es',15,'2023-03-22',NULL,0,NULL),(841,9,7,55,NULL,'APROBADA','2023-02-28','2023-03-05 16:26:24','2023-03-22 17:23:37','marta.anguita@baumcontrol.es',15,'2023-03-22',NULL,0,NULL),(842,9,7,55,NULL,'APROBADA','2023-03-01','2023-03-05 16:26:53','2023-03-22 17:22:32','marta.anguita@baumcontrol.es',15,'2023-03-22',NULL,0,NULL),(843,9,7,55,NULL,'APROBADA','2023-03-02','2023-03-05 16:27:13','2023-03-22 17:22:07','marta.anguita@baumcontrol.es',15,'2023-03-22',NULL,0,NULL),(844,6,7,55,NULL,'APROBADA','2023-03-03','2023-03-05 16:27:30','2023-03-22 17:21:49','marta.anguita@baumcontrol.es',15,'2023-03-22',NULL,0,NULL),(845,6,6,241,NULL,'NO APROBADA','2023-03-03','2023-03-06 07:04:28','2023-03-06 07:04:28',NULL,NULL,NULL,NULL,0,NULL),(846,9,6,231,NULL,'NO APROBADA','2023-03-02','2023-03-06 07:05:08','2023-03-06 07:05:08',NULL,NULL,NULL,NULL,0,NULL),(847,9,6,231,NULL,'NO APROBADA','2023-03-01','2023-03-06 07:05:35','2023-03-06 07:05:35',NULL,NULL,NULL,NULL,0,NULL),(848,9,6,231,NULL,'NO APROBADA','2023-02-28','2023-03-06 07:06:02','2023-03-06 07:06:02',NULL,NULL,NULL,NULL,0,NULL),(849,9,6,247,NULL,'APROBADA','2023-02-27','2023-03-06 07:06:27','2023-04-20 10:53:28','marta.anguita@baumcontrol.es',15,'2023-04-20',NULL,0,NULL),(850,6,6,250,NULL,'APROBADA','2023-02-24','2023-03-06 07:19:11','2023-03-23 12:20:10','s_javier.ordonez@baumcontrol.es',16,'2023-03-23',NULL,0,NULL),(851,9,6,250,NULL,'APROBADA','2023-02-23','2023-03-06 07:19:32','2023-03-23 12:20:13','s_javier.ordonez@baumcontrol.es',16,'2023-03-23',NULL,0,NULL),(852,9,6,250,NULL,'APROBADA','2023-02-22','2023-03-06 07:19:56','2023-03-23 12:20:15','s_javier.ordonez@baumcontrol.es',16,'2023-03-23',NULL,0,NULL),(853,9,6,250,NULL,'APROBADA','2023-02-21','2023-03-06 07:20:19','2023-03-23 12:20:17','s_javier.ordonez@baumcontrol.es',16,'2023-03-23',NULL,0,NULL),(854,3,6,194,NULL,'APROBADA','2023-02-20','2023-03-06 07:23:28','2023-04-20 10:55:10','marta.anguita@baumcontrol.es',15,'2023-04-20',NULL,0,NULL),(855,3,6,172,NULL,'APROBADA','2023-02-20','2023-03-06 07:23:56','2023-04-20 10:55:16','marta.anguita@baumcontrol.es',15,'2023-04-20',NULL,0,NULL),(856,3,6,185,NULL,'APROBADA','2023-02-20','2023-03-06 07:24:23','2023-04-20 10:55:18','marta.anguita@baumcontrol.es',15,'2023-04-20',NULL,0,NULL),(857,9,6,250,NULL,'APROBADA','2023-02-07','2023-03-06 07:28:09','2023-03-23 12:20:36','s_javier.ordonez@baumcontrol.es',16,'2023-03-23',NULL,0,NULL),(858,9,6,250,NULL,'APROBADA','2023-02-06','2023-03-06 07:28:30','2023-03-23 12:20:41','s_javier.ordonez@baumcontrol.es',16,'2023-03-23',NULL,0,NULL),(859,9,9,7,NULL,'APROBADA','2023-03-06','2023-03-06 07:36:30','2023-03-22 16:47:48','josemanuel.blanco@baumcontrol.es',3,'2023-03-22',NULL,0,NULL),(860,9,8,7,NULL,'APROBADA','2023-03-02','2023-03-06 12:12:12','2023-03-22 16:47:11','josemanuel.blanco@baumcontrol.es',3,'2023-03-22',NULL,0,NULL),(861,6,8,7,NULL,'APROBADA','2023-03-03','2023-03-06 12:12:27','2023-03-22 16:47:26','josemanuel.blanco@baumcontrol.es',3,'2023-03-22',NULL,0,NULL),(862,9,6,185,NULL,'APROBADA','2023-03-06','2023-03-06 17:55:36','2023-04-20 10:51:24','marta.anguita@baumcontrol.es',15,'2023-04-20',NULL,0,NULL),(863,9,9,7,NULL,'APROBADA','2023-03-07','2023-03-07 07:11:33','2023-03-22 16:47:57','josemanuel.blanco@baumcontrol.es',3,'2023-03-22',NULL,0,NULL),(864,9,3,208,NULL,'APROBADA','2023-03-06','2023-03-07 11:08:10','2023-03-22 16:52:28','marta.anguita@baumcontrol.es',15,'2023-03-22',NULL,0,NULL),(865,9,8,7,NULL,'APROBADA','2023-03-06','2023-03-08 08:19:54','2023-03-22 16:47:45','josemanuel.blanco@baumcontrol.es',3,'2023-03-22',NULL,0,NULL),(866,9,8,7,NULL,'APROBADA','2023-03-07','2023-03-08 08:20:06','2023-03-22 16:47:54','josemanuel.blanco@baumcontrol.es',3,'2023-03-22',NULL,0,NULL),(867,9,9,7,NULL,'APROBADA','2023-03-08','2023-03-08 10:56:45','2023-03-22 16:48:02','josemanuel.blanco@baumcontrol.es',3,'2023-03-22',NULL,0,NULL),(868,9,9,7,NULL,'APROBADA','2023-03-09','2023-03-08 10:56:59','2023-03-22 16:48:34','josemanuel.blanco@baumcontrol.es',3,'2023-03-22',NULL,0,NULL),(869,9,12,35,NULL,'APROBADA','2023-03-06','2023-03-08 15:40:39','2023-03-22 17:21:15','marta.anguita@baumcontrol.es',15,'2023-03-22',NULL,0,NULL),(870,9,12,106,NULL,'NO APROBADA','2023-03-07','2023-03-08 15:46:38','2023-03-08 15:46:38',NULL,NULL,NULL,NULL,0,NULL),(871,6,12,106,NULL,'NO APROBADA','2023-03-08','2023-03-08 15:47:15','2023-03-08 15:47:15',NULL,NULL,NULL,NULL,0,NULL),(872,3,12,234,NULL,'NO APROBADA','2023-03-08','2023-03-08 15:49:12','2023-03-08 15:49:12',NULL,NULL,NULL,NULL,0,NULL),(873,9,12,234,NULL,'NO APROBADA','2023-03-09','2023-03-08 15:50:01','2023-03-08 15:50:01',NULL,NULL,NULL,NULL,0,NULL),(874,9,9,7,NULL,'APROBADA','2023-03-09','2023-03-09 07:34:20','2023-03-22 16:48:31','josemanuel.blanco@baumcontrol.es',3,'2023-03-22',NULL,0,NULL),(875,9,8,7,NULL,'APROBADA','2023-03-08','2023-03-09 10:54:45','2023-03-22 16:48:01','josemanuel.blanco@baumcontrol.es',3,'2023-03-22',NULL,0,NULL),(876,9,8,7,NULL,'APROBADA','2023-03-09','2023-03-09 10:54:58','2023-03-22 16:48:29','josemanuel.blanco@baumcontrol.es',3,'2023-03-22',NULL,0,NULL),(877,9,13,208,NULL,'APROBADA','2023-03-06','2023-03-09 13:19:27','2023-03-22 17:21:19','marta.anguita@baumcontrol.es',15,'2023-03-22',NULL,0,NULL),(878,11,13,30,NULL,'NO APROBADA','2023-03-01','2023-03-09 13:20:38','2023-03-09 13:20:38',NULL,NULL,NULL,NULL,1,NULL),(879,11,13,30,NULL,'NO APROBADA','2023-03-02','2023-03-09 13:21:17','2023-03-09 13:25:22',NULL,NULL,NULL,NULL,1,NULL),(880,2,13,30,NULL,'NO APROBADA','2023-03-03','2023-03-09 13:22:06','2023-03-09 13:22:06',NULL,NULL,NULL,NULL,0,NULL),(881,9,13,29,NULL,'APROBADA','2023-03-07','2023-03-09 13:23:48','2023-03-22 17:20:48','marta.anguita@baumcontrol.es',15,'2023-03-22',NULL,0,NULL),(882,9,13,208,NULL,'APROBADA','2023-03-08','2023-03-09 13:24:13','2023-03-22 17:20:24','marta.anguita@baumcontrol.es',15,'2023-03-22',NULL,0,NULL),(883,9,13,208,NULL,'APROBADA','2023-03-09','2023-03-09 13:24:39','2023-03-22 17:20:02','marta.anguita@baumcontrol.es',15,'2023-03-22',NULL,0,NULL),(884,2,9,134,NULL,'NO APROBADA','2023-03-10','2023-03-10 11:15:40','2023-03-10 11:15:40',NULL,NULL,NULL,NULL,0,NULL),(885,4,9,7,NULL,'APROBADA','2023-03-10','2023-03-10 11:16:02','2023-03-22 16:48:39','josemanuel.blanco@baumcontrol.es',3,'2023-03-22',NULL,0,NULL),(886,9,9,7,NULL,'APROBADA','2023-03-13','2023-03-13 08:28:21','2023-03-22 16:48:51','josemanuel.blanco@baumcontrol.es',3,'2023-03-22',NULL,0,NULL),(887,6,8,7,NULL,'APROBADA','2023-03-10','2023-03-13 09:41:41','2023-03-22 16:48:38','josemanuel.blanco@baumcontrol.es',3,'2023-03-22',NULL,0,NULL),(888,9,10,29,NULL,'APROBADA','2023-03-06','2023-03-13 10:48:28','2023-03-22 17:21:28','marta.anguita@baumcontrol.es',15,'2023-03-22',NULL,0,NULL),(889,7,10,29,NULL,'APROBADA','2023-03-07','2023-03-13 10:48:50','2023-03-22 17:20:52','marta.anguita@baumcontrol.es',15,'2023-03-22',NULL,0,NULL),(890,2,10,9,NULL,'APROBADA','2023-03-07','2023-03-13 10:49:09','2023-03-22 16:47:50','josemanuel.blanco@baumcontrol.es',3,'2023-03-22',NULL,0,NULL),(891,9,10,208,NULL,'APROBADA','2023-03-08','2023-03-13 10:49:30','2023-03-22 17:20:28','marta.anguita@baumcontrol.es',15,'2023-03-22',NULL,0,NULL),(892,9,10,208,NULL,'APROBADA','2023-03-09','2023-03-13 10:49:49','2023-03-22 17:20:04','marta.anguita@baumcontrol.es',15,'2023-03-22',NULL,0,NULL),(893,6,10,208,NULL,'APROBADA','2023-03-10','2023-03-13 10:50:07','2023-03-22 17:19:31','marta.anguita@baumcontrol.es',15,'2023-03-22',NULL,0,NULL),(894,4,12,10,NULL,'APROBADA','2023-03-13','2023-03-13 14:45:42','2023-03-23 10:15:07','joseluis.gonzalez@baumcontrol.es',21,'2023-03-23',NULL,0,NULL),(895,5,12,33,NULL,'APROBADA','2023-03-13','2023-03-13 14:46:31','2023-03-22 17:18:37','marta.anguita@baumcontrol.es',15,'2023-03-22',NULL,0,NULL),(896,9,17,7,NULL,'APROBADA','2023-03-02','2023-03-13 15:10:42','2023-03-22 16:47:09','josemanuel.blanco@baumcontrol.es',3,'2023-03-22',NULL,0,NULL),(897,6,17,7,NULL,'APROBADA','2023-03-03','2023-03-13 15:10:54','2023-03-22 16:47:24','josemanuel.blanco@baumcontrol.es',3,'2023-03-22',NULL,0,NULL),(898,4,17,7,NULL,'APROBADA','2023-03-06','2023-03-13 15:11:31','2023-03-22 16:47:42','josemanuel.blanco@baumcontrol.es',3,'2023-03-22',NULL,0,NULL),(899,5,17,29,NULL,'APROBADA','2023-03-06','2023-03-13 15:11:54','2023-03-22 17:21:32','marta.anguita@baumcontrol.es',15,'2023-03-22',NULL,0,NULL),(900,9,17,7,NULL,'APROBADA','2023-03-07','2023-03-13 15:12:09','2023-03-22 16:47:52','josemanuel.blanco@baumcontrol.es',3,'2023-03-22',NULL,0,NULL),(901,9,17,7,NULL,'APROBADA','2023-03-08','2023-03-13 15:12:23','2023-03-22 16:47:59','josemanuel.blanco@baumcontrol.es',3,'2023-03-22',NULL,0,NULL),(902,6,17,7,NULL,'APROBADA','2023-03-10','2023-03-13 15:12:36','2023-03-22 16:48:36','josemanuel.blanco@baumcontrol.es',3,'2023-03-22',NULL,0,NULL),(903,9,17,7,NULL,'APROBADA','2023-03-09','2023-03-13 15:12:55','2023-03-22 16:48:26','josemanuel.blanco@baumcontrol.es',3,'2023-03-22',NULL,0,NULL),(904,9,10,180,NULL,'APROBADA','2023-03-14','2023-03-14 06:48:00','2023-04-20 10:49:47','marta.anguita@baumcontrol.es',15,'2023-04-20',NULL,0,NULL),(905,9,8,7,NULL,'APROBADA','2023-03-13','2023-03-14 10:13:38','2023-03-22 16:48:49','josemanuel.blanco@baumcontrol.es',3,'2023-03-22',NULL,0,NULL),(906,9,8,7,NULL,'APROBADA','2023-03-14','2023-03-15 10:59:29','2023-03-22 16:48:54','josemanuel.blanco@baumcontrol.es',3,'2023-03-22',NULL,0,NULL),(907,8,20,54,NULL,'APROBADA','2023-03-06','2023-03-15 14:16:41','2023-03-22 17:21:36','marta.anguita@baumcontrol.es',15,'2023-03-22',NULL,0,NULL),(908,8,20,54,NULL,'APROBADA','2023-03-07','2023-03-15 14:16:57','2023-03-22 17:20:55','marta.anguita@baumcontrol.es',15,'2023-03-22',NULL,0,NULL),(909,8,20,54,NULL,'APROBADA','2023-03-08','2023-03-15 14:17:21','2023-03-22 17:20:32','marta.anguita@baumcontrol.es',15,'2023-03-22',NULL,0,NULL),(910,9,10,180,NULL,'APROBADA','2023-03-15','2023-03-15 14:30:27','2023-04-20 10:49:32','marta.anguita@baumcontrol.es',15,'2023-04-20',NULL,0,NULL),(911,4,10,197,NULL,'APROBADA','2023-03-13','2023-03-15 14:30:57','2023-04-20 10:49:54','marta.anguita@baumcontrol.es',15,'2023-04-20',NULL,0,NULL),(912,8,20,54,NULL,'APROBADA','2023-03-09','2023-03-15 14:31:18','2023-03-22 17:20:11','marta.anguita@baumcontrol.es',15,'2023-03-22',NULL,0,NULL),(913,5,10,29,NULL,'APROBADA','2023-03-13','2023-03-15 14:31:22','2023-03-22 17:18:50','marta.anguita@baumcontrol.es',15,'2023-03-22',NULL,0,NULL),(914,8,20,54,NULL,'APROBADA','2023-03-10','2023-03-15 14:32:32','2023-03-22 17:19:41','marta.anguita@baumcontrol.es',15,'2023-03-22',NULL,0,NULL),(915,8,20,54,NULL,'APROBADA','2023-03-13','2023-03-15 15:08:34','2023-03-22 17:19:01','marta.anguita@baumcontrol.es',15,'2023-03-22',NULL,0,NULL),(916,8,20,54,NULL,'APROBADA','2023-03-14','2023-03-15 15:09:50','2023-03-22 17:18:11','marta.anguita@baumcontrol.es',15,'2023-03-22',NULL,0,NULL),(917,3,13,208,NULL,'APROBADA','2023-03-10','2023-03-16 06:47:36','2023-03-22 17:19:45','marta.anguita@baumcontrol.es',15,'2023-03-22',NULL,0,NULL),(918,3,13,252,NULL,'APROBADA','2023-03-10','2023-03-16 06:47:56','2023-04-04 10:06:05','marta.anguita@baumcontrol.es',15,'2023-04-04',NULL,0,NULL),(919,9,13,54,NULL,'APROBADA','2023-03-13','2023-03-16 06:48:38','2023-03-22 17:19:04','marta.anguita@baumcontrol.es',15,'2023-03-22',NULL,0,NULL),(920,9,13,54,NULL,'APROBADA','2023-03-14','2023-03-16 06:49:00','2023-03-22 17:18:14','marta.anguita@baumcontrol.es',15,'2023-03-22',NULL,0,NULL),(921,7,13,54,NULL,'APROBADA','2023-03-15','2023-03-16 06:49:35','2023-03-22 17:17:16','marta.anguita@baumcontrol.es',15,'2023-03-22',NULL,0,NULL),(922,2,13,18,NULL,'APROBADA','2023-03-15','2023-03-16 06:50:06','2023-03-23 10:14:55','joseluis.gonzalez@baumcontrol.es',21,'2023-03-23',NULL,0,NULL),(923,9,10,180,NULL,'APROBADA','2023-03-16','2023-03-16 16:19:14','2023-04-20 10:49:24','marta.anguita@baumcontrol.es',15,'2023-04-20',NULL,0,NULL),(924,9,13,54,NULL,'APROBADA','2023-03-16','2023-03-17 06:40:04','2023-03-22 17:16:40','marta.anguita@baumcontrol.es',15,'2023-03-22',NULL,0,NULL),(925,6,13,54,NULL,'APROBADA','2023-03-17','2023-03-17 06:40:51','2023-03-22 17:15:31','marta.anguita@baumcontrol.es',15,'2023-03-22',NULL,0,NULL),(926,7,5,33,NULL,'APROBADA','2023-03-13','2023-03-18 07:55:28','2023-03-22 17:19:13','marta.anguita@baumcontrol.es',15,'2023-03-22',NULL,0,NULL),(927,9,5,33,NULL,'APROBADA','2023-03-14','2023-03-18 07:56:02','2023-03-22 17:18:17','marta.anguita@baumcontrol.es',15,'2023-03-22',NULL,0,NULL),(928,9,5,35,NULL,'APROBADA','2023-03-16','2023-03-18 07:56:33','2023-03-22 17:16:49','marta.anguita@baumcontrol.es',15,'2023-03-22',NULL,0,NULL),(929,6,5,33,NULL,'APROBADA','2023-03-15','2023-03-18 07:57:35','2023-03-22 17:17:42','marta.anguita@baumcontrol.es',15,'2023-03-22',NULL,0,NULL),(930,6,5,35,NULL,'APROBADA','2023-03-17','2023-03-18 07:58:47','2023-03-22 17:15:39','marta.anguita@baumcontrol.es',15,'2023-03-22',NULL,0,NULL),(931,9,5,29,NULL,'APROBADA','2023-03-07','2023-03-18 07:59:24','2023-03-22 17:20:58','marta.anguita@baumcontrol.es',15,'2023-03-22',NULL,0,NULL),(932,9,5,204,NULL,'APROBADA','2023-03-06','2023-03-18 08:01:17','2023-04-20 10:51:29','marta.anguita@baumcontrol.es',15,'2023-04-20',NULL,0,NULL),(933,2,5,29,NULL,'APROBADA','2023-03-15','2023-03-18 08:02:27','2023-03-22 17:17:49','marta.anguita@baumcontrol.es',15,'2023-03-22',NULL,0,NULL),(934,9,6,250,NULL,'APROBADA','2023-03-07','2023-03-20 10:48:58','2023-03-23 12:20:08','s_javier.ordonez@baumcontrol.es',16,'2023-03-23',NULL,0,NULL),(935,9,6,250,NULL,'APROBADA','2023-03-08','2023-03-20 10:49:16','2023-03-23 12:20:05','s_javier.ordonez@baumcontrol.es',16,'2023-03-23',NULL,0,NULL),(936,9,6,172,NULL,'APROBADA','2023-03-09','2023-03-20 10:49:35','2023-04-20 10:50:30','marta.anguita@baumcontrol.es',15,'2023-04-20',NULL,0,NULL),(937,6,6,185,NULL,'APROBADA','2023-03-10','2023-03-20 10:50:20','2023-04-20 10:50:16','marta.anguita@baumcontrol.es',15,'2023-04-20',NULL,0,NULL),(938,6,6,185,NULL,'APROBADA','2023-03-13','2023-03-20 10:51:02','2023-04-20 10:50:02','marta.anguita@baumcontrol.es',15,'2023-04-20',NULL,0,NULL),(939,9,6,185,NULL,'APROBADA','2023-03-14','2023-03-20 10:52:01','2023-04-20 10:49:52','marta.anguita@baumcontrol.es',15,'2023-04-20',NULL,0,NULL),(940,9,6,226,NULL,'NO APROBADA','2023-03-15','2023-03-20 10:52:41','2023-03-20 10:52:41',NULL,NULL,NULL,NULL,0,NULL),(941,9,6,226,NULL,'NO APROBADA','2023-03-16','2023-03-20 10:53:03','2023-03-20 10:53:19',NULL,NULL,NULL,NULL,0,NULL),(942,6,6,226,NULL,'NO APROBADA','2023-03-17','2023-03-20 10:53:39','2023-03-20 10:53:39',NULL,NULL,NULL,NULL,0,NULL),(943,9,8,7,NULL,'APROBADA','2023-03-15','2023-03-21 08:11:53','2023-03-22 16:48:58','josemanuel.blanco@baumcontrol.es',3,'2023-03-22',NULL,0,NULL),(944,9,8,7,NULL,'APROBADA','2023-03-16','2023-03-21 08:15:16','2023-03-22 16:48:59','josemanuel.blanco@baumcontrol.es',3,'2023-03-22',NULL,0,NULL),(945,6,8,7,NULL,'APROBADA','2023-03-17','2023-03-21 08:16:53','2023-03-22 16:49:00','josemanuel.blanco@baumcontrol.es',3,'2023-03-22',NULL,0,NULL),(946,9,13,54,NULL,'APROBADA','2023-03-21','2023-03-22 12:19:22','2023-03-22 17:15:01','marta.anguita@baumcontrol.es',15,'2023-03-22',NULL,0,NULL),(947,9,10,9,NULL,'APROBADA','2023-03-21','2023-03-22 16:49:16','2023-04-14 07:36:03','josemanuel.blanco@baumcontrol.es',3,'2023-04-14',NULL,0,NULL),(948,2,10,9,NULL,'APROBADA','2023-03-22','2023-03-22 16:49:40','2023-04-14 07:36:16','josemanuel.blanco@baumcontrol.es',3,'2023-04-14',NULL,0,NULL),(949,2,3,208,NULL,'APROBADA','2023-03-22','2023-03-22 16:49:42','2023-03-22 16:52:31','marta.anguita@baumcontrol.es',15,'2023-03-22',NULL,0,NULL),(950,5,10,208,NULL,'APROBADA','2023-03-22','2023-03-22 16:49:58','2023-03-22 17:14:24','marta.anguita@baumcontrol.es',15,'2023-03-22',NULL,0,NULL),(951,2,10,175,NULL,'APROBADA','2023-03-22','2023-03-22 16:51:14','2023-04-20 10:48:10','marta.anguita@baumcontrol.es',15,'2023-04-20',NULL,0,NULL),(952,5,12,10,NULL,'APROBADA','2023-03-13','2023-03-22 16:55:47','2023-03-23 10:16:10','joseluis.gonzalez@baumcontrol.es',21,'2023-03-23',NULL,0,NULL),(953,4,12,33,NULL,'APROBADA','2023-03-13','2023-03-22 16:58:17','2023-03-22 17:19:22','marta.anguita@baumcontrol.es',15,'2023-03-22',NULL,0,NULL),(954,9,12,35,NULL,'APROBADA','2023-03-14','2023-03-22 16:58:47','2023-03-22 17:18:24','marta.anguita@baumcontrol.es',15,'2023-03-22',NULL,0,NULL),(955,9,12,33,NULL,'APROBADA','2023-03-15','2023-03-22 16:59:11','2023-03-22 17:17:59','marta.anguita@baumcontrol.es',15,'2023-03-22',NULL,0,NULL),(956,9,12,33,NULL,'APROBADA','2023-03-16','2023-03-22 16:59:34','2023-03-22 17:17:02','marta.anguita@baumcontrol.es',15,'2023-03-22',NULL,0,NULL),(957,9,12,256,NULL,'APROBADA','2023-03-21','2023-03-22 17:01:11','2023-03-23 10:14:41','joseluis.gonzalez@baumcontrol.es',21,'2023-03-23',NULL,0,NULL),(958,5,12,35,NULL,'APROBADA','2023-03-22','2023-03-22 17:02:43','2023-03-22 17:14:50','marta.anguita@baumcontrol.es',15,'2023-03-22',NULL,0,NULL),(959,6,12,252,NULL,'APROBADA','2023-03-17','2023-03-22 17:10:35','2023-04-04 10:06:03','marta.anguita@baumcontrol.es',15,'2023-04-04',NULL,0,NULL),(960,4,12,252,NULL,'APROBADA','2023-03-22','2023-03-22 17:11:22','2023-04-04 10:06:00','marta.anguita@baumcontrol.es',15,'2023-04-04',NULL,0,NULL),(961,9,12,252,NULL,'APROBADA','2023-03-23','2023-03-22 17:11:57','2023-03-22 17:14:01','marta.anguita@baumcontrol.es',15,'2023-03-22',NULL,0,NULL),(962,7,7,55,NULL,'APROBADA','2023-03-06','2023-03-23 06:54:51','2023-03-23 08:48:49','marta.anguita@baumcontrol.es',15,'2023-03-23',NULL,0,NULL),(964,4,7,214,NULL,'APROBADA','2023-03-07','2023-03-23 06:56:17','2023-03-23 08:48:32','marta.anguita@baumcontrol.es',15,'2023-03-23',NULL,0,NULL),(965,2,7,55,NULL,'APROBADA','2023-03-07','2023-03-23 06:56:29','2023-03-23 08:48:38','marta.anguita@baumcontrol.es',15,'2023-03-23',NULL,0,NULL),(966,3,7,13,NULL,'APROBADA','2023-03-07','2023-03-23 06:56:50','2023-03-23 08:48:34','marta.anguita@baumcontrol.es',15,'2023-03-23',NULL,0,NULL),(967,5,7,55,NULL,'APROBADA','2023-03-08','2023-03-23 06:58:00','2023-03-23 08:48:23','marta.anguita@baumcontrol.es',15,'2023-03-23',NULL,0,NULL),(968,6,7,67,NULL,'NO APROBADA','2023-03-10','2023-03-23 06:58:46','2023-03-23 06:58:46',NULL,NULL,NULL,NULL,0,NULL),(969,9,7,55,NULL,'APROBADA','2023-03-13','2023-03-23 06:59:11','2023-03-23 08:48:02','marta.anguita@baumcontrol.es',15,'2023-03-23',NULL,0,NULL),(970,9,7,55,NULL,'APROBADA','2023-03-14','2023-03-23 06:59:22','2023-03-23 08:47:55','marta.anguita@baumcontrol.es',15,'2023-03-23',NULL,0,NULL),(971,9,7,55,NULL,'APROBADA','2023-03-15','2023-03-23 06:59:36','2023-03-23 08:47:43','marta.anguita@baumcontrol.es',15,'2023-03-23',NULL,0,NULL),(972,9,7,55,NULL,'APROBADA','2023-03-16','2023-03-23 07:00:05','2023-03-23 08:47:34','marta.anguita@baumcontrol.es',15,'2023-03-23',NULL,0,NULL),(973,6,7,55,NULL,'APROBADA','2023-03-17','2023-03-23 07:00:17','2023-03-23 08:47:27','marta.anguita@baumcontrol.es',15,'2023-03-23',NULL,0,NULL),(974,4,7,55,NULL,'APROBADA','2023-03-21','2023-03-23 07:03:04','2023-03-23 08:46:52','marta.anguita@baumcontrol.es',15,'2023-03-23',NULL,0,NULL),(975,5,7,35,NULL,'APROBADA','2023-03-21','2023-03-23 07:03:20','2023-03-23 08:46:45','marta.anguita@baumcontrol.es',15,'2023-03-23',NULL,0,NULL),(976,6,7,35,NULL,'APROBADA','2023-03-22','2023-03-23 07:03:35','2023-03-23 08:11:54','marta.anguita@baumcontrol.es',15,'2023-03-23',NULL,0,NULL),(977,8,19,54,NULL,'APROBADA','2023-03-06','2023-03-23 08:25:17','2023-03-23 08:48:51','marta.anguita@baumcontrol.es',15,'2023-03-23',NULL,0,NULL),(978,8,19,54,NULL,'APROBADA','2023-03-07','2023-03-23 08:25:30','2023-03-23 08:48:29','marta.anguita@baumcontrol.es',15,'2023-03-23',NULL,0,NULL),(979,8,19,54,NULL,'APROBADA','2023-03-08','2023-03-23 08:25:49','2023-03-23 08:48:27','marta.anguita@baumcontrol.es',15,'2023-03-23',NULL,0,NULL),(980,8,19,54,NULL,'APROBADA','2023-03-09','2023-03-23 08:26:02','2023-03-23 08:48:15','marta.anguita@baumcontrol.es',15,'2023-03-23',NULL,0,NULL),(981,8,19,54,NULL,'APROBADA','2023-03-10','2023-03-23 08:26:21','2023-03-23 08:48:10','marta.anguita@baumcontrol.es',15,'2023-03-23',NULL,0,NULL),(982,8,19,54,NULL,'APROBADA','2023-03-13','2023-03-23 08:26:42','2023-03-23 08:48:00','marta.anguita@baumcontrol.es',15,'2023-03-23',NULL,0,NULL),(983,8,19,54,NULL,'APROBADA','2023-03-14','2023-03-23 08:26:56','2023-03-23 08:47:57','marta.anguita@baumcontrol.es',15,'2023-03-23',NULL,0,NULL),(984,8,19,54,NULL,'APROBADA','2023-03-15','2023-03-23 08:27:37','2023-03-23 08:47:46','marta.anguita@baumcontrol.es',15,'2023-03-23',NULL,0,NULL),(986,8,19,54,NULL,'APROBADA','2023-03-16','2023-03-23 08:28:33','2023-03-23 08:47:36','marta.anguita@baumcontrol.es',15,'2023-03-23',NULL,0,NULL),(987,8,19,54,NULL,'APROBADA','2023-03-17','2023-03-23 08:28:46','2023-03-23 08:47:30','marta.anguita@baumcontrol.es',15,'2023-03-23',NULL,0,NULL),(988,8,19,54,NULL,'APROBADA','2023-03-21','2023-03-23 08:29:11','2023-03-23 08:46:58','marta.anguita@baumcontrol.es',15,'2023-03-23',NULL,0,NULL),(989,8,19,54,NULL,'APROBADA','2023-03-22','2023-03-23 08:29:23','2023-03-23 08:46:49','marta.anguita@baumcontrol.es',15,'2023-03-23',NULL,0,NULL),(990,8,19,54,NULL,'APROBADA','2023-03-23','2023-03-23 08:29:38','2023-03-23 08:47:17','marta.anguita@baumcontrol.es',15,'2023-03-23',NULL,0,NULL),(991,8,19,54,NULL,'APROBADA','2023-03-24','2023-03-23 08:29:50','2023-03-23 08:47:20','marta.anguita@baumcontrol.es',15,'2023-03-23',NULL,0,NULL),(992,6,15,54,NULL,'APROBADA','2023-03-24','2023-03-23 09:03:10','2023-04-20 10:46:35','marta.anguita@baumcontrol.es',15,'2023-04-20',NULL,0,NULL),(993,8,15,219,NULL,'NO APROBADA','2023-02-27','2023-03-23 09:04:04','2023-03-23 09:04:04',NULL,NULL,NULL,NULL,0,NULL),(994,8,15,219,NULL,'NO APROBADA','2023-02-28','2023-03-23 09:04:37','2023-03-23 09:04:37',NULL,NULL,NULL,NULL,0,NULL),(995,9,15,35,NULL,'APROBADA','2023-03-06','2023-03-23 09:09:58','2023-04-20 10:51:32','marta.anguita@baumcontrol.es',15,'2023-04-20',NULL,0,NULL),(996,9,15,29,NULL,'APROBADA','2023-03-07','2023-03-23 09:10:23','2023-04-20 10:51:12','marta.anguita@baumcontrol.es',15,'2023-04-20',NULL,0,NULL),(997,8,15,219,NULL,'NO APROBADA','2023-03-08','2023-03-23 09:11:39','2023-03-23 09:11:39',NULL,NULL,NULL,NULL,0,NULL),(998,8,15,219,NULL,'NO APROBADA','2023-03-13','2023-03-23 09:12:20','2023-03-23 09:12:20',NULL,NULL,NULL,NULL,0,NULL),(999,8,15,219,NULL,'NO APROBADA','2023-03-13','2023-03-23 09:12:21','2023-03-23 09:12:21',NULL,NULL,NULL,NULL,0,NULL),(1000,8,15,219,NULL,'NO APROBADA','2023-01-21','2023-03-23 09:13:17','2023-03-23 09:13:17',NULL,NULL,NULL,NULL,0,NULL),(1001,8,15,219,NULL,'NO APROBADA','2023-03-27','2023-03-23 09:13:41','2023-03-23 09:13:41',NULL,NULL,NULL,NULL,0,NULL),(1002,8,15,219,NULL,'NO APROBADA','2023-03-28','2023-03-23 09:15:28','2023-03-23 09:15:28',NULL,NULL,NULL,NULL,0,NULL),(1003,9,15,256,NULL,'APROBADA','2023-03-09','2023-03-23 09:16:04','2023-03-23 10:16:13','joseluis.gonzalez@baumcontrol.es',21,'2023-03-23',NULL,0,NULL),(1004,9,10,253,NULL,'APROBADA','2023-03-02','2023-03-23 11:08:33','2023-03-31 07:18:10','joseluis.gonzalez@baumcontrol.es',21,'2023-03-31',NULL,0,NULL),(1005,6,10,9,NULL,'APROBADA','2023-03-03','2023-03-23 11:10:27','2023-04-14 07:35:30','josemanuel.blanco@baumcontrol.es',3,'2023-04-14',NULL,0,NULL),(1006,4,7,229,NULL,'NO APROBADA','2023-03-08','2023-03-23 11:55:59','2023-03-23 11:55:59',NULL,NULL,NULL,NULL,0,NULL),(1007,3,7,229,NULL,'NO APROBADA','2023-03-22','2023-03-23 11:56:45','2023-03-23 11:56:45',NULL,NULL,NULL,NULL,0,NULL),(1008,3,3,254,NULL,'APROBADA','2023-03-22','2023-03-23 12:07:18','2023-04-04 15:28:54','joseluis.gonzalez@baumcontrol.es',21,'2023-04-04',NULL,0,NULL),(1009,2,3,256,NULL,'APROBADA','2023-03-23','2023-03-23 12:07:35','2023-04-04 15:28:58','joseluis.gonzalez@baumcontrol.es',21,'2023-04-04',NULL,0,NULL),(1011,9,13,54,NULL,'APROBADA','2023-03-22','2023-03-24 07:58:19','2023-04-20 10:48:31','marta.anguita@baumcontrol.es',15,'2023-04-20',NULL,0,NULL),(1012,3,13,252,NULL,'APROBADA','2023-03-23','2023-03-24 07:59:08','2023-04-04 10:05:53','marta.anguita@baumcontrol.es',15,'2023-04-04',NULL,0,NULL),(1013,8,13,54,NULL,'APROBADA','2023-03-23','2023-03-24 07:59:30','2023-04-20 10:47:34','marta.anguita@baumcontrol.es',15,'2023-04-20',NULL,0,NULL),(1014,2,11,55,NULL,'APROBADA','2023-03-06','2023-03-24 08:26:10','2023-04-20 10:51:34','marta.anguita@baumcontrol.es',15,'2023-04-20',NULL,0,NULL),(1015,2,11,35,NULL,'APROBADA','2023-03-06','2023-03-24 08:26:48','2023-04-20 10:51:36','marta.anguita@baumcontrol.es',15,'2023-04-20',NULL,0,NULL),(1016,2,11,40,NULL,'NO APROBADA','2023-03-06','2023-03-24 08:27:55','2023-03-24 08:27:55',NULL,NULL,NULL,NULL,0,NULL),(1017,1,11,33,NULL,'APROBADA','2023-03-06','2023-03-24 08:35:49','2023-04-20 10:51:41','marta.anguita@baumcontrol.es',15,'2023-04-20',NULL,0,NULL),(1018,1,11,33,NULL,'APROBADA','2023-03-07','2023-03-24 08:37:22','2023-04-20 10:51:17','marta.anguita@baumcontrol.es',15,'2023-04-20',NULL,0,NULL),(1019,2,11,33,NULL,'APROBADA','2023-03-08','2023-03-24 08:41:56','2023-04-20 10:50:55','marta.anguita@baumcontrol.es',15,'2023-04-20',NULL,0,NULL),(1020,6,11,40,NULL,'NO APROBADA','2023-03-08','2023-03-24 08:42:57','2023-03-24 08:42:57',NULL,NULL,NULL,NULL,0,NULL),(1021,2,11,208,NULL,'APROBADA','2023-03-09','2023-03-24 08:44:46','2023-04-20 10:50:34','marta.anguita@baumcontrol.es',15,'2023-04-20',NULL,0,NULL),(1022,2,11,256,NULL,'APROBADA','2023-03-09','2023-03-24 08:45:40','2023-03-31 07:18:47','joseluis.gonzalez@baumcontrol.es',21,'2023-03-31',NULL,0,NULL),(1023,2,11,253,NULL,'APROBADA','2023-03-09','2023-03-24 08:46:21','2023-03-31 07:18:39','joseluis.gonzalez@baumcontrol.es',21,'2023-03-31',NULL,0,NULL),(1024,2,11,253,NULL,'APROBADA','2023-03-09','2023-03-24 08:46:22','2023-03-31 07:18:18','joseluis.gonzalez@baumcontrol.es',21,'2023-03-31',NULL,0,NULL),(1025,1,11,253,NULL,'APROBADA','2023-03-10','2023-03-24 08:47:24','2023-03-31 07:20:38','joseluis.gonzalez@baumcontrol.es',21,'2023-03-31',NULL,0,NULL),(1026,5,11,256,NULL,'APROBADA','2023-03-10','2023-03-24 08:48:07','2023-03-31 07:20:42','joseluis.gonzalez@baumcontrol.es',21,'2023-03-31',NULL,0,NULL),(1027,2,11,253,NULL,'APROBADA','2023-03-13','2023-03-24 08:48:47','2023-03-31 07:20:48','joseluis.gonzalez@baumcontrol.es',21,'2023-03-31',NULL,0,NULL),(1028,6,11,253,NULL,'APROBADA','2023-03-14','2023-03-24 08:51:12','2023-03-31 07:23:09','joseluis.gonzalez@baumcontrol.es',21,'2023-03-31',NULL,0,NULL),(1029,2,11,35,NULL,'APROBADA','2023-03-15','2023-03-24 08:52:10','2023-04-20 10:49:38','marta.anguita@baumcontrol.es',15,'2023-04-20',NULL,0,NULL),(1030,5,11,253,NULL,'APROBADA','2023-03-16','2023-03-24 08:54:49','2023-03-31 07:23:15','joseluis.gonzalez@baumcontrol.es',21,'2023-03-31',NULL,0,NULL),(1031,3,11,253,NULL,'APROBADA','2023-03-21','2023-03-24 08:55:32','2023-03-31 07:23:22','joseluis.gonzalez@baumcontrol.es',21,'2023-03-31',NULL,0,NULL),(1032,2,11,254,NULL,'APROBADA','2023-03-22','2023-03-24 08:56:04','2023-03-31 07:23:37','joseluis.gonzalez@baumcontrol.es',21,'2023-03-31',NULL,0,NULL),(1033,1,11,253,NULL,'APROBADA','2023-03-22','2023-03-24 08:56:49','2023-03-31 07:24:06','joseluis.gonzalez@baumcontrol.es',21,'2023-03-31',NULL,0,NULL),(1034,1,11,253,NULL,'APROBADA','2023-03-23','2023-03-24 08:57:33','2023-03-31 07:24:10','joseluis.gonzalez@baumcontrol.es',21,'2023-03-31',NULL,0,NULL),(1035,2,11,35,NULL,'APROBADA','2023-03-23','2023-03-24 08:57:58','2023-04-20 10:47:39','marta.anguita@baumcontrol.es',15,'2023-04-20',NULL,0,NULL),(1036,1,11,253,NULL,'APROBADA','2023-03-24','2023-03-24 08:58:25','2023-03-31 07:24:13','joseluis.gonzalez@baumcontrol.es',21,'2023-03-31',NULL,0,NULL),(1037,6,11,29,NULL,'APROBADA','2023-03-07','2023-03-24 09:27:23','2023-04-20 10:51:20','marta.anguita@baumcontrol.es',15,'2023-04-20',NULL,0,NULL),(1038,9,10,9,NULL,'APROBADA','2023-03-23','2023-03-24 12:42:30','2023-04-14 07:36:26','josemanuel.blanco@baumcontrol.es',3,'2023-04-14',NULL,0,NULL),(1039,9,8,7,NULL,'APROBADA','2023-03-21','2023-03-27 07:57:42','2023-04-14 07:36:12','josemanuel.blanco@baumcontrol.es',3,'2023-04-14',NULL,0,NULL),(1040,3,8,30,NULL,'NO APROBADA','2023-03-22','2023-03-27 07:58:29','2023-03-27 07:58:29',NULL,NULL,NULL,NULL,0,NULL),(1041,6,8,7,NULL,'APROBADA','2023-03-22','2023-03-27 07:58:42','2023-04-14 07:36:23','josemanuel.blanco@baumcontrol.es',3,'2023-04-14',NULL,0,NULL),(1042,9,8,30,NULL,'NO APROBADA','2023-03-23','2023-03-27 07:58:57','2023-03-27 07:58:57',NULL,NULL,NULL,NULL,0,NULL),(1043,6,8,30,NULL,'NO APROBADA','2023-03-24','2023-03-27 07:59:09','2023-03-27 07:59:09',NULL,NULL,NULL,NULL,0,NULL),(1044,9,8,7,NULL,'APROBADA','2023-03-27','2023-03-27 07:59:26','2023-04-14 07:36:47','josemanuel.blanco@baumcontrol.es',3,'2023-04-14',NULL,0,NULL),(1045,9,17,7,NULL,'APROBADA','2023-03-13','2023-03-27 09:57:33','2023-04-14 07:35:34','josemanuel.blanco@baumcontrol.es',3,'2023-04-14',NULL,0,NULL),(1046,9,17,7,NULL,'APROBADA','2023-03-14','2023-03-27 09:57:50','2023-04-14 07:35:37','josemanuel.blanco@baumcontrol.es',3,'2023-04-14',NULL,0,NULL),(1047,6,17,7,NULL,'APROBADA','2023-03-15','2023-03-27 09:58:15','2023-04-14 07:35:47','josemanuel.blanco@baumcontrol.es',3,'2023-04-14',NULL,0,NULL),(1048,3,17,29,NULL,'APROBADA','2023-03-15','2023-03-27 09:58:27','2023-04-20 10:49:41','marta.anguita@baumcontrol.es',15,'2023-04-20',NULL,0,NULL),(1049,9,17,7,NULL,'APROBADA','2023-03-16','2023-03-27 09:58:38','2023-04-14 07:35:49','josemanuel.blanco@baumcontrol.es',3,'2023-04-14',NULL,0,NULL),(1050,6,17,7,NULL,'APROBADA','2023-03-17','2023-03-27 09:58:54','2023-04-14 07:35:51','josemanuel.blanco@baumcontrol.es',3,'2023-04-14',NULL,0,NULL),(1051,9,17,7,NULL,'APROBADA','2023-03-21','2023-03-27 09:59:13','2023-04-14 07:36:09','josemanuel.blanco@baumcontrol.es',3,'2023-04-14',NULL,0,NULL),(1052,9,17,7,NULL,'APROBADA','2023-03-22','2023-03-27 09:59:37','2023-04-14 07:36:19','josemanuel.blanco@baumcontrol.es',3,'2023-04-14',NULL,0,NULL),(1053,8,17,7,NULL,'APROBADA','2023-03-23','2023-03-27 09:59:57','2023-04-14 07:36:29','josemanuel.blanco@baumcontrol.es',3,'2023-04-14',NULL,0,NULL),(1054,1,17,29,NULL,'APROBADA','2023-03-23','2023-03-27 10:00:28','2023-04-20 10:47:44','marta.anguita@baumcontrol.es',15,'2023-04-20',NULL,0,NULL),(1055,6,17,7,NULL,'APROBADA','2023-03-24','2023-03-27 10:00:43','2023-04-14 07:36:31','josemanuel.blanco@baumcontrol.es',3,'2023-04-14',NULL,0,NULL),(1056,4,11,7,NULL,'APROBADA','2023-03-27','2023-03-27 15:34:08','2023-04-14 07:36:39','josemanuel.blanco@baumcontrol.es',3,'2023-04-14',NULL,0,NULL),(1057,4,12,211,NULL,'NO APROBADA','2023-03-24','2023-03-28 13:55:05','2023-03-28 13:55:05',NULL,NULL,NULL,NULL,0,NULL),(1058,2,12,33,NULL,'APROBADA','2023-03-24','2023-03-28 13:55:49','2023-04-20 10:46:30','marta.anguita@baumcontrol.es',15,'2023-04-20',NULL,0,NULL),(1059,9,12,253,NULL,'APROBADA','2023-03-27','2023-03-28 13:56:36','2023-04-04 15:29:16','joseluis.gonzalez@baumcontrol.es',21,'2023-04-04',NULL,0,NULL),(1060,4,12,35,NULL,'APROBADA','2023-03-28','2023-03-28 13:57:22','2023-04-20 10:45:00','marta.anguita@baumcontrol.es',15,'2023-04-20',NULL,0,NULL),(1061,2,12,252,NULL,'APROBADA','2023-03-28','2023-03-28 14:00:26','2023-04-04 10:06:43','marta.anguita@baumcontrol.es',15,'2023-04-04',NULL,0,NULL),(1062,3,12,253,NULL,'APROBADA','2023-03-28','2023-03-28 14:00:53','2023-04-04 15:29:24','joseluis.gonzalez@baumcontrol.es',21,'2023-04-04',NULL,0,NULL),(1063,6,13,54,NULL,'APROBADA','2023-03-24','2023-03-28 15:25:47','2023-04-20 10:46:44','marta.anguita@baumcontrol.es',15,'2023-04-20',NULL,0,NULL),(1064,9,13,54,NULL,'APROBADA','2023-03-27','2023-03-28 15:26:16','2023-04-20 10:45:40','marta.anguita@baumcontrol.es',15,'2023-04-20',NULL,0,NULL),(1065,9,13,54,NULL,'APROBADA','2023-03-28','2023-03-28 15:27:00','2023-04-20 10:45:05','marta.anguita@baumcontrol.es',15,'2023-04-20',NULL,0,NULL),(1066,4,11,7,NULL,'APROBADA','2023-03-28','2023-03-28 15:33:55','2023-04-14 07:40:55','josemanuel.blanco@baumcontrol.es',3,'2023-04-14',NULL,0,NULL),(1067,9,8,7,NULL,'APROBADA','2023-03-28','2023-03-29 15:14:57','2023-04-14 07:36:56','josemanuel.blanco@baumcontrol.es',3,'2023-04-14',NULL,0,NULL),(1068,9,8,7,NULL,'APROBADA','2023-03-29','2023-03-29 15:15:12','2023-04-14 07:41:04','josemanuel.blanco@baumcontrol.es',3,'2023-04-14',NULL,0,NULL),(1069,4,11,7,NULL,'APROBADA','2023-03-29','2023-03-29 15:22:33','2023-04-14 07:41:02','josemanuel.blanco@baumcontrol.es',3,'2023-04-14',NULL,0,NULL),(1070,9,12,225,NULL,'APROBADA','2023-03-30','2023-03-30 07:19:02','2023-04-14 07:41:06','josemanuel.blanco@baumcontrol.es',3,'2023-04-14',NULL,0,NULL),(1071,9,12,258,NULL,'APROBADA','2023-03-29','2023-03-30 07:27:56','2023-04-20 10:57:22','marta.anguita@baumcontrol.es',15,'2023-04-20',NULL,0,NULL),(1072,9,13,54,NULL,'APROBADA','2023-03-29','2023-03-30 11:31:25','2023-04-20 10:44:28','marta.anguita@baumcontrol.es',15,'2023-04-20',NULL,0,NULL),(1073,9,11,7,NULL,'APROBADA','2023-03-30','2023-03-30 15:17:44','2023-04-14 07:41:12','josemanuel.blanco@baumcontrol.es',3,'2023-04-14',NULL,0,NULL),(1074,6,12,252,NULL,'APROBADA','2023-03-31','2023-03-31 09:49:14','2023-04-04 10:06:09','marta.anguita@baumcontrol.es',15,'2023-04-04',NULL,0,NULL),(1075,9,13,54,NULL,'APROBADA','2023-03-30','2023-03-31 11:36:44','2023-04-20 10:57:18','marta.anguita@baumcontrol.es',15,'2023-04-20',NULL,0,NULL),(1076,1,13,175,NULL,'APROBADA','2023-03-31','2023-03-31 11:37:37','2023-04-20 10:41:53','marta.anguita@baumcontrol.es',15,'2023-04-20',NULL,0,NULL),(1077,5,13,54,NULL,'APROBADA','2023-03-31','2023-03-31 11:37:56','2023-04-20 10:57:11','marta.anguita@baumcontrol.es',15,'2023-04-20',NULL,0,NULL),(1078,6,11,7,NULL,'APROBADA','2023-03-31','2023-03-31 11:45:31','2023-04-14 07:41:27','josemanuel.blanco@baumcontrol.es',3,'2023-04-14',NULL,0,NULL),(1079,4,6,239,NULL,'APROBADA','2023-03-21','2023-04-01 09:26:37','2023-04-20 10:48:57','marta.anguita@baumcontrol.es',15,'2023-04-20',NULL,0,NULL),(1080,5,6,185,NULL,'APROBADA','2023-03-21','2023-04-01 09:27:25','2023-04-20 10:49:00','marta.anguita@baumcontrol.es',15,'2023-04-20',NULL,0,NULL),(1081,3,6,185,NULL,'APROBADA','2023-03-22','2023-04-01 09:28:19','2023-04-20 10:48:41','marta.anguita@baumcontrol.es',15,'2023-04-20',NULL,0,NULL),(1082,6,6,226,NULL,'NO APROBADA','2023-03-22','2023-04-01 09:29:19','2023-04-01 09:29:19',NULL,NULL,NULL,NULL,0,NULL),(1083,9,6,226,NULL,'NO APROBADA','2023-03-23','2023-04-01 09:32:45','2023-04-01 09:32:45',NULL,NULL,NULL,NULL,0,NULL),(1084,6,6,239,NULL,'APROBADA','2023-03-24','2023-04-01 09:33:29','2023-04-20 10:47:13','marta.anguita@baumcontrol.es',15,'2023-04-20',NULL,0,NULL),(1085,9,6,17,NULL,'APROBADA','2023-03-27','2023-04-01 09:34:04','2023-04-04 15:29:07','joseluis.gonzalez@baumcontrol.es',21,'2023-04-04',NULL,0,NULL),(1086,3,6,17,NULL,'APROBADA','2023-03-28','2023-04-01 09:34:23','2023-04-04 15:29:18','joseluis.gonzalez@baumcontrol.es',21,'2023-04-04',NULL,0,NULL),(1087,6,6,252,NULL,'APROBADA','2023-03-28','2023-04-01 09:35:00','2023-04-04 10:06:24','marta.anguita@baumcontrol.es',15,'2023-04-04',NULL,0,NULL),(1088,9,6,252,NULL,'APROBADA','2023-03-29','2023-04-01 09:35:22','2023-04-04 10:06:41','marta.anguita@baumcontrol.es',15,'2023-04-04',NULL,0,NULL),(1089,9,6,252,NULL,'APROBADA','2023-03-30','2023-04-01 09:35:44','2023-04-04 10:06:13','marta.anguita@baumcontrol.es',15,'2023-04-04',NULL,0,NULL),(1090,6,6,252,NULL,'APROBADA','2023-03-31','2023-04-01 09:36:18','2023-04-04 10:06:11','marta.anguita@baumcontrol.es',15,'2023-04-04',NULL,0,NULL),(1091,9,11,7,NULL,'APROBADA','2023-04-03','2023-04-04 06:22:27','2023-04-14 07:41:38','josemanuel.blanco@baumcontrol.es',3,'2023-04-14',NULL,0,NULL),(1092,9,8,7,NULL,'APROBADA','2023-03-30','2023-04-04 08:49:51','2023-04-14 07:41:10','josemanuel.blanco@baumcontrol.es',3,'2023-04-14',NULL,0,NULL),(1093,6,8,7,NULL,'APROBADA','2023-03-31','2023-04-04 08:50:05','2023-04-14 07:41:24','josemanuel.blanco@baumcontrol.es',3,'2023-04-14',NULL,0,NULL),(1094,9,8,7,NULL,'APROBADA','2023-04-03','2023-04-04 08:50:38','2023-04-14 07:41:34','josemanuel.blanco@baumcontrol.es',3,'2023-04-14',NULL,0,NULL),(1095,9,17,7,NULL,'APROBADA','2023-03-27','2023-04-04 08:52:25','2023-04-14 07:36:36','josemanuel.blanco@baumcontrol.es',3,'2023-04-14',NULL,0,NULL),(1096,9,17,7,NULL,'APROBADA','2023-03-28','2023-04-04 08:53:03','2023-04-14 07:36:53','josemanuel.blanco@baumcontrol.es',3,'2023-04-14',NULL,0,NULL),(1097,9,17,7,NULL,'APROBADA','2023-03-29','2023-04-04 08:53:15','2023-04-14 07:41:00','josemanuel.blanco@baumcontrol.es',3,'2023-04-14',NULL,0,NULL),(1098,9,17,7,NULL,'APROBADA','2023-03-30','2023-04-04 08:53:28','2023-04-14 07:41:08','josemanuel.blanco@baumcontrol.es',3,'2023-04-14',NULL,0,NULL),(1099,6,17,7,NULL,'APROBADA','2023-03-31','2023-04-04 08:53:52','2023-04-14 07:41:21','josemanuel.blanco@baumcontrol.es',3,'2023-04-14',NULL,0,NULL),(1100,9,17,7,NULL,'APROBADA','2023-04-03','2023-04-04 08:54:15','2023-04-14 07:41:32','josemanuel.blanco@baumcontrol.es',3,'2023-04-14',NULL,0,NULL),(1101,9,11,7,NULL,'APROBADA','2023-04-04','2023-04-04 15:35:52','2023-04-14 07:41:52','josemanuel.blanco@baumcontrol.es',3,'2023-04-14',NULL,0,NULL),(1102,8,20,54,NULL,'APROBADA','2023-03-15','2023-04-04 17:59:33','2023-04-20 10:49:43','marta.anguita@baumcontrol.es',15,'2023-04-20',NULL,0,NULL),(1103,8,20,54,NULL,'APROBADA','2023-03-16','2023-04-04 18:00:10','2023-04-20 10:49:29','marta.anguita@baumcontrol.es',15,'2023-04-20',NULL,0,NULL),(1104,8,20,54,NULL,'APROBADA','2023-03-17','2023-04-04 18:00:32','2023-04-20 10:49:21','marta.anguita@baumcontrol.es',15,'2023-04-20',NULL,0,NULL),(1105,8,20,54,NULL,'APROBADA','2023-03-20','2023-04-04 18:00:56','2023-04-20 10:49:08','marta.anguita@baumcontrol.es',15,'2023-04-20',NULL,0,NULL),(1106,8,20,54,NULL,'APROBADA','2023-03-21','2023-04-04 18:01:11','2023-04-20 10:49:03','marta.anguita@baumcontrol.es',15,'2023-04-20',NULL,0,NULL),(1107,8,20,54,NULL,'APROBADA','2023-03-22','2023-04-04 18:01:29','2023-04-20 10:48:45','marta.anguita@baumcontrol.es',15,'2023-04-20',NULL,0,NULL),(1108,8,20,54,NULL,'APROBADA','2023-03-23','2023-04-04 18:02:07','2023-04-20 10:47:57','marta.anguita@baumcontrol.es',15,'2023-04-20',NULL,0,NULL),(1109,8,20,54,NULL,'APROBADA','2023-03-24','2023-04-04 18:02:24','2023-04-20 10:47:18','marta.anguita@baumcontrol.es',15,'2023-04-20',NULL,0,NULL),(1110,8,20,54,NULL,'APROBADA','2023-03-27','2023-04-04 18:02:44','2023-04-20 10:45:44','marta.anguita@baumcontrol.es',15,'2023-04-20',NULL,0,NULL),(1111,8,20,54,NULL,'APROBADA','2023-03-28','2023-04-04 18:03:05','2023-04-20 10:45:10','marta.anguita@baumcontrol.es',15,'2023-04-20',NULL,0,NULL),(1112,8,20,54,NULL,'APROBADA','2023-03-29','2023-04-04 18:03:25','2023-04-20 10:44:32','marta.anguita@baumcontrol.es',15,'2023-04-20',NULL,0,NULL),(1113,8,20,54,NULL,'APROBADA','2023-03-30','2023-04-04 18:03:43','2023-04-20 10:44:08','marta.anguita@baumcontrol.es',15,'2023-04-20',NULL,0,NULL),(1114,8,20,54,NULL,'APROBADA','2023-03-31','2023-04-04 18:04:03','2023-04-20 10:43:33','marta.anguita@baumcontrol.es',15,'2023-04-20',NULL,0,NULL),(1115,8,20,54,NULL,'APROBADA','2023-04-03','2023-04-04 18:04:23','2023-04-11 06:57:23','marta.anguita@baumcontrol.es',15,'2023-04-11',NULL,0,NULL),(1116,8,20,54,NULL,'APROBADA','2023-04-04','2023-04-04 18:04:45','2023-04-11 06:54:24','marta.anguita@baumcontrol.es',15,'2023-04-11',NULL,0,NULL),(1117,8,20,54,NULL,'APROBADA','2023-04-05','2023-04-04 18:04:58','2023-04-11 06:52:20','marta.anguita@baumcontrol.es',15,'2023-04-11',NULL,0,NULL),(1118,9,13,54,NULL,'APROBADA','2023-04-03','2023-04-05 12:33:56','2023-04-11 06:57:20','marta.anguita@baumcontrol.es',15,'2023-04-11',NULL,0,NULL),(1119,9,13,54,NULL,'APROBADA','2023-04-04','2023-04-05 12:34:31','2023-04-11 06:54:36','marta.anguita@baumcontrol.es',15,'2023-04-11',NULL,0,NULL),(1120,7,13,54,NULL,'APROBADA','2023-04-05','2023-04-05 12:35:01','2023-04-11 06:52:25','marta.anguita@baumcontrol.es',15,'2023-04-11',NULL,0,NULL),(1121,9,11,7,NULL,'APROBADA','2023-04-05','2023-04-05 15:33:21','2023-04-14 07:41:56','josemanuel.blanco@baumcontrol.es',3,'2023-04-14',NULL,0,NULL),(1124,3,10,9,NULL,'APROBADA','2023-03-20','2023-04-10 07:43:59','2023-04-14 07:35:57','josemanuel.blanco@baumcontrol.es',3,'2023-04-14',NULL,0,NULL),(1125,3,10,185,NULL,'APROBADA','2023-03-20','2023-04-10 07:45:13','2023-04-20 10:49:11','marta.anguita@baumcontrol.es',15,'2023-04-20',NULL,0,NULL),(1126,1,10,26,NULL,'NO APROBADA','2023-03-20','2023-04-10 07:46:46','2023-04-10 07:46:46',NULL,NULL,NULL,NULL,0,NULL),(1127,8,19,54,NULL,'APROBADA','2023-03-28','2023-04-10 07:49:07','2023-04-20 10:45:13','marta.anguita@baumcontrol.es',15,'2023-04-20',NULL,0,NULL),(1128,8,19,54,NULL,'APROBADA','2023-03-29','2023-04-10 07:49:29','2023-04-20 10:44:35','marta.anguita@baumcontrol.es',15,'2023-04-20',NULL,0,NULL),(1129,8,19,54,NULL,'APROBADA','2023-03-30','2023-04-10 07:49:45','2023-04-20 10:44:11','marta.anguita@baumcontrol.es',15,'2023-04-20',NULL,0,NULL),(1130,8,19,54,NULL,'APROBADA','2023-03-31','2023-04-10 07:49:59','2023-04-20 10:43:36','marta.anguita@baumcontrol.es',15,'2023-04-20',NULL,0,NULL),(1131,8,19,54,NULL,'APROBADA','2023-04-03','2023-04-10 07:50:28','2023-04-11 06:57:28','marta.anguita@baumcontrol.es',15,'2023-04-11',NULL,0,NULL),(1132,8,19,54,NULL,'APROBADA','2023-04-04','2023-04-10 07:50:42','2023-04-11 06:54:41','marta.anguita@baumcontrol.es',15,'2023-04-11',NULL,0,NULL),(1133,7,19,54,NULL,'APROBADA','2023-04-05','2023-04-10 07:50:54','2023-04-11 06:52:44','marta.anguita@baumcontrol.es',15,'2023-04-11',NULL,0,NULL),(1135,9,10,9,NULL,'APROBADA','2023-03-27','2023-04-10 07:56:14','2023-04-14 07:36:34','josemanuel.blanco@baumcontrol.es',3,'2023-04-14',NULL,0,NULL),(1136,5,10,136,NULL,'NO APROBADA','2023-04-04','2023-04-10 07:57:44','2023-04-10 07:57:44',NULL,NULL,NULL,NULL,0,NULL),(1137,4,10,69,NULL,'APROBADA','2023-04-04','2023-04-10 07:58:02','2023-04-11 06:56:00','marta.anguita@baumcontrol.es',15,'2023-04-11',NULL,0,NULL),(1138,9,10,69,NULL,'APROBADA','2023-04-05','2023-04-10 07:58:22','2023-04-11 06:52:54','marta.anguita@baumcontrol.es',15,'2023-04-11',NULL,0,NULL),(1139,6,10,252,NULL,'APROBADA','2023-03-31','2023-04-10 07:59:15','2023-04-20 10:43:38','marta.anguita@baumcontrol.es',15,'2023-04-20',NULL,0,NULL),(1140,3,10,252,NULL,'APROBADA','2023-03-30','2023-04-10 07:59:33','2023-04-20 10:44:13','marta.anguita@baumcontrol.es',15,'2023-04-20',NULL,0,NULL),(1141,6,10,69,NULL,'APROBADA','2023-03-30','2023-04-10 08:08:19','2023-04-20 10:44:15','marta.anguita@baumcontrol.es',15,'2023-04-20',NULL,0,NULL),(1142,3,10,9,NULL,'APROBADA','2023-03-29','2023-04-10 08:10:10','2023-04-14 07:40:58','josemanuel.blanco@baumcontrol.es',3,'2023-04-14',NULL,0,NULL),(1143,6,10,203,NULL,'APROBADA','2023-03-29','2023-04-10 08:10:39','2023-04-20 10:44:44','marta.anguita@baumcontrol.es',15,'2023-04-20',NULL,0,NULL),(1144,6,10,203,NULL,'APROBADA','2023-03-24','2023-04-10 08:11:40','2023-04-20 10:47:22','marta.anguita@baumcontrol.es',15,'2023-04-20',NULL,0,NULL),(1145,2,10,203,NULL,'APROBADA','2023-03-28','2023-04-10 08:21:40','2023-04-20 10:45:22','marta.anguita@baumcontrol.es',15,'2023-04-20',NULL,0,NULL),(1146,2,10,175,NULL,'APROBADA','2023-03-28','2023-04-10 09:20:05','2023-04-20 10:45:26','marta.anguita@baumcontrol.es',15,'2023-04-20',NULL,0,NULL),(1147,3,10,185,NULL,'APROBADA','2023-03-28','2023-04-10 09:22:22','2023-04-20 10:45:28','marta.anguita@baumcontrol.es',15,'2023-04-20',NULL,0,NULL),(1148,2,10,9,NULL,'APROBADA','2023-03-28','2023-04-10 09:22:59','2023-04-14 07:36:49','josemanuel.blanco@baumcontrol.es',3,'2023-04-14',NULL,0,NULL),(1149,3,10,69,NULL,'APROBADA','2023-04-03','2023-04-10 09:24:33','2023-04-11 06:57:51','marta.anguita@baumcontrol.es',15,'2023-04-11',NULL,0,NULL),(1150,9,5,35,NULL,'APROBADA','2023-03-21','2023-04-10 11:24:57','2023-04-20 10:49:06','marta.anguita@baumcontrol.es',15,'2023-04-20',NULL,0,NULL),(1151,9,5,35,NULL,'APROBADA','2023-03-22','2023-04-10 11:25:13','2023-04-20 10:48:48','marta.anguita@baumcontrol.es',15,'2023-04-20',NULL,0,NULL),(1152,7,5,33,NULL,'APROBADA','2023-03-24','2023-04-10 11:26:22','2023-04-20 10:47:26','marta.anguita@baumcontrol.es',15,'2023-04-20',NULL,0,NULL),(1153,9,5,33,NULL,'APROBADA','2023-03-23','2023-04-10 11:26:44','2023-04-20 10:48:03','marta.anguita@baumcontrol.es',15,'2023-04-20',NULL,0,NULL),(1154,9,5,33,NULL,'APROBADA','2023-03-27','2023-04-10 11:29:56','2023-04-20 10:45:48','marta.anguita@baumcontrol.es',15,'2023-04-20',NULL,0,NULL),(1155,9,5,33,NULL,'APROBADA','2023-03-28','2023-04-10 11:30:14','2023-04-20 10:45:34','marta.anguita@baumcontrol.es',15,'2023-04-20',NULL,0,NULL),(1156,9,5,168,NULL,'APROBADA','2023-03-30','2023-04-10 11:32:13','2023-04-20 10:44:19','marta.anguita@baumcontrol.es',15,'2023-04-20',NULL,0,NULL),(1157,6,5,168,NULL,'APROBADA','2023-03-31','2023-04-10 11:32:31','2023-04-20 10:43:44','marta.anguita@baumcontrol.es',15,'2023-04-20',NULL,0,NULL),(1158,6,5,4,NULL,'APROBADA','2023-04-03','2023-04-10 11:32:53','2023-04-14 07:41:49','josemanuel.blanco@baumcontrol.es',3,'2023-04-14',NULL,0,NULL),(1159,3,5,29,NULL,'APROBADA','2023-04-03','2023-04-10 11:35:11','2023-04-20 10:41:17','marta.anguita@baumcontrol.es',15,'2023-04-20',NULL,0,NULL),(1160,9,5,29,NULL,'APROBADA','2023-04-04','2023-04-10 11:35:31','2023-05-11 13:16:23','marta.anguita@baumcontrol.es',15,'2023-05-11',NULL,0,NULL),(1161,9,5,29,NULL,'APROBADA','2023-04-05','2023-04-10 11:35:56','2023-05-11 13:16:25','marta.anguita@baumcontrol.es',15,'2023-05-11',NULL,0,NULL),(1162,5,5,186,NULL,'APROBADA','2023-04-10','2023-04-10 11:38:49','2023-05-11 13:16:31','marta.anguita@baumcontrol.es',15,'2023-05-11',NULL,0,NULL),(1163,1,5,261,NULL,'APROBADA','2023-04-10','2023-04-10 11:39:31','2023-05-11 13:16:27','marta.anguita@baumcontrol.es',15,'2023-05-11',NULL,0,NULL),(1164,7,5,168,NULL,'APROBADA','2023-04-11','2023-04-10 11:39:51','2023-05-11 13:16:33','marta.anguita@baumcontrol.es',15,'2023-05-11',NULL,0,NULL),(1165,9,5,168,NULL,'APROBADA','2023-04-12','2023-04-10 11:40:10','2023-04-20 10:25:06','marta.anguita@baumcontrol.es',15,'2023-04-20',NULL,0,NULL),(1167,9,11,7,NULL,'NO APROBADA','2023-04-10','2023-04-10 15:27:16','2023-04-10 15:27:16',NULL,NULL,NULL,NULL,0,NULL),(1168,9,10,54,NULL,'APROBADA','2023-04-10','2023-04-10 16:44:23','2023-04-11 06:52:11','marta.anguita@baumcontrol.es',15,'2023-04-11',NULL,0,NULL),(1169,4,12,255,NULL,'APROBADA','2023-04-11','2023-04-11 11:22:34','2023-04-20 07:03:01','joseluis.gonzalez@baumcontrol.es',21,'2023-04-20',NULL,0,NULL),(1170,5,12,278,NULL,'APROBADA','2023-04-11','2023-04-11 11:27:55','2023-04-20 07:02:49','joseluis.gonzalez@baumcontrol.es',21,'2023-04-20',NULL,0,NULL),(1171,9,11,7,NULL,'NO APROBADA','2023-04-11','2023-04-11 15:22:32','2023-04-11 15:22:32',NULL,NULL,NULL,NULL,0,NULL),(1172,9,10,54,NULL,'APROBADA','2023-04-11','2023-04-11 16:05:12','2023-04-20 10:19:29','marta.anguita@baumcontrol.es',15,'2023-04-20',NULL,0,NULL),(1173,9,11,7,NULL,'NO APROBADA','2023-04-12','2023-04-12 15:22:15','2023-04-12 15:22:15',NULL,NULL,NULL,NULL,0,NULL),(1174,9,10,54,NULL,'APROBADA','2023-04-12','2023-04-12 16:05:48','2023-04-20 10:17:43','marta.anguita@baumcontrol.es',15,'2023-04-20',NULL,0,NULL),(1175,9,12,10,NULL,'APROBADA','2023-04-12','2023-04-13 06:17:55','2023-04-20 07:03:07','joseluis.gonzalez@baumcontrol.es',21,'2023-04-20',NULL,0,NULL),(1176,5,5,261,NULL,'APROBADA','2023-04-13','2023-04-13 11:56:57','2023-04-20 10:16:15','marta.anguita@baumcontrol.es',15,'2023-04-20',NULL,0,NULL),(1177,9,15,55,NULL,'APROBADA','2023-02-01','2023-04-13 15:26:43','2023-04-20 10:59:12','marta.anguita@baumcontrol.es',15,'2023-04-20',NULL,0,NULL),(1178,9,15,55,NULL,'APROBADA','2023-02-15','2023-04-13 15:27:23','2023-04-20 10:56:14','marta.anguita@baumcontrol.es',15,'2023-04-20',NULL,0,NULL),(1179,9,15,55,NULL,'APROBADA','2023-03-06','2023-04-13 15:28:21','2023-04-20 10:51:46','marta.anguita@baumcontrol.es',15,'2023-04-20',NULL,0,NULL),(1180,3,15,55,NULL,'APROBADA','2023-03-15','2023-04-13 15:29:00','2023-04-20 10:49:45','marta.anguita@baumcontrol.es',15,'2023-04-20',NULL,0,NULL),(1181,9,11,7,NULL,'NO APROBADA','2023-04-13','2023-04-13 15:35:20','2023-04-13 15:35:20',NULL,NULL,NULL,NULL,0,NULL),(1182,9,10,54,NULL,'APROBADA','2023-04-13','2023-04-13 16:05:51','2023-04-20 10:16:21','marta.anguita@baumcontrol.es',15,'2023-04-20',NULL,0,NULL),(1183,9,3,33,NULL,'APROBADA','2023-03-29','2023-04-14 07:33:48','2023-04-20 10:44:47','marta.anguita@baumcontrol.es',15,'2023-04-20',NULL,0,NULL),(1184,6,10,54,NULL,'APROBADA','2023-04-14','2023-04-14 10:03:06','2023-04-20 10:15:45','marta.anguita@baumcontrol.es',15,'2023-04-20',NULL,0,NULL),(1185,5,12,255,NULL,'APROBADA','2023-04-13','2023-04-14 11:19:46','2023-04-20 07:03:19','joseluis.gonzalez@baumcontrol.es',21,'2023-04-20',NULL,0,NULL),(1186,4,12,254,NULL,'APROBADA','2023-04-13','2023-04-14 11:20:20','2023-04-20 07:03:29','joseluis.gonzalez@baumcontrol.es',21,'2023-04-20',NULL,0,NULL),(1187,6,12,254,NULL,'APROBADA','2023-04-14','2023-04-14 11:20:43','2023-04-20 07:09:51','joseluis.gonzalez@baumcontrol.es',21,'2023-04-20',NULL,0,NULL),(1188,6,11,7,NULL,'NO APROBADA','2023-04-14','2023-04-14 12:20:51','2023-04-14 12:20:51',NULL,NULL,NULL,NULL,0,NULL),(1189,8,19,54,NULL,'APROBADA','2023-04-10','2023-04-14 12:45:40','2023-04-20 10:40:01','marta.anguita@baumcontrol.es',15,'2023-04-20',NULL,0,NULL),(1190,8,19,54,NULL,'APROBADA','2023-04-11','2023-04-14 12:45:53','2023-04-20 10:19:34','marta.anguita@baumcontrol.es',15,'2023-04-20',NULL,0,NULL),(1191,8,19,54,NULL,'APROBADA','2023-04-12','2023-04-14 12:46:08','2023-04-20 10:17:49','marta.anguita@baumcontrol.es',15,'2023-04-20',NULL,0,NULL),(1192,8,19,54,NULL,'APROBADA','2023-04-13','2023-04-14 12:46:25','2023-04-20 10:16:29','marta.anguita@baumcontrol.es',15,'2023-04-20',NULL,0,NULL),(1193,8,19,54,NULL,'APROBADA','2023-04-14','2023-04-14 12:46:41','2023-04-20 10:15:56','marta.anguita@baumcontrol.es',15,'2023-04-20',NULL,0,NULL),(1194,9,17,7,NULL,'NO APROBADA','2023-04-04','2023-04-17 06:13:16','2023-04-17 06:13:16',NULL,NULL,NULL,NULL,0,NULL),(1195,9,17,7,NULL,'NO APROBADA','2023-04-05','2023-04-17 06:13:30','2023-04-17 06:13:30',NULL,NULL,NULL,NULL,0,NULL),(1196,9,17,7,NULL,'NO APROBADA','2023-04-10','2023-04-17 06:13:45','2023-04-17 06:13:45',NULL,NULL,NULL,NULL,0,NULL),(1197,6,6,172,NULL,'APROBADA','2023-04-03','2023-04-17 06:13:47','2023-04-20 10:41:21','marta.anguita@baumcontrol.es',15,'2023-04-20',NULL,0,NULL),(1198,9,17,7,NULL,'NO APROBADA','2023-04-11','2023-04-17 06:13:58','2023-04-17 06:13:58',NULL,NULL,NULL,NULL,0,NULL),(1199,3,6,185,NULL,'APROBADA','2023-04-03','2023-04-17 06:14:11','2023-04-20 10:41:23','marta.anguita@baumcontrol.es',15,'2023-04-20',NULL,0,NULL),(1200,9,17,7,NULL,'NO APROBADA','2023-04-12','2023-04-17 06:14:11','2023-04-17 06:14:11',NULL,NULL,NULL,NULL,0,NULL),(1201,6,17,7,NULL,'NO APROBADA','2023-04-14','2023-04-17 06:14:31','2023-04-17 06:14:31',NULL,NULL,NULL,NULL,0,NULL),(1202,4,6,172,NULL,'APROBADA','2023-04-04','2023-04-17 06:14:37','2023-04-20 10:40:50','marta.anguita@baumcontrol.es',15,'2023-04-20',NULL,0,NULL),(1203,9,17,7,NULL,'NO APROBADA','2023-04-13','2023-04-17 06:14:47','2023-04-17 06:14:47',NULL,NULL,NULL,NULL,0,NULL),(1204,3,6,239,NULL,'APROBADA','2023-04-04','2023-04-17 06:15:59','2023-04-20 10:40:56','marta.anguita@baumcontrol.es',15,'2023-04-20',NULL,0,NULL),(1205,2,6,185,NULL,'APROBADA','2023-04-04','2023-04-17 06:16:34','2023-04-20 10:57:05','marta.anguita@baumcontrol.es',15,'2023-04-20',NULL,0,NULL),(1206,2,6,185,NULL,'APROBADA','2023-04-05','2023-04-17 06:17:10','2023-04-20 10:40:30','marta.anguita@baumcontrol.es',15,'2023-04-20',NULL,0,NULL),(1207,7,6,255,NULL,'APROBADA','2023-04-05','2023-04-17 06:17:34','2023-04-20 07:02:33','joseluis.gonzalez@baumcontrol.es',21,'2023-04-20',NULL,0,NULL),(1208,3,6,255,NULL,'APROBADA','2023-04-10','2023-04-17 06:19:53','2023-04-20 07:02:35','joseluis.gonzalez@baumcontrol.es',21,'2023-04-20',NULL,0,NULL),(1209,2,6,185,NULL,'APROBADA','2023-04-10','2023-04-17 06:20:35','2023-04-20 10:40:05','marta.anguita@baumcontrol.es',15,'2023-04-20',NULL,0,NULL),(1210,2,6,172,NULL,'APROBADA','2023-04-10','2023-04-17 06:21:01','2023-04-20 10:40:14','marta.anguita@baumcontrol.es',15,'2023-04-20',NULL,0,NULL),(1211,2,6,172,NULL,'APROBADA','2023-04-10','2023-04-17 06:21:53','2023-04-20 10:40:16','marta.anguita@baumcontrol.es',15,'2023-04-20',NULL,0,NULL),(1212,9,6,172,NULL,'APROBADA','2023-04-11','2023-04-17 06:22:15','2023-04-20 10:39:40','marta.anguita@baumcontrol.es',15,'2023-04-20',NULL,0,NULL),(1213,2,6,185,NULL,'APROBADA','2023-04-12','2023-04-17 06:23:35','2023-04-20 10:56:47','marta.anguita@baumcontrol.es',15,'2023-04-20',NULL,0,NULL),(1214,2,6,194,NULL,'APROBADA','2023-04-12','2023-04-17 06:27:36','2023-04-20 10:56:49','marta.anguita@baumcontrol.es',15,'2023-04-20',NULL,0,NULL),(1215,4,6,172,NULL,'APROBADA','2023-04-12','2023-04-17 06:28:04','2023-04-20 10:25:20','marta.anguita@baumcontrol.es',15,'2023-04-20',NULL,0,NULL),(1216,9,6,176,NULL,'APROBADA','2023-04-13','2023-04-17 06:29:04','2023-04-20 10:56:57','marta.anguita@baumcontrol.es',15,'2023-04-20',NULL,0,NULL),(1217,6,6,69,NULL,'APROBADA','2023-04-14','2023-04-17 06:29:33','2023-04-20 10:16:04','marta.anguita@baumcontrol.es',15,'2023-04-20',NULL,0,NULL),(1218,11,13,224,NULL,'NO APROBADA','2023-04-11','2023-04-17 06:43:31','2023-04-20 17:35:17',NULL,NULL,NULL,NULL,1,NULL),(1219,9,13,187,NULL,'APROBADA','2023-04-12','2023-04-17 06:44:18','2023-04-20 10:19:13','marta.anguita@baumcontrol.es',15,'2023-04-20',NULL,0,NULL),(1220,9,13,187,NULL,'APROBADA','2023-04-13','2023-04-17 06:44:54','2023-04-20 10:17:32','marta.anguita@baumcontrol.es',15,'2023-04-20',NULL,0,NULL),(1221,6,13,187,NULL,'APROBADA','2023-04-14','2023-04-17 06:45:24','2023-04-20 10:16:10','marta.anguita@baumcontrol.es',15,'2023-04-20',NULL,0,NULL),(1222,9,8,7,NULL,'NO APROBADA','2023-04-04','2023-04-17 08:57:04','2023-04-17 08:57:04',NULL,NULL,NULL,NULL,0,NULL),(1223,9,8,7,NULL,'NO APROBADA','2023-04-05','2023-04-17 08:57:29','2023-04-17 08:57:29',NULL,NULL,NULL,NULL,0,NULL),(1224,9,8,7,NULL,'NO APROBADA','2023-04-10','2023-04-17 08:57:45','2023-04-17 08:57:45',NULL,NULL,NULL,NULL,0,NULL),(1225,9,8,7,NULL,'NO APROBADA','2023-04-11','2023-04-17 08:57:57','2023-04-17 08:57:57',NULL,NULL,NULL,NULL,0,NULL),(1226,8,11,7,NULL,'NO APROBADA','2023-04-17','2023-04-17 15:29:28','2023-04-17 15:29:28',NULL,NULL,NULL,NULL,0,NULL),(1227,1,11,254,NULL,'APROBADA','2023-04-17','2023-04-17 15:30:12','2023-04-20 07:09:48','joseluis.gonzalez@baumcontrol.es',21,'2023-04-20',NULL,0,NULL),(1228,9,10,54,NULL,'APROBADA','2023-04-17','2023-04-17 17:49:48','2023-04-20 07:59:24','marta.anguita@baumcontrol.es',15,'2023-04-20',NULL,0,NULL),(1229,9,10,54,NULL,'APROBADA','2023-04-18','2023-04-18 06:43:10','2023-04-20 07:56:15','marta.anguita@baumcontrol.es',15,'2023-04-20',NULL,0,NULL),(1230,8,19,54,NULL,'APROBADA','2023-04-17','2023-04-18 07:03:58','2023-04-20 07:59:50','marta.anguita@baumcontrol.es',15,'2023-04-20',NULL,0,NULL),(1231,8,19,54,NULL,'APROBADA','2023-04-18','2023-04-18 07:04:18','2023-04-20 07:56:21','marta.anguita@baumcontrol.es',15,'2023-04-20',NULL,0,NULL),(1232,6,13,187,NULL,'APROBADA','2023-04-17','2023-04-18 13:32:39','2023-04-20 08:00:02','marta.anguita@baumcontrol.es',15,'2023-04-20',NULL,0,NULL),(1233,3,13,208,NULL,'APROBADA','2023-04-17','2023-04-18 13:33:01','2023-04-20 08:00:16','marta.anguita@baumcontrol.es',15,'2023-04-20',NULL,0,NULL),(1234,9,13,187,NULL,'APROBADA','2023-04-18','2023-04-18 13:33:29','2023-04-20 07:59:02','marta.anguita@baumcontrol.es',15,'2023-04-20',NULL,0,NULL),(1235,8,11,7,NULL,'NO APROBADA','2023-04-18','2023-04-18 15:26:21','2023-04-18 15:26:21',NULL,NULL,NULL,NULL,0,NULL),(1236,1,11,254,NULL,'APROBADA','2023-04-18','2023-04-18 15:27:12','2023-04-20 07:09:46','joseluis.gonzalez@baumcontrol.es',21,'2023-04-20',NULL,0,NULL),(1237,9,8,7,NULL,'NO APROBADA','2023-04-17','2023-04-19 06:41:03','2023-04-19 06:41:03',NULL,NULL,NULL,NULL,0,NULL),(1238,9,8,7,NULL,'NO APROBADA','2023-04-18','2023-04-19 06:41:15','2023-04-19 06:41:15',NULL,NULL,NULL,NULL,0,NULL),(1239,9,11,7,NULL,'NO APROBADA','2023-04-19','2023-04-19 15:24:56','2023-04-19 15:24:56',NULL,NULL,NULL,NULL,0,NULL),(1240,9,12,278,NULL,'APROBADA','2023-04-18','2023-04-20 10:46:22','2023-04-26 07:53:15','joseluis.gonzalez@baumcontrol.es',21,'2023-04-26',NULL,0,NULL),(1241,9,12,278,NULL,'APROBADA','2023-04-19','2023-04-20 10:46:57','2023-04-26 07:53:21','joseluis.gonzalez@baumcontrol.es',21,'2023-04-26',NULL,0,NULL),(1242,9,12,278,NULL,'APROBADA','2023-04-20','2023-04-20 10:47:28','2023-04-26 07:53:30','joseluis.gonzalez@baumcontrol.es',21,'2023-04-26',NULL,0,NULL),(1243,9,12,280,NULL,'APROBADA','2023-04-17','2023-04-20 10:53:20','2023-04-26 07:53:10','joseluis.gonzalez@baumcontrol.es',21,'2023-04-26',NULL,0,NULL),(1244,8,20,54,NULL,'APROBADA','2023-04-10','2023-04-20 13:50:25','2023-04-24 07:01:06','marta.anguita@baumcontrol.es',15,'2023-04-24',NULL,0,NULL),(1245,8,20,54,NULL,'APROBADA','2023-04-11','2023-04-20 13:50:44','2023-04-24 07:00:53','marta.anguita@baumcontrol.es',15,'2023-04-24',NULL,0,NULL),(1246,8,20,54,NULL,'APROBADA','2023-04-12','2023-04-20 13:51:05','2023-05-11 13:13:50','marta.anguita@baumcontrol.es',15,'2023-05-11',NULL,0,NULL),(1247,8,20,54,NULL,'APROBADA','2023-04-13','2023-04-20 13:51:22','2023-04-24 07:00:30','marta.anguita@baumcontrol.es',15,'2023-04-24',NULL,0,NULL),(1248,8,20,54,NULL,'APROBADA','2023-04-14','2023-04-20 13:51:52','2023-04-24 06:59:59','marta.anguita@baumcontrol.es',15,'2023-04-24',NULL,0,NULL),(1249,8,20,54,NULL,'APROBADA','2023-04-17','2023-04-20 13:56:01','2023-04-24 06:59:44','marta.anguita@baumcontrol.es',15,'2023-04-24',NULL,0,NULL),(1250,8,20,54,NULL,'APROBADA','2023-04-18','2023-04-20 14:01:18','2023-04-24 06:59:27','marta.anguita@baumcontrol.es',15,'2023-04-24',NULL,0,NULL),(1251,8,20,54,NULL,'APROBADA','2023-04-19','2023-04-20 14:01:34','2023-04-24 06:58:01','marta.anguita@baumcontrol.es',15,'2023-04-24',NULL,0,NULL),(1252,8,20,54,NULL,'APROBADA','2023-04-20','2023-04-20 14:06:59','2023-04-24 06:56:41','marta.anguita@baumcontrol.es',15,'2023-04-24',NULL,0,NULL),(1253,8,20,54,NULL,'APROBADA','2023-04-21','2023-04-20 14:07:17','2023-04-24 06:56:08','marta.anguita@baumcontrol.es',15,'2023-04-24',NULL,0,NULL),(1254,9,11,7,NULL,'NO APROBADA','2023-04-20','2023-04-20 16:02:19','2023-04-20 16:02:19',NULL,NULL,NULL,NULL,0,NULL),(1255,6,13,224,NULL,'NO APROBADA','2023-04-19','2023-04-20 17:36:47','2023-04-20 17:36:47',NULL,NULL,NULL,NULL,0,NULL),(1256,1,13,54,NULL,'APROBADA','2023-04-19','2023-04-20 17:37:10','2023-04-24 06:59:01','marta.anguita@baumcontrol.es',15,'2023-04-24',NULL,0,NULL),(1257,2,13,208,NULL,'APROBADA','2023-04-19','2023-04-20 17:37:56','2023-04-24 06:59:07','marta.anguita@baumcontrol.es',15,'2023-04-24',NULL,0,NULL),(1258,9,10,54,NULL,'APROBADA','2023-04-19','2023-04-21 11:19:41','2023-04-24 06:59:10','marta.anguita@baumcontrol.es',15,'2023-04-24',NULL,0,NULL),(1259,9,10,54,NULL,'APROBADA','2023-04-20','2023-04-21 11:20:24','2023-04-24 06:57:50','marta.anguita@baumcontrol.es',15,'2023-04-24',NULL,0,NULL),(1260,6,10,54,NULL,'APROBADA','2023-04-21','2023-04-21 11:20:49','2023-04-24 06:56:11','marta.anguita@baumcontrol.es',15,'2023-04-24',NULL,0,NULL),(1261,8,19,54,NULL,'APROBADA','2023-04-19','2023-04-21 11:26:02','2023-04-24 06:59:14','marta.anguita@baumcontrol.es',15,'2023-04-24',NULL,0,NULL),(1262,8,19,54,NULL,'APROBADA','2023-04-20','2023-04-21 11:26:14','2023-04-24 06:57:54','marta.anguita@baumcontrol.es',15,'2023-04-24',NULL,0,NULL),(1263,8,19,54,NULL,'APROBADA','2023-04-21','2023-04-21 11:26:27','2023-04-24 06:56:14','marta.anguita@baumcontrol.es',15,'2023-04-24',NULL,0,NULL),(1264,2,11,7,NULL,'NO APROBADA','2023-04-21','2023-04-21 12:10:28','2023-04-21 12:10:28',NULL,NULL,NULL,NULL,0,NULL),(1265,4,11,280,NULL,'APROBADA','2023-04-21','2023-04-21 12:11:25','2023-04-26 07:53:37','joseluis.gonzalez@baumcontrol.es',21,'2023-04-26',NULL,0,NULL),(1266,3,10,185,NULL,'APROBADA','2023-04-03','2023-04-24 06:29:11','2023-04-24 07:02:00','marta.anguita@baumcontrol.es',15,'2023-04-24',NULL,0,NULL),(1267,3,10,9,NULL,'NO APROBADA','2023-04-03','2023-04-24 06:29:34','2023-04-24 06:29:34',NULL,NULL,NULL,NULL,0,NULL),(1268,1,11,280,NULL,'APROBADA','2023-04-24','2023-04-24 15:34:27','2023-04-26 07:53:40','joseluis.gonzalez@baumcontrol.es',21,'2023-04-26',NULL,0,NULL),(1269,8,11,7,NULL,'NO APROBADA','2023-04-24','2023-04-24 15:34:51','2023-04-24 15:34:51',NULL,NULL,NULL,NULL,0,NULL),(1270,9,10,273,NULL,'APROBADA','2023-04-24','2023-04-24 19:25:39','2023-05-03 14:38:14','marta.anguita@baumcontrol.es',15,'2023-05-03',NULL,0,NULL),(1271,9,11,7,NULL,'NO APROBADA','2023-04-25','2023-04-25 16:02:16','2023-04-25 16:02:16',NULL,NULL,NULL,NULL,0,NULL),(1272,9,10,273,NULL,'APROBADA','2023-04-25','2023-04-26 05:50:41','2023-05-03 14:37:45','marta.anguita@baumcontrol.es',15,'2023-05-03',NULL,0,NULL),(1273,8,11,7,NULL,'NO APROBADA','2023-04-26','2023-04-26 15:44:19','2023-04-26 15:44:19',NULL,NULL,NULL,NULL,0,NULL),(1274,1,11,280,NULL,'APROBADA','2023-04-26','2023-04-26 15:44:51','2023-04-27 15:57:01','joseluis.gonzalez@baumcontrol.es',21,'2023-04-27',NULL,0,NULL),(1275,1,11,280,NULL,'APROBADA','2023-04-26','2023-04-26 15:44:51','2023-04-27 15:56:55','joseluis.gonzalez@baumcontrol.es',21,'2023-04-27',NULL,0,NULL),(1276,9,10,273,NULL,'APROBADA','2023-04-26','2023-04-26 15:50:17','2023-05-03 14:36:58','marta.anguita@baumcontrol.es',15,'2023-05-03',NULL,0,NULL),(1277,6,12,35,NULL,'APROBADA','2023-04-21','2023-04-27 06:12:35','2023-05-03 14:38:53','marta.anguita@baumcontrol.es',15,'2023-05-03',NULL,0,NULL),(1278,9,12,279,NULL,'APROBADA','2023-04-27','2023-04-27 06:16:37','2023-04-27 15:57:12','joseluis.gonzalez@baumcontrol.es',21,'2023-04-27',NULL,0,NULL),(1279,6,12,279,NULL,'APROBADA','2023-04-28','2023-04-27 06:17:26','2023-04-27 15:57:15','joseluis.gonzalez@baumcontrol.es',21,'2023-04-27',NULL,0,NULL),(1280,9,12,282,NULL,'APROBADA','2023-04-24','2023-04-27 06:19:22','2023-05-03 14:38:18','marta.anguita@baumcontrol.es',15,'2023-05-03',NULL,0,NULL),(1281,9,12,282,NULL,'NO APROBADA','2023-04-25','2023-04-27 06:20:06','2023-04-27 06:20:06',NULL,NULL,NULL,NULL,0,NULL),(1282,9,12,282,NULL,'APROBADA','2023-04-26','2023-04-27 06:20:32','2023-05-03 14:37:10','marta.anguita@baumcontrol.es',15,'2023-05-03',NULL,0,NULL),(1283,9,11,7,NULL,'NO APROBADA','2023-04-27','2023-04-27 15:37:50','2023-04-27 15:37:50',NULL,NULL,NULL,NULL,0,NULL),(1284,8,20,54,NULL,'APROBADA','2023-04-24','2023-04-28 06:53:44','2023-05-03 14:38:22','marta.anguita@baumcontrol.es',15,'2023-05-03',NULL,0,NULL),(1285,8,20,54,NULL,'APROBADA','2023-04-25','2023-04-28 06:54:01','2023-05-03 14:38:01','marta.anguita@baumcontrol.es',15,'2023-05-03',NULL,0,NULL),(1286,8,20,54,NULL,'APROBADA','2023-04-26','2023-04-28 06:54:18','2023-05-03 14:37:13','marta.anguita@baumcontrol.es',15,'2023-05-03',NULL,0,NULL),(1287,8,20,54,NULL,'APROBADA','2023-04-27','2023-04-28 06:54:38','2023-05-03 14:36:18','marta.anguita@baumcontrol.es',15,'2023-05-03',NULL,0,NULL),(1288,8,20,54,NULL,'APROBADA','2023-04-28','2023-04-28 06:54:55','2023-05-03 14:33:04','marta.anguita@baumcontrol.es',15,'2023-05-03',NULL,0,NULL),(1289,8,19,54,NULL,'APROBADA','2023-04-24','2023-04-28 06:56:29','2023-05-03 14:38:24','marta.anguita@baumcontrol.es',15,'2023-05-03',NULL,0,NULL),(1290,8,19,54,NULL,'APROBADA','2023-04-25','2023-04-28 06:56:42','2023-05-03 14:38:06','marta.anguita@baumcontrol.es',15,'2023-05-03',NULL,0,NULL),(1291,8,19,54,NULL,'APROBADA','2023-04-26','2023-04-28 06:56:56','2023-05-03 14:37:17','marta.anguita@baumcontrol.es',15,'2023-05-03',NULL,0,NULL),(1292,8,19,54,NULL,'APROBADA','2023-04-27','2023-04-28 06:57:10','2023-05-03 14:36:23','marta.anguita@baumcontrol.es',15,'2023-05-03',NULL,0,NULL),(1293,8,19,54,NULL,'APROBADA','2023-04-28','2023-04-28 06:57:22','2023-05-03 14:33:09','marta.anguita@baumcontrol.es',15,'2023-05-03',NULL,0,NULL),(1294,9,10,274,NULL,'APROBADA','2023-04-27','2023-04-28 09:57:33','2023-05-03 14:36:30','marta.anguita@baumcontrol.es',15,'2023-05-03',NULL,0,NULL),(1295,1,10,260,NULL,'APROBADA','2023-04-28','2023-04-28 09:58:05','2023-05-03 14:33:15','marta.anguita@baumcontrol.es',15,'2023-05-03',NULL,0,NULL),(1296,1,10,185,NULL,'APROBADA','2023-04-28','2023-04-28 09:58:35','2023-05-03 14:33:20','marta.anguita@baumcontrol.es',15,'2023-05-03',NULL,0,NULL),(1297,4,10,281,NULL,'APROBADA','2023-04-28','2023-04-28 11:54:13','2023-05-03 14:35:18','marta.anguita@baumcontrol.es',15,'2023-05-03',NULL,0,NULL),(1298,6,11,7,NULL,'NO APROBADA','2023-04-28','2023-04-28 12:01:31','2023-04-28 12:01:31',NULL,NULL,NULL,NULL,0,NULL),(1299,6,6,245,NULL,'APROBADA','2023-04-28','2023-04-30 08:49:09','2023-05-03 14:36:06','marta.anguita@baumcontrol.es',15,'2023-05-03',NULL,0,NULL),(1300,9,6,245,NULL,'APROBADA','2023-04-27','2023-04-30 08:49:32','2023-05-03 14:36:35','marta.anguita@baumcontrol.es',15,'2023-05-03',NULL,0,NULL),(1301,9,6,267,NULL,'APROBADA','2023-04-26','2023-04-30 08:50:10','2023-05-03 14:37:21','marta.anguita@baumcontrol.es',15,'2023-05-03',NULL,0,NULL),(1302,9,6,267,NULL,'APROBADA','2023-04-24','2023-04-30 08:50:29','2023-05-03 14:38:29','marta.anguita@baumcontrol.es',15,'2023-05-03',NULL,0,NULL),(1303,9,6,185,NULL,'APROBADA','2023-04-25','2023-04-30 08:50:53','2023-05-03 14:38:08','marta.anguita@baumcontrol.es',15,'2023-05-03',NULL,0,NULL),(1304,9,6,17,NULL,'NO APROBADA','2023-04-17','2023-04-30 08:52:01','2023-04-30 08:52:01',NULL,NULL,NULL,NULL,0,NULL),(1305,4,6,17,NULL,'NO APROBADA','2023-04-18','2023-04-30 08:53:04','2023-04-30 08:53:04',NULL,NULL,NULL,NULL,0,NULL),(1306,5,6,185,NULL,'APROBADA','2023-04-18','2023-04-30 08:53:29','2023-05-11 13:22:04','marta.anguita@baumcontrol.es',15,'2023-05-11',NULL,0,NULL),(1307,9,6,255,NULL,'NO APROBADA','2023-04-19','2023-04-30 08:54:05','2023-04-30 08:54:05',NULL,NULL,NULL,NULL,0,NULL),(1308,9,6,17,NULL,'NO APROBADA','2023-04-20','2023-04-30 08:54:41','2023-04-30 08:54:41',NULL,NULL,NULL,NULL,0,NULL),(1309,3,6,255,NULL,'NO APROBADA','2023-04-21','2023-04-30 08:55:19','2023-04-30 08:55:19',NULL,NULL,NULL,NULL,0,NULL),(1310,3,6,185,NULL,'APROBADA','2023-04-21','2023-04-30 08:55:49','2023-05-03 14:39:01','marta.anguita@baumcontrol.es',15,'2023-05-03',NULL,0,NULL),(1311,9,17,7,NULL,'NO APROBADA','2023-04-17','2023-05-03 10:20:43','2023-05-03 10:20:43',NULL,NULL,NULL,NULL,0,NULL),(1312,9,17,7,NULL,'NO APROBADA','2023-04-18','2023-05-03 10:21:02','2023-05-03 10:21:02',NULL,NULL,NULL,NULL,0,NULL),(1313,9,17,7,NULL,'NO APROBADA','2023-04-19','2023-05-03 10:21:19','2023-05-03 10:21:19',NULL,NULL,NULL,NULL,0,NULL),(1314,9,17,7,NULL,'NO APROBADA','2023-04-20','2023-05-03 10:21:35','2023-05-03 10:21:35',NULL,NULL,NULL,NULL,0,NULL),(1315,6,17,7,NULL,'NO APROBADA','2023-04-21','2023-05-03 10:21:54','2023-05-03 10:21:54',NULL,NULL,NULL,NULL,0,NULL),(1316,9,17,7,NULL,'NO APROBADA','2023-04-24','2023-05-03 10:22:09','2023-05-03 10:22:09',NULL,NULL,NULL,NULL,0,NULL),(1317,9,17,7,NULL,'NO APROBADA','2023-04-25','2023-05-03 10:22:24','2023-05-03 10:22:24',NULL,NULL,NULL,NULL,0,NULL),(1318,9,17,7,NULL,'NO APROBADA','2023-04-26','2023-05-03 10:22:37','2023-05-03 10:22:37',NULL,NULL,NULL,NULL,0,NULL),(1319,9,17,7,NULL,'NO APROBADA','2023-04-27','2023-05-03 10:22:54','2023-05-03 10:22:54',NULL,NULL,NULL,NULL,0,NULL),(1320,6,17,7,NULL,'NO APROBADA','2023-04-28','2023-05-03 10:23:12','2023-05-03 10:23:12',NULL,NULL,NULL,NULL,0,NULL),(1321,9,8,7,NULL,'NO APROBADA','2023-04-19','2023-05-03 11:51:27','2023-05-03 11:51:27',NULL,NULL,NULL,NULL,0,NULL),(1322,9,8,7,NULL,'NO APROBADA','2023-04-20','2023-05-03 11:51:54','2023-05-03 11:51:54',NULL,NULL,NULL,NULL,0,NULL),(1323,6,8,7,NULL,'NO APROBADA','2023-04-21','2023-05-03 11:52:57','2023-05-03 11:52:57',NULL,NULL,NULL,NULL,0,NULL),(1324,9,8,7,NULL,'NO APROBADA','2023-04-24','2023-05-03 11:53:22','2023-05-03 11:53:22',NULL,NULL,NULL,NULL,0,NULL),(1325,9,8,7,NULL,'NO APROBADA','2023-04-25','2023-05-03 11:53:34','2023-05-03 11:53:34',NULL,NULL,NULL,NULL,0,NULL),(1326,9,8,7,NULL,'NO APROBADA','2023-04-26','2023-05-03 11:53:46','2023-05-03 11:53:46',NULL,NULL,NULL,NULL,0,NULL),(1327,9,8,7,NULL,'NO APROBADA','2023-04-27','2023-05-03 11:53:59','2023-05-03 11:53:59',NULL,NULL,NULL,NULL,0,NULL),(1328,6,8,7,NULL,'NO APROBADA','2023-04-28','2023-05-03 11:54:18','2023-05-03 11:54:18',NULL,NULL,NULL,NULL,0,NULL),(1329,9,8,7,NULL,'NO APROBADA','2023-05-03','2023-05-03 11:55:07','2023-05-03 11:55:07',NULL,NULL,NULL,NULL,0,NULL),(1330,6,13,35,NULL,'APROBADA','2023-04-24','2023-05-03 13:15:59','2023-05-03 14:38:43','marta.anguita@baumcontrol.es',15,'2023-05-03',NULL,0,NULL),(1331,2,13,257,NULL,'NO APROBADA','2023-04-26','2023-05-03 13:24:34','2023-05-03 13:24:34',NULL,NULL,NULL,NULL,0,NULL),(1332,5,13,128,NULL,'NO APROBADA','2023-04-26','2023-05-03 13:26:18','2023-05-03 13:26:18',NULL,NULL,NULL,NULL,0,NULL),(1333,2,13,87,NULL,'NO APROBADA','2023-04-26','2023-05-03 13:26:44','2023-05-03 13:26:44',NULL,NULL,NULL,NULL,0,NULL),(1334,3,13,87,NULL,'NO APROBADA','2023-04-27','2023-05-03 13:27:40','2023-05-03 13:27:40',NULL,NULL,NULL,NULL,0,NULL),(1335,5,13,245,NULL,'NO APROBADA','2023-04-27','2023-05-03 13:28:24','2023-05-09 08:00:05',NULL,NULL,NULL,NULL,0,NULL),(1336,2,13,278,NULL,'NO APROBADA','2023-04-27','2023-05-03 13:29:36','2023-05-03 13:29:36',NULL,NULL,NULL,NULL,0,NULL),(1337,6,13,278,NULL,'NO APROBADA','2023-04-28','2023-05-03 13:30:27','2023-05-03 13:30:27',NULL,NULL,NULL,NULL,0,NULL),(1338,11,13,54,NULL,'APROBADA','2023-04-20','2023-05-03 13:35:50','2023-05-03 14:40:12','marta.anguita@baumcontrol.es',15,'2023-05-03','MAF: faltan dos horas, colocación analizadores en corona',1,NULL),(1339,9,11,7,NULL,'NO APROBADA','2023-05-03','2023-05-03 15:20:41','2023-05-03 15:20:41',NULL,NULL,NULL,NULL,0,NULL),(1340,9,11,7,NULL,'NO APROBADA','2023-05-03','2023-05-03 15:20:41','2023-05-03 15:20:41',NULL,NULL,NULL,NULL,0,NULL),(1341,2,10,281,NULL,'APROBADA','2023-05-03','2023-05-03 15:58:37','2023-05-11 13:20:51','marta.anguita@baumcontrol.es',15,'2023-05-11',NULL,0,NULL),(1342,7,10,235,NULL,'NO APROBADA','2023-05-03','2023-05-03 15:59:31','2023-05-03 15:59:31',NULL,NULL,NULL,NULL,0,NULL),(1343,1,13,278,NULL,'NO APROBADA','2023-05-03','2023-05-04 05:36:01','2023-05-04 05:36:01',NULL,NULL,NULL,NULL,0,NULL),(1344,3,13,35,NULL,'NO APROBADA','2023-05-03','2023-05-04 05:36:41','2023-05-04 05:36:41',NULL,NULL,NULL,NULL,0,NULL),(1345,4,13,279,NULL,'APROBADA','2023-05-03','2023-05-04 05:39:05','2023-05-04 05:39:05','joseluis.gonzalez@baumcontrol.es',NULL,NULL,NULL,0,NULL),(1346,1,13,208,NULL,'NO APROBADA','2023-05-03','2023-05-04 05:40:21','2023-05-04 05:40:21',NULL,NULL,NULL,NULL,0,NULL),(1348,9,12,278,NULL,'NO APROBADA','2023-05-03','2023-05-04 13:58:04','2023-05-04 13:58:04',NULL,NULL,NULL,NULL,0,NULL),(1349,3,12,278,NULL,'NO APROBADA','2023-05-04','2023-05-04 13:58:34','2023-05-04 13:58:34',NULL,NULL,NULL,NULL,0,NULL),(1350,6,12,225,NULL,'NO APROBADA','2023-05-04','2023-05-04 13:59:36','2023-05-04 13:59:36',NULL,NULL,NULL,NULL,0,NULL),(1351,9,11,7,NULL,'NO APROBADA','2023-05-04','2023-05-04 15:29:45','2023-05-04 15:29:45',NULL,NULL,NULL,NULL,0,NULL),(1352,9,10,281,NULL,'APROBADA','2023-05-04','2023-05-04 20:17:41','2023-05-11 13:20:48','marta.anguita@baumcontrol.es',15,'2023-05-11',NULL,0,NULL),(1353,9,22,208,NULL,'NO APROBADA','2023-04-18','2023-05-05 06:28:26','2023-05-05 06:30:51',NULL,NULL,NULL,'Montaje y cableado de contador de energía y contador eléctrico en la UNED. Pendiente de que pasen los tuberos para conectar sondas y señal de contador por pulsos.',0,NULL),(1354,9,22,208,NULL,'NO APROBADA','2023-04-19','2023-05-05 06:33:28','2023-05-05 06:35:24',NULL,NULL,NULL,'Montaje y cableado de contador de energía y contador eléctrico en el colegio Vicente Aleixandre. Pendiente de que pasen los tuberos para conectar sondas y señal de contador por pulsos.',0,NULL),(1355,6,12,278,NULL,'NO APROBADA','2023-05-05','2023-05-05 07:35:09','2023-05-05 07:35:09',NULL,NULL,NULL,NULL,0,NULL),(1356,11,5,169,NULL,'APROBADA','2023-05-04','2023-05-05 11:17:12','2023-05-11 13:16:44','marta.anguita@baumcontrol.es',15,'2023-05-11','Fueron 14 Horas Y media',1,NULL),(1357,9,5,183,NULL,'APROBADA','2023-04-24','2023-05-05 11:18:52','2023-05-11 13:15:34','marta.anguita@baumcontrol.es',15,'2023-05-11',NULL,0,NULL),(1358,9,5,183,NULL,'APROBADA','2023-04-25','2023-05-05 11:19:37','2023-05-11 13:15:36','marta.anguita@baumcontrol.es',15,'2023-05-11',NULL,0,NULL),(1360,9,5,183,NULL,'APROBADA','2023-04-26','2023-05-05 11:20:38','2023-05-11 13:15:42','marta.anguita@baumcontrol.es',15,'2023-05-11',NULL,0,NULL),(1361,9,5,183,NULL,'APROBADA','2023-04-27','2023-05-05 11:21:03','2023-05-11 13:15:45','marta.anguita@baumcontrol.es',15,'2023-05-11',NULL,0,NULL),(1362,9,5,267,NULL,'APROBADA','2023-04-17','2023-05-05 11:22:30','2023-05-11 13:15:09','marta.anguita@baumcontrol.es',15,'2023-05-11',NULL,0,NULL),(1363,7,5,9,NULL,'NO APROBADA','2023-04-18','2023-05-05 11:23:08','2023-05-05 11:23:08',NULL,NULL,NULL,NULL,0,NULL),(1364,9,5,193,NULL,'APROBADA','2023-04-20','2023-05-05 11:23:34','2023-05-11 13:15:31','marta.anguita@baumcontrol.es',15,'2023-05-11',NULL,0,NULL),(1365,8,5,267,NULL,'APROBADA','2023-04-19','2023-05-05 11:24:40','2023-05-11 13:15:24','marta.anguita@baumcontrol.es',15,'2023-05-11',NULL,0,NULL),(1366,2,5,267,NULL,'APROBADA','2023-04-18','2023-05-05 11:25:12','2023-05-11 13:15:12','marta.anguita@baumcontrol.es',15,'2023-05-11',NULL,0,NULL),(1368,4,5,260,NULL,'APROBADA','2023-04-28','2023-05-05 11:30:24','2023-05-11 13:15:48','marta.anguita@baumcontrol.es',15,'2023-05-11',NULL,0,NULL),(1369,6,11,7,NULL,'NO APROBADA','2023-05-05','2023-05-05 11:51:59','2023-05-05 11:51:59',NULL,NULL,NULL,NULL,0,NULL),(1370,9,17,7,NULL,'NO APROBADA','2023-05-03','2023-05-05 11:56:39','2023-05-05 11:56:39',NULL,NULL,NULL,NULL,0,NULL),(1371,9,17,7,NULL,'NO APROBADA','2023-05-04','2023-05-05 11:56:53','2023-05-05 11:56:53',NULL,NULL,NULL,NULL,0,NULL),(1372,6,17,7,NULL,'NO APROBADA','2023-05-05','2023-05-05 11:57:07','2023-05-05 11:57:07',NULL,NULL,NULL,NULL,0,NULL),(1373,9,7,35,NULL,'APROBADA','2023-03-23','2023-05-07 20:25:01','2023-05-11 13:18:52','marta.anguita@baumcontrol.es',15,'2023-05-11',NULL,0,NULL),(1374,9,7,184,NULL,'APROBADA','2023-03-27','2023-05-07 20:25:53','2023-05-11 13:18:55','marta.anguita@baumcontrol.es',15,'2023-05-11',NULL,0,NULL),(1375,9,7,35,NULL,'APROBADA','2023-03-28','2023-05-07 20:26:21','2023-05-11 13:18:45','marta.anguita@baumcontrol.es',15,'2023-05-11',NULL,0,NULL),(1376,2,7,35,NULL,'APROBADA','2023-03-29','2023-05-07 20:26:44','2023-05-11 13:18:35','marta.anguita@baumcontrol.es',15,'2023-05-11',NULL,0,NULL),(1377,7,7,55,NULL,'APROBADA','2023-03-29','2023-05-07 20:27:12','2023-05-11 13:18:41','marta.anguita@baumcontrol.es',15,'2023-05-11',NULL,0,NULL),(1378,9,7,35,NULL,'APROBADA','2023-03-30','2023-05-07 20:27:32','2023-05-11 13:18:32','marta.anguita@baumcontrol.es',15,'2023-05-11',NULL,0,NULL),(1379,6,7,35,NULL,'APROBADA','2023-03-31','2023-05-07 20:30:13','2023-05-11 13:18:29','marta.anguita@baumcontrol.es',15,'2023-05-11',NULL,0,NULL),(1380,9,7,35,NULL,'APROBADA','2023-04-03','2023-05-07 20:30:54','2023-05-11 13:18:22','marta.anguita@baumcontrol.es',15,'2023-05-11',NULL,0,NULL),(1381,9,7,35,NULL,'APROBADA','2023-04-04','2023-05-07 20:31:27','2023-05-11 13:18:20','marta.anguita@baumcontrol.es',15,'2023-05-11',NULL,0,NULL),(1382,9,7,35,NULL,'APROBADA','2023-04-05','2023-05-07 20:32:00','2023-05-11 13:18:17','marta.anguita@baumcontrol.es',15,'2023-05-11',NULL,0,NULL),(1383,9,7,181,NULL,'APROBADA','2023-04-10','2023-05-07 20:33:15','2023-05-11 13:18:15','marta.anguita@baumcontrol.es',15,'2023-05-11',NULL,0,NULL),(1384,2,7,35,NULL,'APROBADA','2023-04-11','2023-05-07 20:33:38','2023-05-11 13:18:10','marta.anguita@baumcontrol.es',15,'2023-05-11',NULL,0,NULL),(1385,7,7,10,NULL,'NO APROBADA','2023-04-11','2023-05-07 20:34:02','2023-05-07 20:34:02',NULL,NULL,NULL,NULL,0,NULL),(1386,9,7,10,NULL,'NO APROBADA','2023-04-12','2023-05-07 20:34:21','2023-05-07 20:34:21',NULL,NULL,NULL,NULL,0,NULL),(1387,9,7,55,NULL,'APROBADA','2023-04-13','2023-05-07 20:34:44','2023-05-11 13:18:05','marta.anguita@baumcontrol.es',15,'2023-05-11',NULL,0,NULL),(1388,6,7,4,NULL,'NO APROBADA','2023-04-14','2023-05-07 20:35:09','2023-05-07 20:35:09',NULL,NULL,NULL,NULL,0,NULL),(1389,9,7,10,NULL,'NO APROBADA','2023-04-17','2023-05-07 20:35:33','2023-05-07 20:35:33',NULL,NULL,NULL,NULL,0,NULL),(1390,9,7,178,NULL,'APROBADA','2023-04-18','2023-05-07 20:36:09','2023-05-11 13:17:37','marta.anguita@baumcontrol.es',15,'2023-05-11',NULL,0,NULL),(1391,9,7,35,NULL,'APROBADA','2023-04-19','2023-05-07 20:36:38','2023-05-11 13:17:35','marta.anguita@baumcontrol.es',15,'2023-05-11',NULL,0,NULL),(1392,6,7,35,NULL,'APROBADA','2023-04-20','2023-05-07 20:37:08','2023-05-11 13:17:27','marta.anguita@baumcontrol.es',15,'2023-05-11',NULL,0,NULL),(1393,3,7,278,NULL,'NO APROBADA','2023-04-20','2023-05-07 20:37:30','2023-05-07 20:37:30',NULL,NULL,NULL,NULL,0,NULL),(1394,6,7,35,NULL,'APROBADA','2023-04-21','2023-05-07 20:37:59','2023-05-11 13:17:25','marta.anguita@baumcontrol.es',15,'2023-05-11',NULL,0,NULL),(1395,8,7,54,NULL,'APROBADA','2023-04-24','2023-05-07 20:38:57','2023-05-11 13:13:31','marta.anguita@baumcontrol.es',15,'2023-05-11',NULL,0,NULL),(1396,8,7,54,NULL,'APROBADA','2023-04-25','2023-05-07 20:39:15','2023-05-11 13:13:29','marta.anguita@baumcontrol.es',15,'2023-05-11',NULL,0,NULL),(1397,8,7,54,NULL,'APROBADA','2023-04-26','2023-05-07 20:39:37','2023-05-11 13:13:23','marta.anguita@baumcontrol.es',15,'2023-05-11',NULL,0,NULL),(1398,8,7,54,NULL,'APROBADA','2023-04-27','2023-05-07 20:39:52','2023-05-11 13:13:21','marta.anguita@baumcontrol.es',15,'2023-05-11',NULL,0,NULL),(1399,8,7,54,NULL,'APROBADA','2023-04-28','2023-05-07 20:40:07','2023-05-11 13:17:19','marta.anguita@baumcontrol.es',15,'2023-05-11',NULL,0,NULL),(1400,3,7,10,NULL,'NO APROBADA','2023-05-03','2023-05-07 20:40:50','2023-05-07 20:40:50',NULL,NULL,NULL,NULL,0,NULL),(1401,2,7,35,NULL,'APROBADA','2023-05-03','2023-05-07 20:41:11','2023-05-11 13:17:08','marta.anguita@baumcontrol.es',15,'2023-05-11',NULL,0,NULL),(1402,2,7,178,NULL,'APROBADA','2023-05-03','2023-05-07 20:41:34','2023-05-11 13:17:13','marta.anguita@baumcontrol.es',15,'2023-05-11',NULL,0,NULL),(1403,2,7,207,NULL,'NO APROBADA','2023-05-03','2023-05-07 20:41:59','2023-05-07 20:41:59',NULL,NULL,NULL,NULL,0,NULL),(1404,9,7,278,NULL,'NO APROBADA','2023-05-04','2023-05-07 20:43:49','2023-05-07 20:43:49',NULL,NULL,NULL,NULL,0,NULL),(1405,6,7,278,NULL,'NO APROBADA','2023-05-05','2023-05-07 20:44:03','2023-05-07 20:44:03',NULL,NULL,NULL,NULL,0,NULL),(1406,6,10,59,NULL,'NO APROBADA','2023-05-05','2023-05-08 14:27:39','2023-05-08 14:27:39',NULL,NULL,NULL,NULL,0,NULL),(1407,9,10,54,NULL,'APROBADA','2023-05-08','2023-05-08 14:28:01','2023-05-11 13:12:59','marta.anguita@baumcontrol.es',15,'2023-05-11',NULL,0,NULL),(1408,9,11,7,NULL,'NO APROBADA','2023-05-08','2023-05-08 15:41:27','2023-05-08 15:41:27',NULL,NULL,NULL,NULL,0,NULL),(1409,9,13,279,NULL,'NO APROBADA','2023-05-04','2023-05-09 05:48:04','2023-05-09 08:01:20',NULL,NULL,NULL,NULL,0,NULL),(1410,9,8,7,NULL,'NO APROBADA','2023-05-04','2023-05-09 06:50:00','2023-05-09 06:50:00',NULL,NULL,NULL,NULL,0,NULL),(1411,6,8,7,NULL,'NO APROBADA','2023-05-05','2023-05-09 06:50:12','2023-05-09 06:50:12',NULL,NULL,NULL,NULL,0,NULL),(1412,9,8,7,NULL,'NO APROBADA','2023-05-08','2023-05-09 06:50:26','2023-05-09 06:50:26',NULL,NULL,NULL,NULL,0,NULL),(1413,8,19,54,NULL,'APROBADA','2023-05-03','2023-05-09 08:09:37','2023-05-11 13:13:11','marta.anguita@baumcontrol.es',15,'2023-05-11',NULL,0,NULL),(1414,8,19,54,NULL,'APROBADA','2023-05-04','2023-05-09 08:09:51','2023-05-11 13:13:09','marta.anguita@baumcontrol.es',15,'2023-05-11',NULL,0,NULL),(1415,8,19,54,NULL,'APROBADA','2023-05-05','2023-05-09 08:10:10','2023-05-11 13:13:06','marta.anguita@baumcontrol.es',15,'2023-05-11',NULL,0,NULL),(1416,8,19,54,NULL,'APROBADA','2023-05-08','2023-05-09 08:10:52','2023-05-11 13:13:04','marta.anguita@baumcontrol.es',15,'2023-05-11',NULL,0,NULL),(1417,8,19,54,NULL,'APROBADA','2023-05-09','2023-05-09 08:11:06','2023-05-11 13:12:52','marta.anguita@baumcontrol.es',15,'2023-05-11',NULL,0,NULL),(1418,8,19,54,NULL,'APROBADA','2023-05-10','2023-05-09 08:11:20','2023-05-11 13:09:17','marta.anguita@baumcontrol.es',15,'2023-05-11',NULL,0,NULL),(1419,8,19,54,NULL,'APROBADA','2023-05-11','2023-05-09 08:11:35','2023-05-11 13:09:13','marta.anguita@baumcontrol.es',15,'2023-05-11',NULL,0,NULL),(1420,8,19,54,NULL,'NO APROBADA','2023-05-12','2023-05-09 08:11:50','2023-05-09 08:11:50',NULL,NULL,NULL,NULL,0,NULL),(1421,7,11,7,NULL,'NO APROBADA','2023-05-09','2023-05-09 15:34:38','2023-05-10 06:22:41',NULL,NULL,NULL,NULL,0,NULL),(1422,8,10,54,NULL,'APROBADA','2023-05-09','2023-05-09 18:04:51','2023-05-11 13:12:57','marta.anguita@baumcontrol.es',15,'2023-05-11',NULL,0,NULL),(1423,1,10,9,NULL,'NO APROBADA','2023-05-09','2023-05-09 18:05:16','2023-05-09 18:05:16',NULL,NULL,NULL,NULL,0,NULL),(1424,9,11,7,NULL,'NO APROBADA','2023-05-10','2023-05-10 15:30:22','2023-05-10 15:30:22',NULL,NULL,NULL,NULL,0,NULL),(1425,9,22,208,NULL,'NO APROBADA','2023-04-20','2023-05-10 15:36:02','2023-05-10 15:48:11',NULL,NULL,NULL,'Montaje y cableado de contador de energía y contador eléctrico en el colegio Daniel Martín. Pendiente de que pasen los tuberos para conectar sondas y señal de contador por pulsos. (actualizado) Ya pasaron los tuberos, se conectan sondas y queda pendiente de montar aceroflex, caja de registro y cableado para prolongar el cable de los pulsos del contador de agua. ',0,NULL),(1426,6,22,35,NULL,'NO APROBADA','2023-04-21','2023-05-10 15:47:45','2023-05-10 15:48:48',NULL,NULL,NULL,'Checkear con Gabi instalación para el lunes de línea Modbus para integración del Ikea de Torrejón',0,NULL),(1427,8,10,54,NULL,'APROBADA','2023-05-10','2023-05-10 16:03:52','2023-05-11 13:09:22','marta.anguita@baumcontrol.es',15,'2023-05-11',NULL,0,NULL),(1428,1,10,9,NULL,'NO APROBADA','2023-05-10','2023-05-10 16:04:19','2023-05-10 16:04:19',NULL,NULL,NULL,NULL,0,NULL),(1429,9,11,7,NULL,'NO APROBADA','2023-05-11','2023-05-11 15:51:05','2023-05-11 15:51:05',NULL,NULL,NULL,NULL,0,NULL),(1430,9,10,54,NULL,'NO APROBADA','2023-05-11','2023-05-11 15:57:04','2023-05-11 15:57:04',NULL,NULL,NULL,NULL,0,NULL),(1431,1,13,208,NULL,'NO APROBADA','2023-05-05','2023-05-12 06:45:03','2023-05-12 06:45:03',NULL,NULL,NULL,NULL,0,NULL),(1432,5,13,56,NULL,'NO APROBADA','2023-05-05','2023-05-12 06:45:40','2023-05-12 06:45:40',NULL,NULL,NULL,NULL,0,NULL),(1433,5,13,279,NULL,'NO APROBADA','2023-05-09','2023-05-12 06:48:15','2023-05-12 06:48:15',NULL,NULL,NULL,NULL,0,NULL),(1434,4,13,208,NULL,'NO APROBADA','2023-05-09','2023-05-12 06:49:20','2023-05-12 06:49:20',NULL,NULL,NULL,NULL,0,NULL),(1435,9,13,54,NULL,'NO APROBADA','2023-05-10','2023-05-12 06:53:15','2023-05-12 06:53:15',NULL,NULL,NULL,NULL,0,NULL),(1436,2,13,255,NULL,'NO APROBADA','2023-05-11','2023-05-12 06:55:23','2023-05-12 06:55:23',NULL,NULL,NULL,NULL,0,NULL),(1437,5,13,278,NULL,'NO APROBADA','2023-05-11','2023-05-12 06:56:00','2023-05-12 06:56:00',NULL,NULL,NULL,NULL,0,NULL),(1438,2,13,54,NULL,'NO APROBADA','2023-05-11','2023-05-12 06:56:23','2023-05-12 06:56:23',NULL,NULL,NULL,NULL,0,NULL),(1439,9,12,278,NULL,'NO APROBADA','2023-05-08','2023-05-12 07:00:09','2023-05-12 07:00:09',NULL,NULL,NULL,NULL,0,NULL),(1440,9,12,279,NULL,'NO APROBADA','2023-05-09','2023-05-12 07:00:40','2023-05-12 07:00:40',NULL,NULL,NULL,NULL,0,NULL),(1441,9,12,279,NULL,'NO APROBADA','2023-05-10','2023-05-12 07:01:03','2023-05-12 07:01:03',NULL,NULL,NULL,NULL,0,NULL),(1442,3,12,279,NULL,'NO APROBADA','2023-05-11','2023-05-12 07:01:41','2023-05-12 07:01:41',NULL,NULL,NULL,NULL,0,NULL),(1443,6,12,278,NULL,'NO APROBADA','2023-05-11','2023-05-12 07:02:08','2023-05-12 07:02:08',NULL,NULL,NULL,NULL,0,NULL),(1444,9,8,7,NULL,'NO APROBADA','2023-05-09','2023-05-12 08:56:27','2023-05-12 08:56:27',NULL,NULL,NULL,NULL,0,NULL),(1445,9,8,7,NULL,'NO APROBADA','2023-05-10','2023-05-12 08:56:40','2023-05-12 08:56:40',NULL,NULL,NULL,NULL,0,NULL),(1446,9,8,7,NULL,'NO APROBADA','2023-05-11','2023-05-12 08:56:54','2023-05-12 08:56:54',NULL,NULL,NULL,NULL,0,NULL),(1447,6,8,7,NULL,'NO APROBADA','2023-05-12','2023-05-12 08:57:10','2023-05-12 08:57:10',NULL,NULL,NULL,NULL,0,NULL),(1448,6,12,289,NULL,'NO APROBADA','2023-05-12','2023-05-12 10:29:31','2023-05-12 10:29:31',NULL,NULL,NULL,NULL,0,NULL),(1449,6,11,7,NULL,'NO APROBADA','2023-05-12','2023-05-12 12:05:00','2023-05-12 12:05:00',NULL,NULL,NULL,NULL,0,NULL),(1450,9,6,54,NULL,'NO APROBADA','2023-05-03','2023-05-16 06:06:00','2023-05-16 06:06:00',NULL,NULL,NULL,NULL,0,NULL),(1451,9,6,54,NULL,'NO APROBADA','2023-05-04','2023-05-16 06:06:21','2023-05-16 06:06:21',NULL,NULL,NULL,NULL,0,NULL),(1452,6,6,54,NULL,'NO APROBADA','2023-05-05','2023-05-16 06:06:38','2023-05-16 06:06:38',NULL,NULL,NULL,NULL,0,NULL),(1453,9,6,279,NULL,'NO APROBADA','2023-05-08','2023-05-16 06:07:21','2023-05-16 06:07:21',NULL,NULL,NULL,NULL,0,NULL),(1454,9,6,255,NULL,'NO APROBADA','2023-05-09','2023-05-16 06:07:47','2023-05-16 06:07:47',NULL,NULL,NULL,NULL,0,NULL),(1455,9,6,279,NULL,'NO APROBADA','2023-05-10','2023-05-16 06:08:06','2023-05-16 06:08:06',NULL,NULL,NULL,NULL,0,NULL),(1456,9,6,194,NULL,'NO APROBADA','2023-05-11','2023-05-16 06:08:28','2023-05-16 06:08:28',NULL,NULL,NULL,NULL,0,NULL),(1457,6,6,279,NULL,'NO APROBADA','2023-05-12','2023-05-16 06:08:48','2023-05-16 06:08:48',NULL,NULL,NULL,NULL,0,NULL),(1458,9,17,7,NULL,'NO APROBADA','2023-05-08','2023-05-16 09:44:03','2023-05-16 09:44:03',NULL,NULL,NULL,NULL,0,NULL),(1459,9,17,7,NULL,'NO APROBADA','2023-05-09','2023-05-16 09:46:12','2023-05-16 09:46:12',NULL,NULL,NULL,NULL,0,NULL),(1460,9,17,7,NULL,'NO APROBADA','2023-05-10','2023-05-16 09:46:26','2023-05-16 09:46:26',NULL,NULL,NULL,NULL,0,NULL),(1461,9,17,7,NULL,'NO APROBADA','2023-05-11','2023-05-16 09:46:57','2023-05-16 09:46:57',NULL,NULL,NULL,NULL,0,NULL),(1462,6,17,7,NULL,'NO APROBADA','2023-05-12','2023-05-16 09:47:15','2023-05-16 09:47:15',NULL,NULL,NULL,NULL,0,NULL),(1463,9,17,7,NULL,'NO APROBADA','2023-05-16','2023-05-16 09:54:40','2023-05-16 09:54:40',NULL,NULL,NULL,NULL,0,NULL),(1464,8,20,54,NULL,'NO APROBADA','2023-05-03','2023-05-16 14:11:47','2023-05-16 14:11:47',NULL,NULL,NULL,NULL,0,NULL),(1465,8,20,54,NULL,'NO APROBADA','2023-05-04','2023-05-16 14:12:05','2023-05-16 14:12:05',NULL,NULL,NULL,NULL,0,NULL),(1466,8,20,54,NULL,'NO APROBADA','2023-05-05','2023-05-16 14:12:27','2023-05-16 14:12:27',NULL,NULL,NULL,NULL,0,NULL),(1467,8,20,54,NULL,'NO APROBADA','2023-05-08','2023-05-16 14:13:01','2023-05-16 14:13:01',NULL,NULL,NULL,NULL,0,NULL),(1468,8,20,54,NULL,'NO APROBADA','2023-05-09','2023-05-16 14:13:22','2023-05-16 14:13:22',NULL,NULL,NULL,NULL,0,NULL),(1469,8,20,54,NULL,'NO APROBADA','2023-05-10','2023-05-16 14:13:40','2023-05-16 14:13:40',NULL,NULL,NULL,NULL,0,NULL),(1470,8,20,54,NULL,'NO APROBADA','2023-05-11','2023-05-16 14:14:05','2023-05-16 14:14:05',NULL,NULL,NULL,NULL,0,NULL),(1471,8,20,54,NULL,'NO APROBADA','2023-05-12','2023-05-16 14:14:22','2023-05-16 14:14:22',NULL,NULL,NULL,NULL,0,NULL),(1472,8,20,54,NULL,'NO APROBADA','2023-05-16','2023-05-16 14:14:44','2023-05-16 14:14:44',NULL,NULL,NULL,NULL,0,NULL),(1473,8,19,54,NULL,'NO APROBADA','2023-05-16','2023-05-16 14:17:49','2023-05-16 14:17:49',NULL,NULL,NULL,NULL,0,NULL),(1474,9,11,7,NULL,'NO APROBADA','2023-05-16','2023-05-16 15:27:59','2023-05-16 15:27:59',NULL,NULL,NULL,NULL,0,NULL),(1475,9,10,54,NULL,'NO APROBADA','2023-05-16','2023-05-16 16:09:40','2023-05-16 16:09:40',NULL,NULL,NULL,NULL,0,NULL),(1477,7,11,63,NULL,'NO APROBADA','2023-05-17',NULL,NULL,NULL,NULL,NULL,'',0,NULL),(1478,2,11,7,NULL,'NO APROBADA','2023-05-17',NULL,NULL,NULL,NULL,NULL,'',0,NULL),(1479,9,10,54,NULL,'NO APROBADA','2023-05-17',NULL,NULL,NULL,NULL,NULL,'',0,NULL),(1480,9,11,7,NULL,'NO APROBADA','2023-05-18',NULL,NULL,NULL,NULL,NULL,'',0,NULL),(1481,8,19,54,NULL,'NO APROBADA','2023-05-19',NULL,NULL,NULL,NULL,NULL,'',0,NULL),(1482,8,7,54,NULL,'NO APROBADA','2023-05-19',NULL,NULL,NULL,NULL,NULL,'',0,NULL),(1485,6,11,7,NULL,'NO APROBADA','2023-05-19',NULL,NULL,NULL,NULL,NULL,'',0,NULL),(1486,9,5,285,NULL,'NO APROBADA','2023-05-20',NULL,NULL,NULL,NULL,NULL,'',0,NULL),(1487,6,5,204,NULL,'NO APROBADA','2023-05-20',NULL,NULL,NULL,NULL,NULL,'',0,NULL),(1488,8,5,258,NULL,'NO APROBADA','2023-05-20',NULL,NULL,NULL,NULL,NULL,'',0,NULL),(1489,9,5,285,NULL,'NO APROBADA','2023-05-20',NULL,NULL,NULL,NULL,NULL,'',0,NULL),(1494,6,13,54,NULL,'NO APROBADA','2023-05-12',NULL,NULL,NULL,NULL,NULL,'',0,NULL),(1499,8,20,54,NULL,'NO APROBADA','2023-05-17',NULL,NULL,NULL,NULL,NULL,'',0,NULL),(1500,8,20,54,NULL,'NO APROBADA','2023-05-18',NULL,NULL,NULL,NULL,NULL,'',0,NULL),(1501,8,20,54,NULL,'NO APROBADA','2023-05-19',NULL,NULL,NULL,NULL,NULL,'',0,NULL),(1503,9,11,7,NULL,'NO APROBADA','2023-05-22',NULL,NULL,NULL,NULL,NULL,'',0,NULL),(1504,8,13,54,NULL,'NO APROBADA','2023-05-16',NULL,NULL,NULL,NULL,NULL,'',0,NULL),(1505,1,13,208,NULL,'NO APROBADA','2023-05-16',NULL,NULL,NULL,NULL,NULL,'',0,NULL),(1506,6,13,54,NULL,'NO APROBADA','2023-05-17',NULL,NULL,NULL,NULL,NULL,'',0,NULL),(1507,3,13,269,NULL,'NO APROBADA','2023-05-17',NULL,NULL,NULL,NULL,NULL,'',0,NULL),(1508,9,13,54,NULL,'NO APROBADA','2023-05-18',NULL,NULL,NULL,NULL,NULL,'',0,NULL),(1509,6,13,54,NULL,'NO APROBADA','2023-05-19',NULL,NULL,NULL,NULL,NULL,'',0,NULL),(1510,9,13,54,NULL,'NO APROBADA','2023-05-22',NULL,NULL,NULL,NULL,NULL,'',0,NULL),(1512,9,17,7,NULL,'NO APROBADA','2023-05-17',NULL,NULL,NULL,NULL,NULL,'',0,NULL),(1513,9,8,7,NULL,'NO APROBADA','2023-05-16',NULL,NULL,NULL,NULL,NULL,'',0,NULL),(1514,9,8,7,NULL,'NO APROBADA','2023-05-17',NULL,NULL,NULL,NULL,NULL,'',0,NULL),(1515,9,17,7,NULL,'NO APROBADA','2023-05-18',NULL,NULL,NULL,NULL,NULL,'',0,NULL),(1516,9,8,7,NULL,'NO APROBADA','2023-05-18',NULL,NULL,NULL,NULL,NULL,'',0,NULL),(1517,6,17,7,NULL,'NO APROBADA','2023-05-19',NULL,NULL,NULL,NULL,NULL,'  ',0,NULL),(1518,6,8,7,NULL,'NO APROBADA','2023-05-19',NULL,NULL,NULL,NULL,NULL,'',0,NULL),(1519,9,8,7,NULL,'NO APROBADA','2023-05-22',NULL,NULL,NULL,NULL,NULL,'',0,NULL),(1520,9,17,7,NULL,'NO APROBADA','2023-05-22',NULL,NULL,NULL,NULL,NULL,'',0,NULL),(1521,8,19,54,NULL,'NO APROBADA','2023-05-22',NULL,NULL,NULL,NULL,NULL,'',0,NULL),(1522,8,19,54,NULL,'NO APROBADA','2023-05-17',NULL,NULL,NULL,NULL,NULL,'',0,NULL),(1523,8,19,54,NULL,'NO APROBADA','2023-05-18',NULL,NULL,NULL,NULL,NULL,'',0,NULL),(1524,9,11,7,NULL,'NO APROBADA','2023-05-23',NULL,NULL,NULL,NULL,NULL,'',0,NULL),(1526,9,12,279,NULL,'NO APROBADA','2023-05-16',NULL,NULL,NULL,NULL,NULL,'',0,NULL),(1527,9,12,279,NULL,'NO APROBADA','2023-05-17',NULL,NULL,NULL,NULL,NULL,'',0,NULL),(1528,4,12,55,NULL,'NO APROBADA','2023-05-18',NULL,NULL,NULL,NULL,NULL,'',0,NULL),(1529,5,12,10,NULL,'NO APROBADA','2023-05-18',NULL,NULL,NULL,NULL,NULL,'',0,NULL),(1530,6,12,33,NULL,'NO APROBADA','2023-05-19',NULL,NULL,NULL,NULL,NULL,'',0,NULL),(1531,9,12,291,NULL,'NO APROBADA','2023-05-22',NULL,NULL,NULL,NULL,NULL,'',0,NULL),(1532,9,11,7,NULL,'NO APROBADA','2023-05-24',NULL,NULL,NULL,NULL,NULL,'',0,NULL),(1533,9,12,291,NULL,'NO APROBADA','2023-05-23',NULL,NULL,NULL,NULL,NULL,'',0,NULL),(1537,9,12,291,NULL,'NO APROBADA','2023-05-24',NULL,NULL,NULL,NULL,NULL,'',0,NULL),(1538,9,12,291,NULL,'NO APROBADA','2023-05-25',NULL,NULL,NULL,NULL,NULL,'',0,NULL),(1548,9,16,278,NULL,'NO APROBADA','2023-05-25',NULL,NULL,NULL,NULL,NULL,'',0,NULL),(1549,9,16,278,NULL,'NO APROBADA','2023-05-04',NULL,NULL,NULL,NULL,NULL,'',0,NULL),(1550,9,16,278,NULL,'NO APROBADA','2023-05-09',NULL,NULL,NULL,NULL,NULL,'',0,NULL),(1551,9,8,7,NULL,'NO APROBADA','2023-05-23',NULL,NULL,NULL,NULL,NULL,'',0,NULL),(1552,9,8,7,NULL,'NO APROBADA','2023-05-24',NULL,NULL,NULL,NULL,NULL,'',0,NULL),(1553,9,8,7,NULL,'NO APROBADA','2023-05-25',NULL,NULL,NULL,NULL,NULL,'',0,NULL),(1554,9,11,7,NULL,'NO APROBADA','2023-05-25',NULL,NULL,NULL,NULL,NULL,'',0,NULL),(1556,9,17,7,NULL,'NO APROBADA','2023-05-23',NULL,NULL,NULL,NULL,NULL,'',0,NULL),(1557,9,17,7,NULL,'NO APROBADA','2023-05-24',NULL,NULL,NULL,NULL,NULL,'',0,NULL),(1558,9,17,7,NULL,'NO APROBADA','2023-05-25',NULL,NULL,NULL,NULL,NULL,'',0,NULL),(1559,6,17,7,NULL,'NO APROBADA','2023-05-26',NULL,NULL,NULL,NULL,NULL,'',0,NULL),(1563,9,10,54,NULL,'NO APROBADA','2023-05-24',NULL,NULL,NULL,NULL,NULL,'',0,NULL),(1564,6,10,235,NULL,'NO APROBADA','2023-05-19',NULL,NULL,NULL,NULL,NULL,'',0,NULL),(1565,6,10,203,NULL,'NO APROBADA','2023-05-18',NULL,NULL,NULL,NULL,NULL,'',0,NULL),(1566,3,10,235,NULL,'NO APROBADA','2023-05-18',NULL,NULL,NULL,NULL,NULL,'',0,NULL),(1567,9,10,235,NULL,'NO APROBADA','2023-05-22',NULL,NULL,NULL,NULL,NULL,'',0,NULL),(1568,4,10,203,NULL,'NO APROBADA','2023-05-23',NULL,NULL,NULL,NULL,NULL,'',0,NULL),(1569,9,10,54,NULL,'NO APROBADA','2023-05-25',NULL,NULL,NULL,NULL,NULL,'',0,NULL),(1570,6,10,54,NULL,'NO APROBADA','2023-05-26',NULL,NULL,NULL,NULL,NULL,'',0,NULL),(1571,5,10,235,NULL,'NO APROBADA','2023-05-23',NULL,NULL,NULL,NULL,NULL,'',0,NULL),(1572,8,19,54,NULL,'NO APROBADA','2023-05-23',NULL,NULL,NULL,NULL,NULL,'',0,NULL),(1573,8,19,54,NULL,'NO APROBADA','2023-05-24',NULL,NULL,NULL,NULL,NULL,'',0,NULL),(1574,8,19,54,NULL,'NO APROBADA','2023-05-25',NULL,NULL,NULL,NULL,NULL,'',0,NULL),(1575,8,19,54,NULL,'NO APROBADA','2023-05-26',NULL,NULL,NULL,NULL,NULL,'',0,NULL);
/*!40000 ALTER TABLE `hours` ENABLE KEYS */;
UNLOCK TABLES;

--
-- Table structure for table `importe_gasto`
--

DROP TABLE IF EXISTS `importe_gasto`;
/*!40101 SET @saved_cs_client     = @@character_set_client */;
/*!50503 SET character_set_client = utf8mb4 */;
CREATE TABLE `importe_gasto` (
  `id` int NOT NULL AUTO_INCREMENT,
  `km_importe` double DEFAULT NULL,
  `dieta_importe` double DEFAULT NULL,
  `horas_importe` double DEFAULT NULL,
  `user_id` bigint unsigned DEFAULT NULL,
  PRIMARY KEY (`id`),
  KEY `fk_user_id_import` (`user_id`),
  CONSTRAINT `fk_user_id_import` FOREIGN KEY (`user_id`) REFERENCES `users` (`id`)
) ENGINE=InnoDB AUTO_INCREMENT=25 DEFAULT CHARSET=utf8mb4 COLLATE=utf8mb4_0900_ai_ci;
/*!40101 SET character_set_client = @saved_cs_client */;

--
-- Dumping data for table `importe_gasto`
--

LOCK TABLES `importe_gasto` WRITE;
/*!40000 ALTER TABLE `importe_gasto` DISABLE KEYS */;
INSERT INTO `importe_gasto` VALUES (1,0.25,90,30,1),(2,0.25,90,30,2),(3,0.25,90,30,3),(4,0.25,90,30,4),(5,0.25,90,30,5),(6,0.25,90,30,6),(7,0.25,90,30,7),(8,0.25,90,30,8),(9,0.25,90,30,9),(10,0.25,90,30,10),(11,0.25,90,30,11),(12,0.25,90,30,12),(13,0.25,90,30,13),(14,0.25,90,30,14),(15,0.25,90,30,15),(16,0.25,90,30,16),(17,0.25,90,30,17),(18,0.25,90,30,18),(19,0.25,90,30,19),(20,0.25,90,30,20),(21,0.25,90,30,21),(22,0.25,90,30,22),(23,0.25,90,30,23),(24,0.25,90,30,24);
/*!40000 ALTER TABLE `importe_gasto` ENABLE KEYS */;
UNLOCK TABLES;

--
-- Table structure for table `migrations`
--

DROP TABLE IF EXISTS `migrations`;
/*!40101 SET @saved_cs_client     = @@character_set_client */;
/*!50503 SET character_set_client = utf8mb4 */;
CREATE TABLE `migrations` (
  `id` int unsigned NOT NULL AUTO_INCREMENT,
  `migration` varchar(255) COLLATE utf8mb4_unicode_ci NOT NULL,
  `batch` int NOT NULL,
  PRIMARY KEY (`id`)
) ENGINE=InnoDB AUTO_INCREMENT=48 DEFAULT CHARSET=utf8mb4 COLLATE=utf8mb4_unicode_ci;
/*!40101 SET character_set_client = @saved_cs_client */;

--
-- Dumping data for table `migrations`
--

LOCK TABLES `migrations` WRITE;
/*!40000 ALTER TABLE `migrations` DISABLE KEYS */;
INSERT INTO `migrations` VALUES (28,'2014_10_12_000000_create_users_table',1),(29,'2014_10_12_100000_create_password_resets_table',1),(30,'2014_10_12_200000_add_two_factor_columns_to_users_table',1),(31,'2019_08_19_000000_create_failed_jobs_table',1),(32,'2019_12_14_000001_create_personal_access_tokens_table',1),(33,'2022_11_18_103243_create_sessions_table',1),(34,'2022_11_18_110403_create_permission_tables',1),(35,'2022_11_24_103834_create_works_table',1),(36,'2022_11_24_103835_create_hours_table',1),(37,'2022_12_12_134544_add_who_to_hours_table',2),(38,'2022_12_12_134544_add_when_to_hours_table',3),(39,'2022_12_14_093630_create_exception_works',4),(40,'2022_12_14_093704_create_exception_hours',4),(41,'2022_12_15_172147_add_comments_to_hours_table',5),(42,'2022_12_20_151327_add_hour_extra_to_users',6),(43,'2022_12_20_163140_create_schedules_table',6),(44,'2022_12_21_083748_add_schedule_to_users',6),(45,'2022_12_21_113510_add_register_to_hour',6),(46,'2022_12_21_155003_add_hour_real_to_hours',6),(47,'2022_12_22_173602_add_user_id_to_works',7);
/*!40000 ALTER TABLE `migrations` ENABLE KEYS */;
UNLOCK TABLES;

--
-- Table structure for table `model_has_permissions`
--

DROP TABLE IF EXISTS `model_has_permissions`;
/*!40101 SET @saved_cs_client     = @@character_set_client */;
/*!50503 SET character_set_client = utf8mb4 */;
CREATE TABLE `model_has_permissions` (
  `permission_id` bigint unsigned NOT NULL,
  `model_type` varchar(255) COLLATE utf8mb4_unicode_ci NOT NULL,
  `model_id` bigint unsigned NOT NULL,
  PRIMARY KEY (`permission_id`,`model_id`,`model_type`),
  KEY `model_has_permissions_model_id_model_type_index` (`model_id`,`model_type`),
  CONSTRAINT `model_has_permissions_permission_id_foreign` FOREIGN KEY (`permission_id`) REFERENCES `permissions` (`id`) ON DELETE CASCADE
) ENGINE=InnoDB DEFAULT CHARSET=utf8mb4 COLLATE=utf8mb4_unicode_ci;
/*!40101 SET character_set_client = @saved_cs_client */;

--
-- Dumping data for table `model_has_permissions`
--

LOCK TABLES `model_has_permissions` WRITE;
/*!40000 ALTER TABLE `model_has_permissions` DISABLE KEYS */;
/*!40000 ALTER TABLE `model_has_permissions` ENABLE KEYS */;
UNLOCK TABLES;

--
-- Table structure for table `model_has_roles`
--

DROP TABLE IF EXISTS `model_has_roles`;
/*!40101 SET @saved_cs_client     = @@character_set_client */;
/*!50503 SET character_set_client = utf8mb4 */;
CREATE TABLE `model_has_roles` (
  `role_id` bigint unsigned NOT NULL,
  `model_type` varchar(255) COLLATE utf8mb4_unicode_ci NOT NULL,
  `model_id` bigint unsigned NOT NULL,
  PRIMARY KEY (`role_id`,`model_id`,`model_type`),
  KEY `model_has_roles_model_id_model_type_index` (`model_id`,`model_type`),
  CONSTRAINT `model_has_roles_role_id_foreign` FOREIGN KEY (`role_id`) REFERENCES `roles` (`id`) ON DELETE CASCADE
) ENGINE=InnoDB DEFAULT CHARSET=utf8mb4 COLLATE=utf8mb4_unicode_ci;
/*!40101 SET character_set_client = @saved_cs_client */;

--
-- Dumping data for table `model_has_roles`
--

LOCK TABLES `model_has_roles` WRITE;
/*!40000 ALTER TABLE `model_has_roles` DISABLE KEYS */;
INSERT INTO `model_has_roles` VALUES (1,'App\\Models\\User',1),(2,'App\\Models\\User',2),(2,'App\\Models\\User',3),(4,'App\\Models\\User',4),(3,'App\\Models\\User',5),(3,'App\\Models\\User',6),(3,'App\\Models\\User',7),(3,'App\\Models\\User',8),(3,'App\\Models\\User',9),(3,'App\\Models\\User',10),(3,'App\\Models\\User',11),(3,'App\\Models\\User',12),(3,'App\\Models\\User',13),(3,'App\\Models\\User',14),(2,'App\\Models\\User',15),(2,'App\\Models\\User',16),(3,'App\\Models\\User',17),(3,'App\\Models\\User',18),(3,'App\\Models\\User',19),(3,'App\\Models\\User',20),(2,'App\\Models\\User',21),(3,'App\\Models\\User',22),(3,'App\\Models\\User',23);
/*!40000 ALTER TABLE `model_has_roles` ENABLE KEYS */;
UNLOCK TABLES;

--
-- Table structure for table `password_resets`
--

DROP TABLE IF EXISTS `password_resets`;
/*!40101 SET @saved_cs_client     = @@character_set_client */;
/*!50503 SET character_set_client = utf8mb4 */;
CREATE TABLE `password_resets` (
  `email` varchar(255) COLLATE utf8mb4_unicode_ci NOT NULL,
  `token` varchar(255) COLLATE utf8mb4_unicode_ci NOT NULL,
  `created_at` timestamp NULL DEFAULT NULL,
  KEY `password_resets_email_index` (`email`)
) ENGINE=InnoDB DEFAULT CHARSET=utf8mb4 COLLATE=utf8mb4_unicode_ci;
/*!40101 SET character_set_client = @saved_cs_client */;

--
-- Dumping data for table `password_resets`
--

LOCK TABLES `password_resets` WRITE;
/*!40000 ALTER TABLE `password_resets` DISABLE KEYS */;
/*!40000 ALTER TABLE `password_resets` ENABLE KEYS */;
UNLOCK TABLES;

--
-- Table structure for table `permissions`
--

DROP TABLE IF EXISTS `permissions`;
/*!40101 SET @saved_cs_client     = @@character_set_client */;
/*!50503 SET character_set_client = utf8mb4 */;
CREATE TABLE `permissions` (
  `id` bigint unsigned NOT NULL AUTO_INCREMENT,
  `name` varchar(255) COLLATE utf8mb4_unicode_ci NOT NULL,
  `guard_name` varchar(255) COLLATE utf8mb4_unicode_ci NOT NULL,
  `created_at` timestamp NULL DEFAULT NULL,
  `updated_at` timestamp NULL DEFAULT NULL,
  PRIMARY KEY (`id`),
  UNIQUE KEY `permissions_name_guard_name_unique` (`name`,`guard_name`)
) ENGINE=InnoDB AUTO_INCREMENT=2 DEFAULT CHARSET=utf8mb4 COLLATE=utf8mb4_unicode_ci;
/*!40101 SET character_set_client = @saved_cs_client */;

--
-- Dumping data for table `permissions`
--

LOCK TABLES `permissions` WRITE;
/*!40000 ALTER TABLE `permissions` DISABLE KEYS */;
INSERT INTO `permissions` VALUES (1,'roles-permisos','web','2022-11-29 15:32:48','2022-11-29 15:32:48');
/*!40000 ALTER TABLE `permissions` ENABLE KEYS */;
UNLOCK TABLES;

--
-- Table structure for table `personal_access_tokens`
--

DROP TABLE IF EXISTS `personal_access_tokens`;
/*!40101 SET @saved_cs_client     = @@character_set_client */;
/*!50503 SET character_set_client = utf8mb4 */;
CREATE TABLE `personal_access_tokens` (
  `id` bigint unsigned NOT NULL AUTO_INCREMENT,
  `tokenable_type` varchar(255) COLLATE utf8mb4_unicode_ci NOT NULL,
  `tokenable_id` bigint unsigned NOT NULL,
  `name` varchar(255) COLLATE utf8mb4_unicode_ci NOT NULL,
  `token` varchar(64) COLLATE utf8mb4_unicode_ci NOT NULL,
  `abilities` text COLLATE utf8mb4_unicode_ci,
  `last_used_at` timestamp NULL DEFAULT NULL,
  `expires_at` timestamp NULL DEFAULT NULL,
  `created_at` timestamp NULL DEFAULT NULL,
  `updated_at` timestamp NULL DEFAULT NULL,
  PRIMARY KEY (`id`),
  UNIQUE KEY `personal_access_tokens_token_unique` (`token`),
  KEY `personal_access_tokens_tokenable_type_tokenable_id_index` (`tokenable_type`,`tokenable_id`)
) ENGINE=InnoDB DEFAULT CHARSET=utf8mb4 COLLATE=utf8mb4_unicode_ci;
/*!40101 SET character_set_client = @saved_cs_client */;

--
-- Dumping data for table `personal_access_tokens`
--

LOCK TABLES `personal_access_tokens` WRITE;
/*!40000 ALTER TABLE `personal_access_tokens` DISABLE KEYS */;
/*!40000 ALTER TABLE `personal_access_tokens` ENABLE KEYS */;
UNLOCK TABLES;

--
-- Table structure for table `role_has_permissions`
--

DROP TABLE IF EXISTS `role_has_permissions`;
/*!40101 SET @saved_cs_client     = @@character_set_client */;
/*!50503 SET character_set_client = utf8mb4 */;
CREATE TABLE `role_has_permissions` (
  `permission_id` bigint unsigned NOT NULL,
  `role_id` bigint unsigned NOT NULL,
  PRIMARY KEY (`permission_id`,`role_id`),
  KEY `role_has_permissions_role_id_foreign` (`role_id`),
  CONSTRAINT `role_has_permissions_permission_id_foreign` FOREIGN KEY (`permission_id`) REFERENCES `permissions` (`id`) ON DELETE CASCADE,
  CONSTRAINT `role_has_permissions_role_id_foreign` FOREIGN KEY (`role_id`) REFERENCES `roles` (`id`) ON DELETE CASCADE
) ENGINE=InnoDB DEFAULT CHARSET=utf8mb4 COLLATE=utf8mb4_unicode_ci;
/*!40101 SET character_set_client = @saved_cs_client */;

--
-- Dumping data for table `role_has_permissions`
--

LOCK TABLES `role_has_permissions` WRITE;
/*!40000 ALTER TABLE `role_has_permissions` DISABLE KEYS */;
INSERT INTO `role_has_permissions` VALUES (1,1);
/*!40000 ALTER TABLE `role_has_permissions` ENABLE KEYS */;
UNLOCK TABLES;

--
-- Table structure for table `roles`
--

DROP TABLE IF EXISTS `roles`;
/*!40101 SET @saved_cs_client     = @@character_set_client */;
/*!50503 SET character_set_client = utf8mb4 */;
CREATE TABLE `roles` (
  `id` bigint unsigned NOT NULL AUTO_INCREMENT,
  `name` varchar(255) COLLATE utf8mb4_unicode_ci NOT NULL,
  `guard_name` varchar(255) COLLATE utf8mb4_unicode_ci NOT NULL,
  `created_at` timestamp NULL DEFAULT NULL,
  `updated_at` timestamp NULL DEFAULT NULL,
  PRIMARY KEY (`id`),
  UNIQUE KEY `roles_name_guard_name_unique` (`name`,`guard_name`)
) ENGINE=InnoDB AUTO_INCREMENT=5 DEFAULT CHARSET=utf8mb4 COLLATE=utf8mb4_unicode_ci;
/*!40101 SET character_set_client = @saved_cs_client */;

--
-- Dumping data for table `roles`
--

LOCK TABLES `roles` WRITE;
/*!40000 ALTER TABLE `roles` DISABLE KEYS */;
INSERT INTO `roles` VALUES (1,'root','web','2022-11-29 15:32:48','2022-11-29 15:32:48'),(2,'admin','web','2022-11-29 15:32:48','2022-11-29 15:32:48'),(3,'user','web','2022-11-29 15:32:48','2022-11-29 15:32:48'),(4,'gestion','web','2022-12-12 16:10:40','2022-12-12 16:10:40');
/*!40000 ALTER TABLE `roles` ENABLE KEYS */;
UNLOCK TABLES;

--
-- Table structure for table `schedules`
--

DROP TABLE IF EXISTS `schedules`;
/*!40101 SET @saved_cs_client     = @@character_set_client */;
/*!50503 SET character_set_client = utf8mb4 */;
CREATE TABLE `schedules` (
  `id` bigint unsigned NOT NULL AUTO_INCREMENT,
  `name` varchar(255) COLLATE utf8mb4_unicode_ci NOT NULL,
  `L` int NOT NULL,
  `M` int NOT NULL,
  `X` int NOT NULL,
  `J` int NOT NULL,
  `V` int NOT NULL,
  `total` int NOT NULL,
  `created_at` timestamp NULL DEFAULT NULL,
  `updated_at` timestamp NULL DEFAULT NULL,
  PRIMARY KEY (`id`)
) ENGINE=InnoDB AUTO_INCREMENT=4 DEFAULT CHARSET=utf8mb4 COLLATE=utf8mb4_unicode_ci;
/*!40101 SET character_set_client = @saved_cs_client */;

--
-- Dumping data for table `schedules`
--

LOCK TABLES `schedules` WRITE;
/*!40000 ALTER TABLE `schedules` DISABLE KEYS */;
INSERT INTO `schedules` VALUES (1,'Horario 1',9,9,9,9,6,42,'2022-12-22 15:32:30','2022-12-22 15:32:30'),(2,'Horario 2',7,7,7,7,7,35,'2022-12-22 15:32:40','2022-12-22 15:32:40'),(3,'RTVE',8,8,8,8,8,40,'2023-01-26 16:15:29',NULL);
/*!40000 ALTER TABLE `schedules` ENABLE KEYS */;
UNLOCK TABLES;

--
-- Table structure for table `sessions`
--

DROP TABLE IF EXISTS `sessions`;
/*!40101 SET @saved_cs_client     = @@character_set_client */;
/*!50503 SET character_set_client = utf8mb4 */;
CREATE TABLE `sessions` (
  `id` varchar(255) COLLATE utf8mb4_unicode_ci NOT NULL,
  `user_id` bigint unsigned DEFAULT NULL,
  `ip_address` varchar(45) COLLATE utf8mb4_unicode_ci DEFAULT NULL,
  `user_agent` text COLLATE utf8mb4_unicode_ci,
  `payload` longtext COLLATE utf8mb4_unicode_ci NOT NULL,
  `last_activity` int NOT NULL,
  PRIMARY KEY (`id`),
  KEY `sessions_user_id_index` (`user_id`),
  KEY `sessions_last_activity_index` (`last_activity`)
) ENGINE=InnoDB DEFAULT CHARSET=utf8mb4 COLLATE=utf8mb4_unicode_ci;
/*!40101 SET character_set_client = @saved_cs_client */;

--
-- Dumping data for table `sessions`
--

LOCK TABLES `sessions` WRITE;
/*!40000 ALTER TABLE `sessions` DISABLE KEYS */;
INSERT INTO `sessions` VALUES ('ACZ8YNNiIsZh2dXdp9jquDC0HMnChXg2qEd1tRQG',NULL,'79.139.125.163','Mozilla/5.0 (Windows NT 10.0; Win64; x64) AppleWebKit/537.36 (KHTML, like Gecko) Chrome/113.0.0.0 Safari/537.36','YTozOntzOjY6Il90b2tlbiI7czo0MDoiNmJZckUwV0hPdDgwanFQTnNNRmtCUGt1bmI3SjA1YlZpelZSM3Z4UCI7czo2OiJfZmxhc2giO2E6Mjp7czozOiJvbGQiO2E6MDp7fXM6MzoibmV3IjthOjA6e319czo5OiJfcHJldmlvdXMiO2E6MTp7czozOiJ1cmwiO3M6MjI6Imh0dHBzOi8vNzkuMTM5LjEyNS4xNjMiO319',1684322172),('aD98FAlgq1UAD72iZLZbFaomEy5DUPjNqB2OTV8A',NULL,'178.62.210.166','Mozilla/5.0 (Windows NT 10.0; Win64; x64) AppleWebKit/537.36 (KHTML, like Gecko) Chrome/108.0.0.0 Safari/537.36','YTozOntzOjY6Il90b2tlbiI7czo0MDoiSjdHdjhjdDViVDAxcUxjTTM3TlNPS2gxQzRzc3ZpaWFtd2NQeDM5RyI7czo5OiJfcHJldmlvdXMiO2E6MTp7czozOiJ1cmwiO3M6MjI6Imh0dHBzOi8vNzkuMTM5LjEyNS4xNjMiO31zOjY6Il9mbGFzaCI7YToyOntzOjM6Im9sZCI7YTowOnt9czozOiJuZXciO2E6MDp7fX19',1684306648),('BHO3VVRvNsX8RjgynQGPhq63cFp4y3n8ALvoC0bD',NULL,'45.148.120.113','Mozilla/5.0 (Windows NT 10.0; Win64; x64) AppleWebKit/537.36 (KHTML, like Gecko) Chrome/94.0.4606.61 Safari/537.36','YToyOntzOjY6Il90b2tlbiI7czo0MDoiREFOM28wbEtTVFF4Q1YwOFlpUDNsYXpLVFFSYzdZeGVRQzBzOTFuUyI7czo2OiJfZmxhc2giO2E6Mjp7czozOiJvbGQiO2E6MDp7fXM6MzoibmV3IjthOjA6e319fQ==',1684307576),('cqeNDvRZHrWUapqjqPIrZL9M8eWWJElu3l8XE5wz',NULL,'51.158.241.133','Mozilla/5.0 (X11; Linux x86_64; rv:104.0) Gecko/20100101 Firefox/104.0','YTozOntzOjY6Il90b2tlbiI7czo0MDoiSVJuWVZPc0ZXMnhZcmpIRGxIWFlQMkdMNDVlWEp6RXZ5QUp3ME5oSSI7czo5OiJfcHJldmlvdXMiO2E6MTp7czozOiJ1cmwiO3M6MjI6Imh0dHBzOi8vNzkuMTM5LjEyNS4xNjMiO31zOjY6Il9mbGFzaCI7YToyOntzOjM6Im9sZCI7YTowOnt9czozOiJuZXciO2E6MDp7fX19',1684294917),('IZg70RhU3PJNKeehLpu91keFjz3u2O4RxjuPLScu',NULL,'45.148.120.113','Mozilla/5.0 (Windows NT 10.0; Win64; x64) AppleWebKit/537.36 (KHTML, like Gecko) Chrome/94.0.4606.61 Safari/537.36','YToyOntzOjY6Il90b2tlbiI7czo0MDoiZm4wekxTaEE2U2VPTUVrdnVkU0R4UjhFR2pNcWJIWUhiSG1NRDdWcyI7czo2OiJfZmxhc2giO2E6Mjp7czozOiJvbGQiO2E6MDp7fXM6MzoibmV3IjthOjA6e319fQ==',1684307569),('k9GC5VKBR8ZN84jRR5WbVrDaRTITVfwwhBO6HD6Y',NULL,'74.82.47.4','Mozilla/5.0 (Windows NT 6.1; Win64; x64) AppleWebKit/537.36 (KHTML, like Gecko) Chrome/109.0.0.0 Safari/537.36','YTozOntzOjY6Il90b2tlbiI7czo0MDoiczJQZ05WU0Yzck5oSDk3T2tHTWlMRUxoNWU5QU1VbDZFQXVJaWc2SyI7czo5OiJfcHJldmlvdXMiO2E6MTp7czozOiJ1cmwiO3M6MjI6Imh0dHBzOi8vNzkuMTM5LjEyNS4xNjMiO31zOjY6Il9mbGFzaCI7YToyOntzOjM6Im9sZCI7YTowOnt9czozOiJuZXciO2E6MDp7fX19',1684305767),('K9WyUurGbbN2hDQ43DNtb1wWv0YWNsN57BOUBugK',NULL,'165.227.105.64','Mozilla/5.0 (Windows NT 10.0; Win64; x64) AppleWebKit/537.36 (KHTML, like Gecko) Chrome/108.0.0.0 Safari/537.36','YTozOntzOjY6Il90b2tlbiI7czo0MDoiT0hnSDRPV0NiTW9CZXJ6dmY3ZjVGWURtanRxTktjRmtTMkRrVExKRyI7czo5OiJfcHJldmlvdXMiO2E6MTp7czozOiJ1cmwiO3M6MjI6Imh0dHBzOi8vNzkuMTM5LjEyNS4xNjMiO31zOjY6Il9mbGFzaCI7YToyOntzOjM6Im9sZCI7YTowOnt9czozOiJuZXciO2E6MDp7fX19',1684292159),('KZDBIrrg4YrIwN3QRP3vzeJouTlkKXAYQY1XiALs',NULL,'2.136.176.130','Mozilla/5.0 (Windows NT 10.0; Win64; x64) AppleWebKit/537.36 (KHTML, like Gecko) Chrome/113.0.0.0 Safari/537.36','YTo0OntzOjY6Il90b2tlbiI7czo0MDoiNGRGeHBMZzVlU0paZjlUV3V6c2ZZYjFBd3NPaDF1aGhqNjNoZTN5UiI7czozOiJ1cmwiO2E6MTp7czo4OiJpbnRlbmRlZCI7czoyODoiaHR0cHM6Ly83OS4xMzkuMTI1LjE2My9ob3VycyI7fXM6OToiX3ByZXZpb3VzIjthOjE6e3M6MzoidXJsIjtzOjIyOiJodHRwczovLzc5LjEzOS4xMjUuMTYzIjt9czo2OiJfZmxhc2giO2E6Mjp7czozOiJvbGQiO2E6MDp7fXM6MzoibmV3IjthOjA6e319fQ==',1684318645),('MZqRI6QBdA2v63CTBd0nUvD8vKsoig0EGnFOlIXW',NULL,'74.82.47.4','Mozilla/5.0 (Windows NT 10.0; Win64; x64) AppleWebKit/537.36 (KHTML, like Gecko) Chrome/109.0.0.0 Safari/537.36 OPR/95.0.0.0','YTozOntzOjY6Il90b2tlbiI7czo0MDoiVER5SmQ1ZkJZMWJJOXJHaGN4SDRLR1pYYzVJZDFkVENwYWFQVndjVyI7czo5OiJfcHJldmlvdXMiO2E6MTp7czozOiJ1cmwiO3M6MjI6Imh0dHBzOi8vNzkuMTM5LjEyNS4xNjMiO31zOjY6Il9mbGFzaCI7YToyOntzOjM6Im9sZCI7YTowOnt9czozOiJuZXciO2E6MDp7fX19',1684290671),('PNXfIvKHFApz1jNuJerw5BdA08ezSpyboTdTH6B9',NULL,'94.102.61.10','python-requests/2.26.0','YTozOntzOjY6Il90b2tlbiI7czo0MDoiQng3S2JsS01BbWQ4YXJpVUtmOWhWQmdVSnZZUG5vYnpxalFXN2x2SyI7czo5OiJfcHJldmlvdXMiO2E6MTp7czozOiJ1cmwiO3M6MjI6Imh0dHBzOi8vNzkuMTM5LjEyNS4xNjMiO31zOjY6Il9mbGFzaCI7YToyOntzOjM6Im9sZCI7YTowOnt9czozOiJuZXciO2E6MDp7fX19',1684322176),('QhpUGg6Z8XqZX8EIfVebciXLK8T5a9QwXXerRuNW',NULL,'45.148.120.113','Mozilla/5.0 (Windows NT 10.0; Win64; x64) AppleWebKit/537.36 (KHTML, like Gecko) Chrome/94.0.4606.61 Safari/537.36','YTozOntzOjY6Il90b2tlbiI7czo0MDoiR3lpQ0tXQmNQdmJVbllpOVhtbnpmd3BoVEh3SzI0eEU4NnY3SU9aNyI7czo5OiJfcHJldmlvdXMiO2E6MTp7czozOiJ1cmwiO3M6MjI6Imh0dHBzOi8vNzkuMTM5LjEyNS4xNjMiO31zOjY6Il9mbGFzaCI7YToyOntzOjM6Im9sZCI7YTowOnt9czozOiJuZXciO2E6MDp7fX19',1684307565),('TEXbv6c6bAosSWP6BQGCoMQKzmxTNXmoJM672g3O',NULL,'35.240.121.17','python-requests/2.28.2','YTozOntzOjY6Il90b2tlbiI7czo0MDoiRkpvd2xzNWtCZGI0RDhOQktzVVd3SmFqRWtHczJYVVdEYnJhcmF4MiI7czo5OiJfcHJldmlvdXMiO2E6MTp7czozOiJ1cmwiO3M6MjI6Imh0dHBzOi8vNzkuMTM5LjEyNS4xNjMiO31zOjY6Il9mbGFzaCI7YToyOntzOjM6Im9sZCI7YTowOnt9czozOiJuZXciO2E6MDp7fX19',1684301149),('upFx3crb2CAgFRc8RgltRaC1E2l0N2nPakAs9y7s',NULL,'152.89.196.144','Mozilla/5.0 (Windows NT 10.0; Win64; x64) AppleWebKit/537.36 (KHTML, like Gecko) Chrome/78.0.3904.108 Safari/537.36','YTozOntzOjY6Il90b2tlbiI7czo0MDoidDZrU2lRZ1Z5SFdGbjVyN0VqcU54NTJpWXg4SEZCVjY3UnNpY1VFTiI7czo5OiJfcHJldmlvdXMiO2E6MTp7czozOiJ1cmwiO3M6NTM6Imh0dHBzOi8vNzkuMTM5LjEyNS4xNjMvP1hERUJVR19TRVNTSU9OX1NUQVJUPXBocHN0b3JtIjt9czo2OiJfZmxhc2giO2E6Mjp7czozOiJvbGQiO2E6MDp7fXM6MzoibmV3IjthOjA6e319fQ==',1684309787),('XNkKudCaHkXCACHtfb7GO8zTVUXOqsybVzkRmcjB',NULL,'34.101.174.155','Mozlila/5.0 (Linux; Android 7.0; SM-G892A Bulid/NRD90M; wv) AppleWebKit/537.36 (KHTML, like Gecko) Version/4.0 Chrome/60.0.3112.107 Moblie Safari/537.36','YTozOntzOjY6Il90b2tlbiI7czo0MDoiUVFvbmQwZ2tuMnQxQVBISXAwU1pCRVhKR0hxUVBNUUdWcDVFanBGcyI7czo5OiJfcHJldmlvdXMiO2E6MTp7czozOiJ1cmwiO3M6MjI6Imh0dHBzOi8vNzkuMTM5LjEyNS4xNjMiO31zOjY6Il9mbGFzaCI7YToyOntzOjM6Im9sZCI7YTowOnt9czozOiJuZXciO2E6MDp7fX19',1684309846),('ZiysUBzIJdhWlABjclz4HPw93cZfY14ZOye7mDa9',10,'88.29.105.64','Mozilla/5.0 (X11; Linux x86_64) AppleWebKit/537.36 (KHTML, like Gecko) Chrome/113.0.0.0 Safari/537.36','YTo0OntzOjY6Il90b2tlbiI7czo0MDoiYkhpNUl0U2F3c0FlYjVOV3RQd2dRZGhxMllYMnRJc0lPRWoyMHFjOSI7czo5OiJfcHJldmlvdXMiO2E6MTp7czozOiJ1cmwiO3M6Mjg6Imh0dHBzOi8vNzkuMTM5LjEyNS4xNjMvaG9yYXMiO31zOjY6Il9mbGFzaCI7YToyOntzOjM6Im9sZCI7YTowOnt9czozOiJuZXciO2E6MDp7fX1zOjUwOiJsb2dpbl93ZWJfNTliYTM2YWRkYzJiMmY5NDAxNTgwZjAxNGM3ZjU4ZWE0ZTMwOTg5ZCI7aToxMDt9',1684305314);
/*!40000 ALTER TABLE `sessions` ENABLE KEYS */;
UNLOCK TABLES;

--
-- Table structure for table `users`
--

DROP TABLE IF EXISTS `users`;
/*!40101 SET @saved_cs_client     = @@character_set_client */;
/*!50503 SET character_set_client = utf8mb4 */;
CREATE TABLE `users` (
  `id` bigint unsigned NOT NULL AUTO_INCREMENT,
  `name` varchar(255) COLLATE utf8mb4_unicode_ci NOT NULL,
  `last_name` varchar(255) COLLATE utf8mb4_unicode_ci DEFAULT NULL,
  `email` varchar(255) COLLATE utf8mb4_unicode_ci NOT NULL,
  `type` enum('ACTIVADA','NO ACTIVADA') COLLATE utf8mb4_unicode_ci NOT NULL DEFAULT 'ACTIVADA',
  `email_verified_at` timestamp NULL DEFAULT NULL,
  `password` varchar(255) COLLATE utf8mb4_unicode_ci DEFAULT NULL,
  `two_factor_secret` text COLLATE utf8mb4_unicode_ci,
  `two_factor_recovery_codes` text COLLATE utf8mb4_unicode_ci,
  `two_factor_confirmed_at` timestamp NULL DEFAULT NULL,
  `remember_token` varchar(100) COLLATE utf8mb4_unicode_ci DEFAULT NULL,
  `current_team_id` bigint unsigned DEFAULT NULL,
  `profile_photo_path` varchar(2048) COLLATE utf8mb4_unicode_ci DEFAULT NULL,
  `created_at` timestamp NULL DEFAULT NULL,
  `updated_at` timestamp NULL DEFAULT NULL,
  `deleted_at` timestamp NULL DEFAULT NULL,
  `hour_extra` int DEFAULT NULL,
  `schedule_id` bigint unsigned DEFAULT NULL,
  `rol_id` bigint unsigned DEFAULT NULL,
  `password2` varchar(250) COLLATE utf8mb4_unicode_ci DEFAULT NULL,
  PRIMARY KEY (`id`),
  UNIQUE KEY `users_email_unique` (`email`),
  KEY `schedule_id` (`schedule_id`),
  KEY `fk_rol_id` (`rol_id`),
  CONSTRAINT `fk_rol_id` FOREIGN KEY (`rol_id`) REFERENCES `roles` (`id`),
  CONSTRAINT `users_ibfk_1` FOREIGN KEY (`schedule_id`) REFERENCES `schedules` (`id`),
  CONSTRAINT `users_ibfk_2` FOREIGN KEY (`schedule_id`) REFERENCES `schedules` (`id`)
) ENGINE=InnoDB AUTO_INCREMENT=25 DEFAULT CHARSET=utf8mb4 COLLATE=utf8mb4_unicode_ci;
/*!40101 SET character_set_client = @saved_cs_client */;

--
-- Dumping data for table `users`
--

LOCK TABLES `users` WRITE;
/*!40000 ALTER TABLE `users` DISABLE KEYS */;
INSERT INTO `users` VALUES (1,'Donovan','Tupiza','donovan.tupiza@baumcontrol.es','ACTIVADA',NULL,'$2y$10$7Q7iB50rsijzE7K.qSBLoOw34Mx4snV8XIbWARYjM2icYZY44YAZ.',NULL,NULL,NULL,NULL,NULL,NULL,'2022-11-29 15:32:48','2023-02-17 07:25:12',NULL,NULL,1,1,'c6aa159eb1971e472604d0c9c90cb618'),(2,'Lourdes','Carrasquilla','lourdes.carrasquilla@baumcontrol.es','ACTIVADA',NULL,'$2y$10$3B9YY7d7omcE2f55pxAa.Onfoffgx86DVVXMret60dnUNmtTo2GSy',NULL,NULL,NULL,NULL,NULL,NULL,'2022-11-29 15:33:28','2022-12-30 09:11:20',NULL,NULL,1,2,'2ec89fe8ec9fbedc146686b44689f0f5'),(3,'José Manuel','Blanco ','josemanuel.blanco@baumcontrol.es','ACTIVADA',NULL,'$2y$10$LdhrvHYRHowfKjN0pQheyOQRrGjpzktfj0Ty6gKxUP1QeYTyIaNXe',NULL,NULL,NULL,NULL,NULL,NULL,'2022-11-29 15:56:59','2022-12-22 15:33:12',NULL,NULL,1,2,'af015740b92ee923cd44cbd8ee6483d1'),(4,'Mariluz','Dols','mariluz.dols@baumcontrol.es','ACTIVADA',NULL,'$2y$10$PVFvIYpPA46IC9Fc9En.iu0VSuP0.vritDTQcFUDgGxDGnv9Tdb2q',NULL,NULL,NULL,NULL,NULL,NULL,'2022-11-29 16:00:45','2022-12-12 08:08:06',NULL,NULL,NULL,4,'725288188146af632696c73c7dc327ce'),(5,'Luis','Gallardo','luis.gallardo@baumcontrol.es','ACTIVADA',NULL,'$2y$10$XfrPTviejtol0j5NyaHMOuaZQrk7XHLChYSHZSSobQa/deZ.ZR6iG',NULL,NULL,NULL,NULL,NULL,NULL,'2022-12-01 14:27:53','2022-12-22 15:33:43',NULL,NULL,1,3,'5d44726f2bc6b12b3f4f3b233df8d40f'),(6,'Roberto','Gonzalez','roberto.gonzalez@baumcontrol.es','ACTIVADA',NULL,'$2y$10$1S9Kz9THK3pKmHowZvrg5uMJKRTQBiE7qjv7viH08qFFwzRtcxZsC',NULL,NULL,NULL,NULL,NULL,NULL,'2022-12-01 14:28:38','2022-12-22 15:33:52',NULL,NULL,1,3,'98ccfa062c728dd731a10210ed84b516'),(7,'Alberto','Abadía','alberto.abadia@baumcontrol.es','ACTIVADA',NULL,'$2y$10$gRNm3he6jXTNRt/f9y9HUOLyiuz90JpJNmE5aO636vkp1KCqPRxMq',NULL,NULL,NULL,NULL,NULL,NULL,'2022-12-01 14:29:16','2022-12-22 15:33:07',NULL,NULL,1,3,'b90015e1fd732048d5a117c691d72801'),(8,'Rafael','Gallardo','rafael.gallardo@baumcontrol.es','ACTIVADA',NULL,'$2y$10$jtSOhs.lvWxpTcpw.z2kyupIJp45z5lRjvHtOc4wTN/Lh9uIAdej6',NULL,NULL,NULL,NULL,NULL,NULL,'2022-12-12 07:55:53','2022-12-22 15:33:48',NULL,NULL,1,3,'d9723586468138ddaa135a465d36eb86'),(9,'Víctor','Pérez','victor.perez@baumcontrol.es','NO ACTIVADA',NULL,'$2y$10$d/cZAlE6LCXsNo0TTbjF7uv9JjfUJTMqvzMe5zOdWxOJkzXKutmXu',NULL,NULL,NULL,NULL,NULL,NULL,'2022-12-12 07:57:43','2023-03-22 16:18:48',NULL,NULL,1,3,NULL),(10,'Juan Manuel','Molina','juanmanuel.molina@baumcontrol.es','ACTIVADA',NULL,'$2y$10$/HFSO853rFAxDJHXjpqqd.ciG97PL75/z/xDM5A8qzLjRO.dSnDrS',NULL,NULL,NULL,NULL,NULL,NULL,'2022-12-12 07:58:36','2022-12-22 15:34:01',NULL,NULL,1,3,'3601e1d7016f268246610558bed675b5'),(11,'Carlos','Fernandez','carlos.fernandez@baumcontrol.es','ACTIVADA',NULL,'$2y$10$uxLnLEulqmnnKK/0ZnfzmOuLl7yC6n/Tqjmx86XY0/oZPJv9/Ppke',NULL,NULL,NULL,NULL,NULL,NULL,'2022-12-12 07:59:14','2023-03-22 16:30:32',NULL,NULL,1,3,'2acfccdf9228209f8a1fb400fd73a473'),(12,'Gabriel','Schiro','instalaciones@baumcontrol.es','ACTIVADA',NULL,'$2y$10$EaqD4y4HlzMc7agZWZnQwOBuRRFyARoS3DOZNSVH1uHOss2Doo5ja',NULL,NULL,NULL,NULL,NULL,NULL,'2022-12-12 07:59:45','2022-12-22 15:34:27',NULL,NULL,1,3,'04cb57f85ea0c6248dd752f1017a886e'),(13,'Víctor','Ruiz','victor.ruiz@baumcontrol.es','ACTIVADA',NULL,'$2y$10$GgpXqNnJEQLHbQKjH7hqMO3g4hHa2Dqg1n3uJm6KagzRqrFlvp4ze',NULL,NULL,NULL,NULL,NULL,NULL,'2022-12-12 08:00:14','2023-03-22 16:18:42',NULL,NULL,1,3,'2cfbf37b39e5898ee7b73fcee6cc0532'),(14,'Joseth','Luyo','joseth.luyo@baumcontrol.es','NO ACTIVADA',NULL,'$2y$10$0w3EActDI02uDEnmEVvm4.3Oet70al20CzXMO4ylSqq0l2dvCY1JC',NULL,NULL,NULL,NULL,NULL,NULL,'2022-12-12 08:00:48','2022-12-22 15:33:56',NULL,NULL,1,3,NULL),(15,'Marta','Anguita','marta.anguita@baumcontrol.es','ACTIVADA',NULL,'$2y$10$wYHSEDcBbP5vTgoqhxehvOzJILz4NCe1gUys1P89sUvqJW1VIiRPe',NULL,NULL,NULL,NULL,NULL,NULL,'2022-12-12 08:01:24','2022-12-22 15:33:03',NULL,NULL,1,2,'65f4d71a59ddba3b767dbf56fd0a10b5'),(16,'Javier','Ordoñez','s_javier.ordonez@baumcontrol.es','ACTIVADA',NULL,'$2y$10$fDnFGGN.sWRktsr6gh0MxOG1a9HJzKueZL4lBqkIvy0Fb6oEGRIoC',NULL,NULL,NULL,NULL,NULL,NULL,'2022-12-12 08:03:25','2022-12-22 15:34:08',NULL,NULL,1,2,'c5907b403aeaddbd1a20e58318aa2cc3'),(17,'David','Sanchez','david.sanchez@baumcontrol.es','ACTIVADA',NULL,'$2y$10$hU9cYSrbbtyWTBgBC2aaZuxLp4xDyjPzdjdSxaB8V9JPTDpEBc06W',NULL,NULL,NULL,NULL,NULL,NULL,'2022-12-13 16:02:57','2022-12-22 15:34:23',NULL,NULL,1,3,'9343071a95bd7814e723bfcf2c02049c'),(18,'Donovan','Tupiza Ayala','donovan@mail.es','ACTIVADA',NULL,'$2y$10$OgXu5sIJxtgWInJrkG70vODQ4or31BnBmJQLAk8vo7Srk9KuljWvi',NULL,NULL,NULL,NULL,NULL,NULL,'2022-12-15 08:37:06','2022-12-22 15:34:32',NULL,NULL,1,3,NULL),(19,'Eva','Juez','eva.juez@baumcontrol.es','ACTIVADA',NULL,'$2y$10$OiBRxeYE.qKkYH0LVF9H/O5NdpsVLJPZLIG5w9zL8ygsIuaLgzc1m',NULL,NULL,NULL,NULL,NULL,NULL,'2023-01-26 12:02:08','2023-01-26 16:15:45',NULL,NULL,3,3,'3914ae65aa21c18a7a4a33a6afa028fa'),(20,'Miguel Angel','Cabezas','miguelangel.cabezas@baumcontrol.es','ACTIVADA',NULL,'$2y$10$.KAva6XihDx3NZyTE5kScem5Mo.FW.bO3Ain8dQKH8tD/ZrIXnp4.',NULL,NULL,NULL,NULL,NULL,NULL,'2023-01-26 12:03:50','2023-01-26 16:16:00',NULL,NULL,3,3,'da850b45eb9b12042a9bf83beb54ac3c'),(21,'Jose Luis','Gonzalez','joseluis.gonzalez@baumcontrol.es','ACTIVADA',NULL,'$2y$10$ZH2wZah5.Yw7N102t0jztOEIdbZPSC6Jqu7v.FVpza5M.fWlMiYJm',NULL,NULL,NULL,NULL,NULL,NULL,'2023-02-03 07:08:00','2023-03-22 16:07:39',NULL,NULL,1,2,'996472186bfd28e5e63918cbbbbf54ea'),(22,'Daniel','Garcia','daniel.garcia@baumcontrol.es','ACTIVADA',NULL,'$2y$10$C9yp3GyjLyKGcRftvabkI.2HN0XWYef4hX9ruqIic/V9QTMSWRQZm',NULL,NULL,NULL,NULL,NULL,NULL,'2023-04-26 08:17:09','2023-04-26 08:17:09',NULL,NULL,1,3,NULL),(23,'Jonathan','Cartwright','jonathan.cartwright@baumcontrol.es','ACTIVADA',NULL,'$2y$10$Cnh8bL/.YEHdLlBJr27N0.0azTDy8qDzg0lBLosa44UcmCQiF8I6C',NULL,NULL,NULL,NULL,NULL,NULL,'2023-04-26 08:18:10','2023-04-26 08:18:10',NULL,NULL,1,3,NULL),(24,'Jordan','Fernandez Herrera','jordan.fernandez@baumcontrol.es','ACTIVADA',NULL,'546690a310d00b37719e3e31abd2cca3',NULL,NULL,NULL,NULL,NULL,NULL,'2023-05-22 07:18:25',NULL,NULL,NULL,1,3,'546690a310d00b37719e3e31abd2cca3');
/*!40000 ALTER TABLE `users` ENABLE KEYS */;
UNLOCK TABLES;

--
-- Temporary view structure for view `view_horasextracompensacion`
--

DROP TABLE IF EXISTS `view_horasextracompensacion`;
/*!50001 DROP VIEW IF EXISTS `view_horasextracompensacion`*/;
SET @saved_cs_client     = @@character_set_client;
/*!50503 SET character_set_client = utf8mb4 */;
/*!50001 CREATE VIEW `view_horasextracompensacion` AS SELECT 
 1 AS `Usuarios`,
 1 AS `Horas Excepciones`*/;
SET character_set_client = @saved_cs_client;

--
-- Temporary view structure for view `view_hours_extra`
--

DROP TABLE IF EXISTS `view_hours_extra`;
/*!50001 DROP VIEW IF EXISTS `view_hours_extra`*/;
SET @saved_cs_client     = @@character_set_client;
/*!50503 SET character_set_client = utf8mb4 */;
/*!50001 CREATE VIEW `view_hours_extra` AS SELECT 
 1 AS `Usuarios`,
 1 AS `Horas Obras`*/;
SET character_set_client = @saved_cs_client;

--
-- Temporary view structure for view `view_hoursexc_total`
--

DROP TABLE IF EXISTS `view_hoursexc_total`;
/*!50001 DROP VIEW IF EXISTS `view_hoursexc_total`*/;
SET @saved_cs_client     = @@character_set_client;
/*!50503 SET character_set_client = utf8mb4 */;
/*!50001 CREATE VIEW `view_hoursexc_total` AS SELECT 
 1 AS `Usuarios`,
 1 AS `Horas Excepciones`*/;
SET character_set_client = @saved_cs_client;

--
-- Temporary view structure for view `view_houtstotal`
--

DROP TABLE IF EXISTS `view_houtstotal`;
/*!50001 DROP VIEW IF EXISTS `view_houtstotal`*/;
SET @saved_cs_client     = @@character_set_client;
/*!50503 SET character_set_client = utf8mb4 */;
/*!50001 CREATE VIEW `view_houtstotal` AS SELECT 
 1 AS `Usuarios`,
 1 AS `Horas Obras`*/;
SET character_set_client = @saved_cs_client;

--
-- Table structure for table `works`
--

DROP TABLE IF EXISTS `works`;
/*!40101 SET @saved_cs_client     = @@character_set_client */;
/*!50503 SET character_set_client = utf8mb4 */;
CREATE TABLE `works` (
  `id` bigint unsigned NOT NULL AUTO_INCREMENT,
  `code` varchar(255) COLLATE utf8mb4_unicode_ci NOT NULL,
  `name` varchar(255) COLLATE utf8mb4_unicode_ci NOT NULL,
  `km_total` double(8,2) DEFAULT NULL,
  `hour_total` double(8,2) DEFAULT NULL,
  `created_at` timestamp NULL DEFAULT NULL,
  `updated_at` timestamp NULL DEFAULT NULL,
  `user_id` bigint unsigned DEFAULT NULL,
  PRIMARY KEY (`id`),
  KEY `user_id` (`user_id`),
  CONSTRAINT `works_ibfk_1` FOREIGN KEY (`user_id`) REFERENCES `users` (`id`),
  CONSTRAINT `works_ibfk_2` FOREIGN KEY (`user_id`) REFERENCES `users` (`id`)
) ENGINE=InnoDB AUTO_INCREMENT=313 DEFAULT CHARSET=utf8mb4 COLLATE=utf8mb4_unicode_ci;
/*!40101 SET character_set_client = @saved_cs_client */;

--
-- Dumping data for table `works`
--

LOCK TABLES `works` WRITE;
/*!40000 ALTER TABLE `works` DISABLE KEYS */;
INSERT INTO `works` VALUES (3,'O22001','EPGASA Migración control Leonardo da Vinci',NULL,NULL,'2022-12-02 10:40:09','2022-12-02 10:42:16',NULL),(4,'O22002','CONSTRUCIA Ikea Fase 2',NULL,NULL,'2022-12-02 10:42:02','2022-12-23 08:45:26',3),(5,'O22003','SERANCO Centro de Especialidades Hospital La Princesa',NULL,NULL,'2022-12-05 14:41:50','2022-12-05 14:41:50',NULL),(6,'O22004','DANMUR LM Plasencia',NULL,NULL,'2022-12-05 14:42:26','2022-12-05 14:42:26',NULL),(7,'O22005','BDE Pliego Banco de España',NULL,NULL,'2022-12-05 14:42:52','2022-12-23 08:37:25',3),(8,'O22006','CADBE Ampliación 36 termostatos',NULL,NULL,'2022-12-05 14:43:22','2022-12-23 09:01:18',3),(9,'O22007','INGESAN Puesta en marcha C2IA CSIC Alcalá',NULL,NULL,'2022-12-05 14:44:10','2022-12-29 07:24:39',3),(10,'O22008','VIAS Instituto Carlos III Majadahonda',NULL,NULL,'2022-12-05 14:44:48','2023-03-22 16:48:02',21),(11,'O22009','LLANOS LM Alcobendas',NULL,NULL,'2022-12-05 14:45:23','2022-12-05 14:45:23',NULL),(12,'O22010','LEROY MERLIN LM Talavera',NULL,NULL,'2022-12-05 14:45:51','2022-12-05 14:45:51',NULL),(13,'O22011','ACCIONA Centro Cívico la Vaguada',NULL,NULL,'2022-12-05 14:46:22','2022-12-23 10:41:47',15),(14,'O22012','ACCIONA  Biblioteca García Márquez',NULL,NULL,'2022-12-05 14:46:54','2022-12-23 10:41:51',15),(15,'O22013','IESE  16 sondas CO2 instalación y programación',NULL,NULL,'2022-12-05 14:47:31','2023-02-02 17:19:47',3),(16,'O22014','FULTON Teatro Fernán Gómez',NULL,NULL,'2022-12-05 14:47:55','2022-12-23 10:42:06',16),(17,'O22015','M&E 36 Viviendas Cañaveral',NULL,NULL,'2022-12-05 14:48:19','2023-03-22 16:48:15',21),(18,'O22016','M&E 120 Viviendas Cañaveral',NULL,NULL,'2022-12-05 14:48:37','2023-03-22 16:48:29',21),(19,'O22017','CBRE Castellana 18 actualización desigo CC',NULL,NULL,'2022-12-05 14:49:10','2022-12-23 10:42:30',16),(20,'O22018','HONEYWELL Puesta en marcha Correos',NULL,NULL,'2022-12-05 14:49:31','2022-12-23 10:42:46',3),(21,'O22019','3M Migración desigo CC y cambio controlador',NULL,NULL,'2022-12-05 14:50:10','2022-12-23 10:43:07',16),(22,'O22020','HONEYWELL Puesta en marcha Pfizer',NULL,NULL,'2022-12-05 14:53:02','2022-12-23 08:45:52',3),(23,'O22021','RTVE Sondas CO2',NULL,NULL,'2022-12-05 14:53:27','2022-12-23 10:43:28',16),(24,'O22022','ACCIONA  CDM La Masó',NULL,NULL,'2022-12-05 14:53:59','2022-12-23 09:02:12',15),(25,'O22023','SODEXO Integración contadores Tetrapack',NULL,NULL,'2022-12-05 14:54:41','2022-12-23 10:46:32',16),(26,'O22024','ADMON ESTADO TGSS Almería',NULL,NULL,'2022-12-05 14:55:10','2022-12-23 10:43:42',16),(27,'O22025','TDI  Castellana 232',NULL,NULL,'2022-12-05 14:55:35','2022-12-23 10:43:52',16),(28,'O22026','DANMUR  LM Nigran',NULL,NULL,'2022-12-05 14:56:02','2022-12-23 10:43:58',15),(29,'O22027','SESCAM Hospital Alcazar San Juan',NULL,NULL,'2022-12-05 14:56:20','2022-12-23 09:01:52',15),(30,'O22028','AEAT Cataluña Fancoils',NULL,NULL,'2022-12-05 14:56:50','2022-12-23 10:46:48',16),(31,'O22029','MAETEL Universidad Complutense Madrid',NULL,NULL,'2022-12-05 14:57:31','2022-12-23 10:46:54',15),(32,'O22030','DANMUR LM Bilbondo',NULL,NULL,'2022-12-05 14:57:52','2022-12-23 09:05:57',15),(33,'O22032','GESTIONA Unidad de madres Jaime Garralda CIS Victoria',NULL,NULL,'2022-12-05 14:58:27','2022-12-23 10:47:05',15),(34,'O22031','CADBE Integración fancois Planta 2º módulos 1,2,3',NULL,NULL,'2022-12-05 14:59:39','2022-12-23 08:45:03',3),(35,'O22033','MINTEC IKEA Torrejón',NULL,NULL,'2022-12-05 14:59:59','2022-12-23 10:47:13',15),(36,'O21038','SEGMAN Control Fancoils',NULL,NULL,'2022-12-12 07:36:40','2022-12-12 07:36:40',NULL),(37,'O21037','ISS Unidad Editorial Programacion KNX',NULL,NULL,'2022-12-12 07:37:15','2022-12-12 07:37:15',NULL),(38,'O21036','LLANO LM Lugo',NULL,NULL,'2022-12-12 07:37:44','2022-12-12 07:37:44',NULL),(39,'O21035','LEROY MERLIN LM Nacional 2º fase',NULL,NULL,'2022-12-12 07:38:40','2022-12-12 07:38:40',NULL),(40,'O21034','CONSTRUCIA IKEA Matapiñonera',NULL,NULL,'2022-12-12 07:40:00','2022-12-13 08:26:40',NULL),(41,'O21033','LLANO LM Lugo',NULL,NULL,'2022-12-12 07:40:35','2022-12-12 07:40:35',NULL),(42,'O21032','SEI MONTAJES LM Cuenca',NULL,NULL,'2022-12-12 07:41:13','2022-12-12 07:41:13',NULL),(43,'O21031','SENER Actualizacion BMS',NULL,NULL,'2022-12-12 07:41:41','2022-12-12 07:41:41',NULL),(44,'O21030','LLANO LM Ponferrada',NULL,NULL,'2022-12-12 07:42:00','2022-12-12 07:42:00',NULL),(45,'O21029','COBRA integración RTVE Corona 1 de 3',NULL,NULL,'2022-12-12 07:44:49','2022-12-12 07:44:49',NULL),(46,'O21028','DANMUR Villanueva de la Serena',NULL,NULL,'2022-12-12 07:46:44','2022-12-12 07:46:44',NULL),(47,'O21027','ALCAMPO TELDE Integración cuadro',NULL,NULL,'2022-12-12 07:47:23','2022-12-12 07:47:23',NULL),(54,'M11','RTVE Mantenimiento',NULL,NULL,'2022-12-13 08:28:22','2023-03-22 16:35:36',15),(55,'O22034','DANMUR CDC IKEA FASE 3',NULL,NULL,'2022-12-14 07:18:28','2022-12-23 10:47:19',15),(56,'AP22116','MAETEL  UCM Residencia Profesores. Test de Puntos  ',NULL,NULL,'2022-12-14 07:54:36','2022-12-23 09:05:39',15),(57,'AP22115','ACCIONA  LA MASÓ Suministro Actuadores  ',NULL,NULL,'2022-12-14 07:55:44','2022-12-23 09:03:01',15),(58,'AP22114','SAVEFFI  Sala Calderas CEIP FRANCISCO CARRILLO SS REYES  ',NULL,NULL,'2022-12-14 07:56:42','2022-12-23 10:48:27',15),(59,'AP22113','INGESAN  ANIMALARIO. Programación Cajas  ',NULL,NULL,'2022-12-14 07:57:02','2023-01-20 08:43:12',3),(60,'AP22112','SEI MONTAJES  LM Gijón. Reforma alumbrado y extracción  ',NULL,NULL,'2022-12-14 07:57:17','2023-01-20 08:43:00',2),(61,'AP22111','CADBE  Integración contadores  ',NULL,NULL,'2022-12-14 07:57:34','2023-01-20 08:42:53',3),(62,'AP22110','ISS  Sede ISS Resolución de incidencias tras revisión  ',NULL,NULL,'2022-12-14 07:57:54','2023-01-20 08:42:44',2),(63,'AP22109','LEROY MERLIN  LM Málaga. Proyecto control  ',NULL,NULL,'2022-12-14 07:58:52','2022-12-23 10:38:42',16),(64,'AP22108','ALCAMPO  MADRID RIO. Sustitución controlador  ',NULL,NULL,'2022-12-14 07:59:13','2023-01-20 08:42:34',2),(65,'AP22107','FULTON  Fernán Gómez. Pasarela Daikin  ',NULL,NULL,'2022-12-14 07:59:33','2022-12-14 07:59:33',NULL),(66,'AP22106','LEROY MERLIN  LEROY MERLIN SAGUNTO Mantenimiento Preventivo  ',NULL,NULL,'2022-12-14 07:59:52','2023-01-20 08:42:23',2),(67,'AP22105','HVAC  Universidad Antonio Nebrija. Integración  ',NULL,NULL,'2022-12-14 08:00:10','2023-01-20 08:42:08',2),(68,'AP22104','ACCIONA  Instalacion Electrica La Maso, humectadora  ',NULL,NULL,'2022-12-14 08:00:25','2022-12-14 08:00:25',NULL),(69,'AP22103','FERROVIAL  Salas de Calderas Colegios SSRR  ',NULL,NULL,'2022-12-14 08:00:41','2022-12-23 10:47:42',15),(70,'AP22102','RTVE  Torrespaña Edif. A Plta. 3ª Oeste Cajas  ',NULL,NULL,'2022-12-14 08:00:57','2022-12-14 08:00:57',NULL),(71,'AP22101','ALCAMPO LA LAGUNA  Reforma Puerta Seguridad  ',NULL,NULL,'2022-12-14 08:01:11','2022-12-14 08:01:11',NULL),(72,'AP22100','FULTON  Ampliacion Teatro Fernán Gómez   ',NULL,NULL,'2022-12-14 08:01:27','2022-12-14 08:01:27',NULL),(73,'AP22099','RTVE  RTVE BILBAO Tarjeta comunicaciones  ',NULL,NULL,'2022-12-14 08:01:41','2022-12-14 08:01:41',NULL),(74,'AP22098','UAM  Reparacion Comunicaciones Plaza Mayor  ',NULL,NULL,'2022-12-14 08:01:59','2022-12-14 08:01:59',NULL),(75,'AP22097','VIVENDIO  Congreso de los Diputados Integración humectadores Guardería  ',NULL,NULL,'2022-12-14 08:02:18','2022-12-14 08:02:18',NULL),(76,'AP22096','HVAC  SAT- Visita Universidad Nebrija  ',NULL,NULL,'2022-12-14 08:02:57','2022-12-14 08:03:22',NULL),(77,'AP22095','LEROY MERLIN  Leroy Merlin Sagunto Suministro controlador IQ4E Averiado  ',NULL,NULL,'2022-12-14 08:03:13','2022-12-23 10:38:33',16),(78,'AP22094','ACCIONA  VAGUADA. Información METASYS  ',NULL,NULL,'2022-12-14 08:03:40','2022-12-14 08:03:40',NULL),(79,'AP22093','LEROY MERLIN  Leroy Merlin Castellón Integración de video-wall  ',NULL,NULL,'2022-12-14 08:03:57','2022-12-23 10:38:26',16),(80,'AP22092','SACYR  Escuela Infantil El Fresno SAT incidencias SIAV  ',NULL,NULL,'2022-12-14 08:04:19','2022-12-14 08:04:19',NULL),(81,'AP22091','LEROY MERLIN  Leroy Merlin Lepe Sustitución controlador averiado  ',NULL,NULL,'2022-12-14 08:04:35','2022-12-23 10:38:18',16),(82,'AP22090','CBRE  DB C18 SATs Verano 2022 y reforma cuadros de cubierta ',NULL,NULL,'2022-12-14 08:04:53','2022-12-14 08:04:53',NULL),(83,'AP22089','VALTRIA  ITAI PHARMA Conexión humectadores  ',NULL,NULL,'2022-12-14 08:05:22','2022-12-14 08:05:22',NULL),(84,'AP22088','Hotel Aloft  Pruebas para mejora de comunicaciones  ',NULL,NULL,'2022-12-14 08:05:39','2023-01-09 17:00:50',3),(85,'AP22087','ENGIE  Ifema. Réplica en 963 Pabellón 5.1  ',NULL,NULL,'2022-12-14 08:05:59','2022-12-14 08:05:59',NULL),(86,'AP22086','ALCAMPO LA LAGUNA  Restauración Desigo y Proyecto  ',NULL,NULL,'2022-12-14 08:06:17','2023-02-07 16:08:42',16),(87,'AP22085','FREMAP  Poeta Joan Maragall. Resonancia. Integración Enfriadora  ',NULL,NULL,'2022-12-14 08:20:44','2023-02-12 19:08:37',16),(88,'AP22084','INTEGRA  Jardines Cecilio Suministro e instalación material  ',NULL,NULL,'2022-12-14 08:21:02','2022-12-14 08:21:02',NULL),(89,'AP22083','LEROY MERLIN  SAT LM Aranjuez. Problema de comunicación.  OT -POR MNTO  ',NULL,NULL,'2022-12-14 08:21:30','2022-12-23 10:38:11',16),(90,'AP22082','LEROY MERLIN  SAT LM Santiago  ',NULL,NULL,'2022-12-14 08:21:44','2022-12-23 10:38:06',16),(91,'AP22081','INGESAN  Animalario Módulos E/S CC03  ',NULL,NULL,'2022-12-14 08:21:59','2022-12-14 08:22:07',NULL),(92,'AP22080','LEROY MERLIN  LM Rozas, dividir circuito CARPA  ',NULL,NULL,'2022-12-14 08:22:21','2022-12-23 10:38:01',16),(93,'AP22079','SEGMAN  ENDESA. Material SIEMENS para pruebas',NULL,NULL,'2022-12-14 08:22:42','2022-12-14 08:22:42',NULL),(94,'AP22078    ','LEROY MERLIN  LM Lepe. Suministro controlador',NULL,NULL,'2022-12-14 08:23:01','2022-12-23 10:37:55',16),(95,'AP22077','LEROY MERLIN  LM Zamora. Nuevos horarios  ',NULL,NULL,'2022-12-14 08:23:15','2022-12-23 10:37:49',16),(96,'AP22076','RTVE  Conexión Fancoils Gabinete de Prensa  ',NULL,NULL,'2022-12-14 08:24:00','2022-12-14 08:24:00',NULL),(97,'AP22075','LEROY MERLIN  LM Castellón. Cambio de Ips  ',NULL,NULL,'2022-12-14 08:24:40','2022-12-23 10:37:45',16),(98,'AP22074','SACYR  Escuela Gloria Fuertes. Schneider  ',NULL,NULL,'2022-12-14 08:24:53','2022-12-14 08:24:53',NULL),(99,'AP22073','LEROY MERLIN  Leroy Merlin Leganés Sustitución módulos 16DI averiados  ',NULL,NULL,'2022-12-14 08:25:12','2022-12-23 10:37:39',16),(100,'AP22072','ALCAMPO S.A.  Trabajos tras Revisión Enero 2022  ',NULL,NULL,'2022-12-14 08:25:30','2022-12-14 08:25:30',NULL),(101,'AP22071','INELT  Laboratorios LEBSA Reparación controlador en fallo  ',NULL,NULL,'2022-12-14 08:25:47','2022-12-14 08:25:47',NULL),(102,'AP22070','LLANO  LM Alcobendas. Ampliación cuadro servicorte   ',NULL,NULL,'2022-12-14 08:26:02','2022-12-14 08:26:02',NULL),(103,'AP22069','LEROY MERLIN  Leroy Merlin Mijas SAT Sonda exterior + conexión GE  ',NULL,NULL,'2022-12-14 08:26:17','2022-12-23 10:37:34',16),(104,'AP22068','SORIGUE  Estadio Vallehermoso Rearación PC Puesto central  ',NULL,NULL,'2022-12-14 08:26:41','2022-12-14 08:26:41',NULL),(105,'AP22067  ','AYTO VITORIA  Redacción Pliego SCADA Palacio  ',NULL,NULL,'2022-12-14 08:26:54','2022-12-14 08:26:54',NULL),(106,'AP22066  ','LEROY MERLIN  Leroy Merlin Llica D\'Amunt SAT Avería Sistema de Control  ',NULL,NULL,'2022-12-14 08:27:08','2022-12-23 10:37:30',16),(107,'AP22065','SACYR  Revisión de Escuela Gloria Fuertes. Schneider  ',NULL,NULL,'2022-12-14 08:27:24','2022-12-14 08:27:24',NULL),(108,'AP22064','LLANO  LM Alcobendas. Recableado 9 maniobras  ',NULL,NULL,'2022-12-14 08:27:39','2022-12-14 08:27:39',NULL),(109,'AP22063','LLANO  LM SSRR. Integración 2 RoofTop  (cambio de 2 existentes)  ',NULL,NULL,'2022-12-14 08:28:01','2023-02-07 16:03:00',3),(110,'AP22061','SEGMAN  Endesa. Ampliación Despachos  ',NULL,NULL,'2022-12-14 08:28:18','2022-12-23 10:40:51',3),(111,'AP22060','SEGMAN  Endesa. Ampliación Planta 0  ',NULL,NULL,'2022-12-14 08:28:33','2022-12-23 10:40:46',3),(112,'AP22059','CBRE  C18. Suministro e instalación contador  ',NULL,NULL,'2022-12-14 08:28:53','2023-02-07 16:02:51',16),(113,'AP22058','LEROY MERLIN  LM Badajoz SAT Avería comunicaciones  ',NULL,NULL,'2022-12-14 08:29:08','2022-12-23 10:37:26',16),(114,'AP22057','SACYR  Escuela Fuencarral ArroyoFresno3. Resolución incidencias  ',NULL,NULL,'2022-12-14 08:29:24','2022-12-23 10:40:32',3),(115,'AP22056','SACYR  Escuela Montecarmelo. Resolución incidencias  ',NULL,NULL,'2022-12-14 08:29:42','2022-12-23 08:44:40',3),(116,'AP22055','LEROY MERLIN  Leroy Merlin Torija Ampliación señales de control. M/P + 2 estados + SAT 31/05/2022  ',NULL,NULL,'2022-12-14 08:29:58','2022-12-23 10:37:21',16),(117,'AP22054','SERVEO SERVICIOS  3M. Suministro sondas  ',NULL,NULL,'2022-12-14 08:30:25','2023-02-03 09:32:16',2),(118,'AP22053','RTVE  RNE. Puesta en marcha sala de Máquinas  ',NULL,NULL,'2022-12-14 08:30:40','2022-12-23 10:40:14',15),(119,'AP22052','LEROY MERLIN  LM Las Rozas. Integración de Carpa  ',NULL,NULL,'2022-12-14 08:30:56','2022-12-23 10:37:09',16),(120,'AP22051','Hotel ALOFT Gran Via  Resolucion incidencias Trend  ',NULL,NULL,'2022-12-14 08:31:12','2022-12-23 10:40:01',3),(121,'AP22050','CADBE  Recableado de 1 termostato  ',NULL,NULL,'2022-12-14 08:31:30','2022-12-23 10:39:55',3),(122,'SAT22046  ','RTVE  SAT Toledo  ',NULL,NULL,'2022-12-14 08:31:47','2022-12-14 08:31:47',NULL),(123,'SAT22045','ISS  SAT SEDE ISS 02122022  ',NULL,NULL,'2022-12-14 08:32:02','2023-01-20 09:08:13',2),(124,'SAT22044','Alliance Inversiones 2014 SL  SAT Hotel Aloft 30/11/2022  ',NULL,NULL,'2022-12-14 08:32:23','2023-02-07 16:02:01',16),(125,'SAT22043','CLECE  SAT Presencial Univ. Albacete Fac. Medicina  ',NULL,NULL,'2022-12-14 08:32:37','2023-02-07 16:01:50',16),(126,'SAT22042','RTVE  SAT RTVE Oviedo  ',NULL,NULL,'2022-12-14 08:32:48','2023-02-02 17:21:05',2),(127,'SAT22041  ','RTVE  SAT RTVE Las Palmas  ',NULL,NULL,'2022-12-14 08:33:12','2023-02-02 17:20:57',2),(128,'SAT22040','FULTON  SAT 2 Guarderías Madrid  ',NULL,NULL,'2022-12-14 08:33:26','2023-01-20 09:07:31',2),(129,'SAT22039','ACCIONA  SAT LA VAGUADA 25112022  ',NULL,NULL,'2022-12-14 08:33:46','2023-01-20 09:07:47',15),(130,'SAT22038  ','CLECE  Teleasistencia Univ. Albacete Fac. Medicina  ',NULL,NULL,'2022-12-14 08:34:01','2023-02-02 17:20:41',2),(131,'SAT22037  ','MINACA  SAT 2 DIAS EN IESE  ',NULL,NULL,'2022-12-14 08:34:43','2023-01-20 09:08:00',2),(132,'SAT22036','SISTEM  ADIF CUENCA SAT Avería   ',NULL,NULL,'2022-12-14 08:34:58','2023-02-02 17:20:31',2),(133,'SAT22035  ','Alliance Inversiones 2014 SL  SAT Hotel Aloft 22/11/2022  ',NULL,NULL,'2022-12-14 08:35:09','2022-12-14 08:35:09',NULL),(134,'SAT22034  ','SERVIMAN  SAT CP Calle Fresneda 12-14 Guadalajara - Trend  ',NULL,NULL,'2022-12-14 08:35:25','2022-12-14 08:35:25',NULL),(135,'SAT22033  ','ALCAMPO  Alcampo La Vega SAT 14-11-2022  ',NULL,NULL,'2022-12-14 08:35:40','2022-12-14 08:35:40',NULL),(136,'SAT22032  ','COMSA  SAT ADIF Paseo del Rey 32 (4+2 h)  ',NULL,NULL,'2022-12-14 08:35:59','2022-12-14 08:35:59',NULL),(137,'SAT22031','ALCAMPO  ALCAMPO MADRID RIO SAT  ',NULL,NULL,'2022-12-14 08:36:18','2022-12-14 08:36:18',NULL),(138,'SAT22030  ','SORIGUE  SAT Estadio Vallehermoso  ',NULL,NULL,'2022-12-14 08:36:31','2022-12-14 08:36:31',NULL),(139,'SAT22029','REVENGA  SAT Agreda  ',NULL,NULL,'2022-12-14 08:36:47','2022-12-14 08:36:47',NULL),(140,'SAT22028','ACIERTA  SAT. Trend. Centro Deportivo Municipal Pradillo. En la calle Pradillo, 33  ',NULL,NULL,'2022-12-14 08:37:05','2022-12-14 08:37:05',NULL),(141,'SAT22027 ','RTVE  INSTALACIÓN CONTROL FANCOILS EPR  ',NULL,NULL,'2022-12-14 08:37:21','2022-12-14 08:37:21',NULL),(142,'SAT22026  ','CBRE  DB C18 SAT termostatos del sistema de VRV en la zona de Tesorería  ',NULL,NULL,'2022-12-14 08:37:55','2022-12-14 08:37:55',NULL),(143,'SAT22025  ','ZARAGOZA URBANA  SAT Hotel Playa Victoria  ',NULL,NULL,'2022-12-14 08:38:10','2022-12-14 08:38:10',NULL),(144,'SAT22024','CADBE  SAT Teleasistencia  ',NULL,NULL,'2022-12-14 08:38:22','2022-12-14 08:38:22',NULL),(145,'SAT22023','LEROY MERLIN  Leroy Merlin Sant Boi Mantenimiento Preventivo  ',NULL,NULL,'2022-12-14 08:38:34','2022-12-23 10:39:38',16),(146,'SAT22022  ','CBRE  DB C18 SAT 16092022  ',NULL,NULL,'2022-12-14 08:38:45','2022-12-14 08:38:45',NULL),(147,'SAT22021','LEROY MERLIN  Leroy Merlin BCN Centro Mantenimiento Preventivo  ',NULL,NULL,'2022-12-14 08:39:01','2022-12-23 10:39:34',16),(148,'SAT22020  ','LEROY MERLIN  Leroy Merlin Sant Cugat Mantenimiento Preventivo  ',NULL,NULL,'2022-12-14 08:39:12','2022-12-23 10:39:30',16),(149,'SAT22019','COLEGIO DA VINCI  SAT controlador averiado  ',NULL,NULL,'2022-12-14 08:39:26','2022-12-14 08:39:26',NULL),(150,'SAT22018  ','FULTON  Rivas Vaciamadrid. SAT Horarios  ',NULL,NULL,'2022-12-14 08:39:39','2022-12-14 08:39:39',NULL),(151,'SAT22017','C.C. EL FERIAL  Centro Comercial El Ferial SAT 19012022  ',NULL,NULL,'2022-12-14 08:39:53','2022-12-14 08:39:53',NULL),(152,'SAT22016','SISTEM  SAT Joaquín Sorolla 16.06.22  ',NULL,NULL,'2022-12-14 08:40:12','2022-12-14 08:40:12',NULL),(153,'SAT22015  ','EOI  Fundación EOI SAT Avería sistema de control  ',NULL,NULL,'2022-12-14 08:40:25','2022-12-14 08:40:25',NULL),(154,'SAT22014  ','SISTEM  ADIF VALENCIA JOAQUIN SOROLLA Avería Sistema de Control  ',NULL,NULL,'2022-12-14 08:40:37','2022-12-14 08:40:37',NULL),(155,'SAT22013  ','RTVE  SAT Mérida  ',NULL,NULL,'2022-12-14 08:40:50','2022-12-14 08:40:50',NULL),(156,'SAT22012 ','ALCAMPO S.A.    ',NULL,NULL,'2022-12-14 08:41:05','2022-12-14 08:41:05',NULL),(157,'SAT22011','GESTIONA  SAT IMDEA MATERIALES  ',NULL,NULL,'2022-12-14 08:41:33','2022-12-14 08:41:33',NULL),(158,'SAT22010  ','VECUSA  SAT CALLE OCEANIA  ',NULL,NULL,'2022-12-14 08:41:46','2022-12-14 08:41:46',NULL),(159,'SAT22009','NORVO  Tele - SAT Residencia Granada  ',NULL,NULL,'2022-12-14 08:42:10','2022-12-14 08:42:10',NULL),(160,'SAT22008','PJ España  PJ SAT Nave Alcalá  ',NULL,NULL,'2022-12-14 08:42:27','2022-12-14 08:42:27',NULL),(161,'SAT22007','ALCAMPO LA LAGUNA  ALCAMPO LA LAGUNA SAT - 27/05/2022  ',NULL,NULL,'2022-12-14 08:42:41','2022-12-14 08:42:41',NULL),(162,'SAT22006','VECUSA  SAT CALLE GANDHI ALCORCÓN  ',NULL,NULL,'2022-12-14 08:42:54','2022-12-14 08:42:54',NULL),(163,'SAT22005','REVENGA  SAT 28/04/22 Hospitalet   ',NULL,NULL,'2022-12-14 08:43:08','2022-12-14 08:43:08',NULL),(164,'SAT22004','CBRE  Bank of America. SAT  ',NULL,NULL,'2022-12-14 08:43:25','2022-12-14 08:43:25',NULL),(165,'SAT22003','RTVE  SAT RTVE Murcia  ',NULL,NULL,'2022-12-14 08:43:41','2022-12-14 08:43:41',NULL),(166,'SAT22002','ISS  SAT Obenque enero-Feb 2022  ',NULL,NULL,'2022-12-14 08:43:56','2022-12-14 08:43:56',NULL),(167,'SAT22001','SODEXO  SAT Tetrapack  ',NULL,NULL,'2022-12-14 08:44:20','2022-12-14 08:44:20',NULL),(168,'M89','ENAIRE Mantenimiento del Sistema de Gestión de Climatización de los Edificios ACC Madrid y ESCNA',NULL,NULL,'2022-12-14 08:44:42','2023-04-20 10:18:07',15),(169,'M88','Mantenimiento AEAT Córdoba - 2 años',NULL,NULL,'2022-12-14 08:45:17','2023-04-20 10:21:05',15),(170,'M87','Mantenimiento Estadio Vallehermoso - TREND',NULL,NULL,'2022-12-14 08:45:33','2023-04-20 10:20:59',15),(171,'M86','Mantenimiento Jardines Cecilio RodrÍguez',NULL,NULL,'2022-12-14 08:45:58','2023-04-20 10:20:50',15),(172,'M85','Commisioning y Mejoras Energeticas C/ Sacramento 1,3 y 5',NULL,NULL,'2022-12-14 08:46:08','2023-04-20 10:20:44',15),(173,'M84','CARNICAS TELLO. Toledo',NULL,NULL,'2022-12-14 08:46:37','2023-04-20 10:20:37',15),(174,'M83','Mantenimiento por 1 año - prorrogable a 2 más, en total 3',NULL,NULL,'2022-12-14 08:46:48','2023-04-20 10:20:26',15),(175,'M82','Mantenimiento Laboratorio ITAI Pharma',NULL,NULL,'2022-12-14 08:47:01','2023-04-20 10:20:19',15),(176,'M81','Mantenimiento. Calle Mariano Fortuny, 2 - RIVAS',NULL,NULL,'2022-12-14 08:47:15','2023-04-20 10:17:53',15),(177,'M80','Mantenimiento TRAGSA. C/ Conde de Peñalver 84 y C/ Maldonado 58 ',NULL,NULL,'2022-12-14 08:47:27','2023-04-20 10:20:11',15),(178,'M79','Hotel Aloft Gran Via',NULL,NULL,'2022-12-14 08:47:41','2023-04-20 10:19:55',15),(179,'M78','Mantenimiento  IMDEA ALIMENTACION',NULL,NULL,'2022-12-14 08:47:51','2023-04-20 10:19:44',15),(180,'M77','Mantenimiento Helios',NULL,NULL,'2022-12-14 08:48:03','2023-04-20 10:19:37',15),(181,'M76','Mantenimiento Residencia Comandante Franco 6',NULL,NULL,'2022-12-14 08:48:17','2023-04-20 10:19:29',15),(182,'M75','Mantenimiento Sistema de Control Sede Porsche',NULL,NULL,'2022-12-14 08:48:32','2023-04-20 10:19:22',15),(183,'M74','Mantenimiento Estaciones Renfe',NULL,NULL,'2022-12-14 08:49:20','2023-04-20 10:19:15',15),(184,'M73','Mantenimiento Velázquez 144',NULL,NULL,'2022-12-14 08:49:43','2023-04-20 10:19:08',15),(185,'M72','Leroy Merlin',NULL,NULL,'2022-12-14 08:50:09','2023-04-20 10:19:01',15),(186,'M71','Mantenimiento Sede Fremap Majadahonda ',NULL,NULL,'2022-12-14 08:50:50','2023-04-20 10:18:32',15),(187,'M70','Mantenimiento Unidad Editorial',NULL,NULL,'2022-12-14 08:51:18','2023-04-20 07:58:52',15),(188,'M67','Mantenimiento  IMDEA MATERIALES',NULL,NULL,'2022-12-14 08:51:48','2023-04-20 10:21:55',15),(189,'M63 ','Mantenimiento BANK OF AMERICA',NULL,NULL,'2022-12-14 08:52:24','2023-04-20 10:22:01',15),(190,'M59','Mantenimiento HOTEL PLAYA VICTORIA',NULL,NULL,'2022-12-14 08:52:52','2023-04-20 10:26:09',15),(191,'M58','Mantenimiento HOTEL ANETO',NULL,NULL,'2022-12-14 08:53:19','2023-04-20 10:26:02',15),(192,'M57','Mantenimiento TETRAPAK',NULL,NULL,'2022-12-14 08:53:39','2023-04-20 10:25:54',15),(193,'M55','Mantenimiento C.C.EL FERIAL',NULL,NULL,'2022-12-14 08:54:02','2023-04-20 10:25:48',15),(194,'M54','Mantenimiento EDIFICIO JOHNSON & JOHNSON',NULL,NULL,'2022-12-14 08:54:38','2023-04-20 10:25:42',15),(195,'M48','Mantenimiento SEDE ISS',NULL,NULL,'2022-12-14 08:55:10','2023-04-20 10:26:54',15),(196,'M43','Mantenimiento  ILUNION SUITES MADRID',NULL,NULL,'2022-12-14 08:55:32','2023-04-20 10:26:47',15),(197,'M42','Mantenimiento Sede BBVA',NULL,NULL,'2022-12-14 08:55:52','2023-04-20 10:26:40',15),(198,'M39','Mantenimiento CNI - EL PARDO',NULL,NULL,'2022-12-14 08:56:10','2023-04-20 10:27:22',15),(199,'M36','Mantenimiento SEDE 3M',NULL,NULL,'2022-12-14 09:13:48','2023-04-20 10:27:15',15),(200,'M30','Mantenimiento EOI',NULL,NULL,'2022-12-14 09:14:09','2023-04-20 10:27:06',15),(201,'M24','Mantenimiento Vivienda  CASTELLON DE LA PLANA',NULL,NULL,'2022-12-14 09:14:56','2023-04-20 10:27:47',15),(202,'M21','Mantenimiento FREMAP CAPITAN HAYA',NULL,NULL,'2022-12-14 09:15:23','2023-04-20 10:27:41',15),(203,'M20','Mantenimiento DEUTSCHE BANK C18',NULL,NULL,'2022-12-14 09:15:45','2023-04-20 10:27:35',15),(204,'M12','Mantenimiento ROBERT BOSCH',NULL,NULL,'2022-12-14 09:16:05','2023-04-20 10:28:10',15),(205,'M05','Mantenimiento HOTEL ALFONSO I',NULL,NULL,'2022-12-14 09:16:29','2023-04-20 10:28:34',15),(206,'M03','Mantenimiento COMPLEJO ARAGONIA',NULL,NULL,'2022-12-14 09:16:50','2023-04-20 10:28:28',15),(207,'AP22117 ','IESE  Programación URLs para Sony  ',NULL,NULL,'2022-12-15 07:19:46','2023-01-20 08:43:27',3),(208,'O22035','Ayto. Alcorcon 21 Colegios',NULL,NULL,'2022-12-23 10:49:25','2022-12-23 10:49:25',15),(210,'AP22118','SORIGUE  Estadio Vallehermoso Subsanación Incidencias tras visita',NULL,NULL,'2022-12-29 10:43:10','2023-01-20 08:43:36',2),(211,'AP22119  ','LEROY MERLIN  Leroy Merlin Las Rozas Integración Exutorios',NULL,NULL,'2022-12-29 10:43:35','2023-01-20 08:15:59',2),(212,'AP22120 ','RTVE  RTVE TORRESPAÑA ( ELECTRICIDAD SIEMENS ) ',NULL,NULL,'2022-12-29 10:45:02','2022-12-29 10:45:02',16),(213,'AP22121  ','ACCIONA  CD La Masó. Integracion humectadora y UTA',NULL,NULL,'2022-12-29 10:45:21','2022-12-29 10:45:21',15),(214,'AP22122   ','ACCIONA  Ampliación CDM La Masó',NULL,NULL,'2022-12-29 10:45:52','2022-12-29 10:45:52',15),(215,'AP22123  ','ACCIONA  Ampliación CDM La Masó',NULL,NULL,'2022-12-29 10:46:49','2022-12-29 10:46:49',15),(216,'SAT22048  ','COMSA  ADIF Paseo del Rey, 32  Comprobaciones de bus',NULL,NULL,'2022-12-29 10:47:37','2022-12-29 10:47:37',16),(217,'SAT22049   ','LEROY MERLIN  Leroy Merlin Las Rozas SAT 23122022',NULL,NULL,'2022-12-29 10:48:13','2023-01-20 09:07:15',2),(218,'SAT22050   ','ALCAMPO LA LAGUNA  SAT Fallo de comunicación semana del 3 de octubre 2022',NULL,NULL,'2022-12-29 10:48:37','2022-12-29 10:48:37',16),(219,'M11E','RTVE Mantenimiento Energía',NULL,NULL,'2022-12-29 11:36:42','2022-12-29 11:36:42',16),(221,'O22036','ADIF - Estación Arévalo, Torrijos...',NULL,NULL,'2023-01-10 08:47:53','2023-03-22 16:49:14',21),(222,'O22037','LEROY MERLIN LM Toledo',NULL,NULL,'2023-01-10 08:48:23','2023-01-10 08:49:40',16),(224,'AP23002   ','FGS  Suministro e instalación Variador',NULL,NULL,'2023-01-20 09:14:38','2023-01-20 09:14:38',2),(225,'AP23003    ','OHL - INGESAN  Animalario Cajas VAV',NULL,NULL,'2023-01-20 09:16:21','2023-01-20 09:16:21',3),(226,'AP23004  ','SERVIMAN  CP Guadalajara. Restablecimiento 963 ',NULL,NULL,'2023-01-20 09:18:37','2023-01-20 09:18:37',2),(227,'AP23005   ','LEROY MERLIN  Leroy Merlin Toledo Cambio Programador CC Oficinas',NULL,NULL,'2023-01-20 09:19:09','2023-01-20 09:19:09',16),(228,'AP23006   ','LEROY MERLIN  Leroy Merlin Toledo Sustitución 3 autómatas Logo',NULL,NULL,'2023-01-20 09:20:21','2023-01-20 09:20:21',16),(229,'AP23007 ','RTVE  Suministro y configuración Daikin ',NULL,NULL,'2023-01-20 09:20:54','2023-01-20 09:20:54',16),(230,'AP23008  ','LLANO  LM ALCORCÓN Integración 2 RoofTop',NULL,NULL,'2023-01-20 09:21:23','2023-01-20 09:21:23',2),(231,'SAT23001  ','LEROY MERLIN  Leroy Merlin Elche SAT Correctiva',NULL,NULL,'2023-01-20 09:22:16','2023-01-20 09:22:16',2),(232,'AP22124','LEROY MERLIN GERONA-FIGUERAS-PLAYA D\'ARO',NULL,NULL,'2023-01-23 12:32:06','2023-01-23 12:32:06',2),(233,'AP22125','LEROY MERLIN VILANOVA-TORTOSA',NULL,NULL,'2023-01-23 12:32:29','2023-01-23 12:32:29',2),(234,'AP22126','LEROY MERLIN SABADEL-VIC-SANT FELIU',NULL,NULL,'2023-01-23 12:33:08','2023-01-23 12:33:08',2),(235,'O23001','Ayuntamiento de Villaquilambre (León) Actualización Desigo CC + mantenimiento',NULL,NULL,'2023-02-10 12:37:52','2023-02-10 12:37:52',16),(236,'AP23018','Torrespaña. Instalacion en sala máquinas',NULL,NULL,'2023-02-13 07:58:02','2023-02-13 07:58:02',2),(237,'SAT23004','SAT J&J 20/02/2023',NULL,NULL,'2023-02-13 07:58:27','2023-02-13 07:58:27',2),(238,'SAT23003','PLASSER Teleasistencia 2 h',NULL,NULL,'2023-02-13 07:58:55','2023-02-13 07:58:55',2),(239,'AP23017','Ministerio de Cultura y Deportes. Reforma de 1 climatizador',NULL,NULL,'2023-02-13 07:59:27','2023-02-13 07:59:27',15),(240,'AP23015','UNIDAD EDITORIAL Modificación Programación',NULL,NULL,'2023-02-13 07:59:53','2023-02-13 07:59:53',2),(241,'AP23014','CNI  Programación nuevos horarios antihielo',NULL,NULL,'2023-02-13 08:01:49','2023-02-13 08:01:49',2),(242,'AP23013','TRAGSA MADRID Relicencia 963 y cambios programación horarios',NULL,NULL,'2023-02-13 08:02:51','2023-02-13 08:02:51',2),(243,'AP23012','DB C18. Integración Mitsubishi en Plantas 3 y 4',NULL,NULL,'2023-02-13 08:03:27','2023-02-13 08:03:27',2),(244,'AP23011','Leroy Merlin Alcalá Mantenimiento Preventivo',NULL,NULL,'2023-02-13 08:03:54','2023-02-13 08:03:54',2),(245,'AP23010','Guardería Osa Menor. Sustitucion de 2  IQ204',NULL,NULL,'2023-02-13 08:04:15','2023-05-03 14:35:48',15),(246,'AP23009','Torrespaña. Edificios A y B. RevisiÓn Instalación eléctrica',NULL,NULL,'2023-02-13 08:04:51','2023-02-13 08:04:51',2),(247,'M90','Museo Tecnológico Alcobendas Mantenimiento Sistema de Control',NULL,NULL,'2023-02-13 08:05:23','2023-04-20 10:21:26',15),(248,'SAT23005','RTVE SAT ROC BORONAT',NULL,NULL,'2023-02-20 12:50:42','2023-04-27 08:04:46',2),(249,'M91','PLASSER IBERICA Mantenimiento Sistema de Control',NULL,NULL,'2023-02-20 12:51:09','2023-04-20 10:21:33',15),(250,'AP23021','RTVE Torrespaña. Reprogramación',NULL,NULL,'2023-02-20 12:52:21','2023-02-20 12:52:21',16),(251,'SAT23010','LM Llica d´Amunt',NULL,NULL,'2023-03-08 16:38:30','2023-03-08 16:38:30',2),(252,'O23002','Leroy Getafe',NULL,NULL,'2023-03-13 11:04:17','2023-03-22 17:20:04',15),(253,'O23003','MAINTENANCE- IES Simone Veil',NULL,NULL,'2023-03-13 11:04:59','2023-03-22 16:49:32',21),(254,'O23004','AEMET - Integración BMS 19 ubicaciones',NULL,NULL,'2023-03-13 11:06:02','2023-03-22 16:49:46',21),(255,'O23005','FERROVIAL - Control en C.P. Calle Azalea',NULL,NULL,'2023-03-13 11:06:52','2023-03-22 16:49:57',21),(256,'O23006','LINEAS Y CABLES- Control en Cuartel Fuentesauco Zamora',NULL,NULL,'2023-03-13 11:07:36','2023-03-22 16:50:11',21),(257,'O23007','FERROVIAL Control Trend 18 edificios Aranjuez',NULL,NULL,'2023-03-27 14:42:44','2023-03-27 14:42:44',21),(258,'SAT23011','CBRE  DB C18 SAT 29032023  ',NULL,NULL,'2023-03-30 07:20:12','2023-04-27 08:04:33',2),(259,'AP23032  ','CBRE  C18 DB Sustitucion controlador Fancoils ',NULL,NULL,'2023-03-30 07:29:57','2023-03-30 07:29:57',15),(260,'AP23031','LEROY MERLIN  LM Castellón. Integración Contador Agua',NULL,NULL,'2023-03-30 07:30:20','2023-03-30 07:30:20',15),(261,'AP23030  ','PLASSER  Equipos averiados tras SAT',NULL,NULL,'2023-03-30 07:30:49','2023-03-30 07:30:49',15),(262,'AP23029  ','COMSA  ADIF Paseo del Rey 32 Sustitución controlador averiado',NULL,NULL,'2023-03-30 07:31:06','2023-03-30 07:31:06',15),(263,'AP23028  ','TRENASA  LM Las Rozas. Integración contador',NULL,NULL,'2023-03-30 07:31:34','2023-03-30 07:31:34',15),(264,'AP23027','ACCIONA  CDM La Masó. Reprogramación nocturna',NULL,NULL,'2023-03-30 07:32:02','2023-03-30 07:32:02',15),(265,'AP23026','ITAI PHARMA  Laboratorios ITAI PHARMA Sustitución PC BMS',NULL,NULL,'2023-03-30 07:32:58','2023-03-30 07:32:58',15),(266,'AP23025 ','INGESAN  Animalario. Suministro DXR ',NULL,NULL,'2023-03-30 07:33:13','2023-03-30 07:33:13',15),(267,'AP23024  ','SERVICIOS INTEGRALES ALJI  Centro de Salud Calle Alicante, 3 (Fuenlabrada)',NULL,NULL,'2023-03-30 07:33:34','2023-03-30 07:33:34',15),(268,'AP23023  ','CANDAME  Hotel Aloft. Habitación Piloto',NULL,NULL,'2023-03-30 07:33:58','2023-03-30 07:33:58',15),(269,'AP23022  ','DANMUR  IKEA SSRR Integración Fotovoltaica',NULL,NULL,'2023-03-30 07:34:42','2023-03-30 07:34:42',15),(270,'AP23019 ','TDI SISTEMAS  Integración Split ',NULL,NULL,'2023-03-30 07:35:04','2023-03-30 07:35:04',15),(271,'AP23020  ','RTVE  Torrespaña. Analizadores Edificio B',NULL,NULL,'2023-03-30 07:35:20','2023-03-30 07:35:20',15),(272,'AP23016  ','LEROY MERLIN  LM Toledo. Bus Rooftop',NULL,NULL,'2023-03-30 07:35:43','2023-03-30 07:35:43',15),(273,'M96','Mantenimiento Sistema de Control Ayto. Villaquilambre',NULL,NULL,'2023-03-30 07:37:00','2023-03-30 07:37:00',15),(274,'M95','Mantenimiento Sistema de Control INTELCIA Gijón',NULL,NULL,'2023-03-30 07:37:13','2023-03-30 07:37:13',15),(275,'M94','Mantenimiento Sistema de Control INTELCIA Madrid',NULL,NULL,'2023-03-30 07:37:31','2023-03-30 07:37:31',15),(276,'M93','Mantenimiento Sistema de Control Colegios Alcorcón',NULL,NULL,'2023-03-30 07:38:03','2023-03-30 07:38:03',15),(277,'M92','Mantenimiento Sistema de Control Hospital Alcazar de San Juan',NULL,NULL,'2023-03-30 07:38:20','2023-03-30 07:38:20',15),(278,'O23008','ACCIONA Montecarmelo',NULL,NULL,'2023-03-31 11:38:58','2023-03-31 11:38:58',21),(279,'O23009','LLANO LM MALAGA',NULL,NULL,'2023-04-20 10:47:22','2023-04-20 10:47:22',21),(280,'O23010','PROVISER Acuartelamiento San Esteban de Gormáz',NULL,NULL,'2023-04-20 10:48:14','2023-04-20 10:48:14',21),(281,'O23011','TDI SISTEMAS Helios E- separar del F',NULL,NULL,'2023-04-20 10:51:00','2023-05-03 14:35:05',15),(282,'AP23035','LEROY MERLIN Visita LM Marbella',NULL,NULL,'2023-04-27 06:16:53','2023-04-27 06:16:53',15),(283,'AP23037   ','ZARAGOZA URBANA  Oficinas Aragonia Planta 4ª ',NULL,NULL,'2023-04-27 08:01:10','2023-04-27 08:01:10',15),(284,'AP23036','LINEAS Y CABLES  Ministerio Derechos Sociales y Agenda 2030. Sala Internacional  ',NULL,NULL,'2023-04-27 08:01:59','2023-04-27 08:01:59',15),(285,'AP23034','OHL - INGESAN  Animalario. Suministro 2 Controladores VAV',NULL,NULL,'2023-04-27 08:02:44','2023-04-27 08:02:44',15),(286,'AP23033  ','LINEAS Y CABLES  Ministerio Derechos Sociales y Agenda 2030. Sala Europa',NULL,NULL,'2023-04-27 08:03:02','2023-04-27 08:03:02',15),(287,'SAT23012  ','RTVE  RTVE SAT Sede Bilbao ',NULL,NULL,'2023-04-27 08:04:23','2023-04-27 08:04:23',2),(288,'O21020','LEROY MERLIN Meco',NULL,NULL,'2023-05-09 08:06:08','2023-05-09 08:06:08',15),(289,'O23013','DANMUR LM Lorca',NULL,NULL,'2023-05-09 08:37:43','2023-05-09 09:02:22',21),(290,'O23012','INSHT SEVILLA Actualización sistema de Control',NULL,NULL,'2023-05-09 09:01:42','2023-05-09 09:01:42',21),(291,' AP23038  ',' LEROY MERLIN LM Barrios. Visita e informe  ',NULL,NULL,'2023-05-24 10:43:06',NULL,15),(293,'SAT23013','CBRE  BANK OF AMERICA SAT 05052023',NULL,NULL,'2023-05-25 11:40:31',NULL,2),(294,'SAT23014','CBRE  C18 SAT',NULL,NULL,'2023-05-25 11:40:54',NULL,2),(295,'SAT23015','CBRE  C18 SAT',NULL,NULL,'2023-05-25 11:41:16',NULL,2),(296,'SAT23016','LEROY MERLIN  Leroy Merlin Torija SAT Sustitución pasarela averiada',NULL,NULL,'2023-05-25 11:41:28',NULL,2),(297,'AP23039','LEROY MERLIN  Leroy Merlin Alcala Subsanación de deficiencias',NULL,NULL,'2023-05-25 11:42:07',NULL,15),(298,'AP23040','DANMUR  Oficinas Sor Angela de la Cruz',NULL,NULL,'2023-05-25 11:44:12',NULL,15),(299,'AP23041','SIMALGA  Helios Edificio E Sustitución equipo averiado',NULL,NULL,'2023-05-25 11:44:26',NULL,NULL),(300,'AP23042','LLANO  LM Málaga. Ayudas instalacion. 27 y 28 abril',NULL,NULL,'2023-05-25 11:44:42',NULL,NULL),(301,'AP23042','LLANO  LM Málaga. Ayudas instalacion. 27 y 28 abril',NULL,NULL,'2023-05-25 11:45:13',NULL,21),(302,'AP23041','SIMALGA  Helios Edificio E Sustitución equipo averiado',NULL,NULL,'2023-05-25 11:45:30',NULL,15),(303,'AP23043','FULTON  Escuela Infantil Bruja Avería Subsanación de Incidencias',NULL,NULL,'2023-05-25 11:48:34',NULL,15),(304,'AP23044','FUNDACION IMDEA MATERIALES  IMDEA MATERIALES Sustitución controlador de fancoli',NULL,NULL,'2023-05-25 11:50:17',NULL,NULL),(305,'AP23044','FUNDACION IMDEA MATERIALES  IMDEA MATERIALES Sustitución controlador de fancoli',NULL,NULL,'2023-05-25 11:50:31',NULL,15),(306,'AP23045','CBRE  Bank Of America Sustitución sonda averiada',NULL,NULL,'2023-05-25 11:50:47',NULL,15),(307,'AP23046','3M SPAIN  Sede 3M Programación Sistema Control',NULL,NULL,'2023-05-25 11:50:58',NULL,NULL),(308,'AP23046','3M SPAIN  Sede 3M Programación Sistema Control',NULL,NULL,'2023-05-25 11:51:10',NULL,15),(309,'AP23047','AYTO. VILLAQUILAMBRE  NAVATEJERA Sustitución controlador averiado',NULL,NULL,'2023-05-25 11:52:16',NULL,15),(310,'AP23048','RTVE  RTVE Paseo del Rey Instalación equipos',NULL,NULL,'2023-05-25 11:52:33',NULL,NULL),(311,'AP23048','RTVE  RTVE Paseo del Rey Instalación equipos',NULL,NULL,'2023-05-25 11:52:46',NULL,15),(312,'O23014','EFFICENTER Ampliación Hospital San Juan',NULL,NULL,'2023-05-26 07:29:53',NULL,15);
/*!40000 ALTER TABLE `works` ENABLE KEYS */;
UNLOCK TABLES;

--
-- Final view structure for view `view_horasextracompensacion`
--

/*!50001 DROP VIEW IF EXISTS `view_horasextracompensacion`*/;
/*!50001 SET @saved_cs_client          = @@character_set_client */;
/*!50001 SET @saved_cs_results         = @@character_set_results */;
/*!50001 SET @saved_col_connection     = @@collation_connection */;
/*!50001 SET character_set_client      = cp850 */;
/*!50001 SET character_set_results     = cp850 */;
/*!50001 SET collation_connection      = cp850_general_ci */;
/*!50001 CREATE ALGORITHM=UNDEFINED */
/*!50013 DEFINER=`root`@`localhost` SQL SECURITY DEFINER */
/*!50001 VIEW `view_horasextracompensacion` AS select `u`.`email` AS `Usuarios`,sum(`eh`.`hour`) AS `Horas Excepciones` from (`exception_hours` `eh` join `users` `u`) where ((`eh`.`user_id` = `u`.`id`) and (`eh`.`exception_work_id` = '6') and (`eh`.`date` between '2023-01-01' and '2023-12-31')) group by `eh`.`user_id` */;
/*!50001 SET character_set_client      = @saved_cs_client */;
/*!50001 SET character_set_results     = @saved_cs_results */;
/*!50001 SET collation_connection      = @saved_col_connection */;

--
-- Final view structure for view `view_hours_extra`
--

/*!50001 DROP VIEW IF EXISTS `view_hours_extra`*/;
/*!50001 SET @saved_cs_client          = @@character_set_client */;
/*!50001 SET @saved_cs_results         = @@character_set_results */;
/*!50001 SET @saved_col_connection     = @@collation_connection */;
/*!50001 SET character_set_client      = cp850 */;
/*!50001 SET character_set_results     = cp850 */;
/*!50001 SET collation_connection      = cp850_general_ci */;
/*!50001 CREATE ALGORITHM=UNDEFINED */
/*!50013 DEFINER=`root`@`localhost` SQL SECURITY DEFINER */
/*!50001 VIEW `view_hours_extra` AS select `u`.`email` AS `Usuarios`,sum(`h`.`hour`) AS `Horas Obras` from (`hours` `h` join `users` `u`) where ((`h`.`user_id` = `u`.`id`) and (`h`.`register` = 1) and (`h`.`date` between '2023-01-01' and '2023-12-31')) group by `h`.`user_id` */;
/*!50001 SET character_set_client      = @saved_cs_client */;
/*!50001 SET character_set_results     = @saved_cs_results */;
/*!50001 SET collation_connection      = @saved_col_connection */;

--
-- Final view structure for view `view_hoursexc_total`
--

/*!50001 DROP VIEW IF EXISTS `view_hoursexc_total`*/;
/*!50001 SET @saved_cs_client          = @@character_set_client */;
/*!50001 SET @saved_cs_results         = @@character_set_results */;
/*!50001 SET @saved_col_connection     = @@collation_connection */;
/*!50001 SET character_set_client      = cp850 */;
/*!50001 SET character_set_results     = cp850 */;
/*!50001 SET collation_connection      = cp850_general_ci */;
/*!50001 CREATE ALGORITHM=UNDEFINED */
/*!50013 DEFINER=`root`@`localhost` SQL SECURITY DEFINER */
/*!50001 VIEW `view_hoursexc_total` AS select `u`.`email` AS `Usuarios`,sum(`eh`.`hour`) AS `Horas Excepciones` from (`exception_hours` `eh` join `users` `u`) where ((`eh`.`user_id` = `u`.`id`) and (`eh`.`date` between '2023-01-01' and '2023-12-31')) group by `eh`.`user_id` */;
/*!50001 SET character_set_client      = @saved_cs_client */;
/*!50001 SET character_set_results     = @saved_cs_results */;
/*!50001 SET collation_connection      = @saved_col_connection */;

--
-- Final view structure for view `view_houtstotal`
--

/*!50001 DROP VIEW IF EXISTS `view_houtstotal`*/;
/*!50001 SET @saved_cs_client          = @@character_set_client */;
/*!50001 SET @saved_cs_results         = @@character_set_results */;
/*!50001 SET @saved_col_connection     = @@collation_connection */;
/*!50001 SET character_set_client      = cp850 */;
/*!50001 SET character_set_results     = cp850 */;
/*!50001 SET collation_connection      = cp850_general_ci */;
/*!50001 CREATE ALGORITHM=UNDEFINED */
/*!50013 DEFINER=`root`@`localhost` SQL SECURITY DEFINER */
/*!50001 VIEW `view_houtstotal` AS select `u`.`email` AS `Usuarios`,sum(`h`.`hour`) AS `Horas Obras` from (`hours` `h` join `users` `u`) where ((`h`.`user_id` = `u`.`id`) and (`h`.`register` = 0) and (`h`.`date` between '2023-01-01' and '2023-12-31')) group by `h`.`user_id` */;
/*!50001 SET character_set_client      = @saved_cs_client */;
/*!50001 SET character_set_results     = @saved_cs_results */;
/*!50001 SET collation_connection      = @saved_col_connection */;
/*!40103 SET TIME_ZONE=@OLD_TIME_ZONE */;

/*!40101 SET SQL_MODE=@OLD_SQL_MODE */;
/*!40014 SET FOREIGN_KEY_CHECKS=@OLD_FOREIGN_KEY_CHECKS */;
/*!40014 SET UNIQUE_CHECKS=@OLD_UNIQUE_CHECKS */;
/*!40101 SET CHARACTER_SET_CLIENT=@OLD_CHARACTER_SET_CLIENT */;
/*!40101 SET CHARACTER_SET_RESULTS=@OLD_CHARACTER_SET_RESULTS */;
/*!40101 SET COLLATION_CONNECTION=@OLD_COLLATION_CONNECTION */;
/*!40111 SET SQL_NOTES=@OLD_SQL_NOTES */;

-- Dump completed on 2023-05-26 12:04:58
