-- MySQL dump 10.13  Distrib 8.0.31, for Win64 (x86_64)
--
-- Host: localhost    Database: baumcontrol_controlhoras
-- ------------------------------------------------------
-- Server version	8.0.31

/*!40101 SET @OLD_CHARACTER_SET_CLIENT=@@CHARACTER_SET_CLIENT */;
/*!40101 SET @OLD_CHARACTER_SET_RESULTS=@@CHARACTER_SET_RESULTS */;
/*!40101 SET @OLD_COLLATION_CONNECTION=@@COLLATION_CONNECTION */;
/*!50503 SET NAMES utf8mb4 */;
/*!40103 SET @OLD_TIME_ZONE=@@TIME_ZONE */;
/*!40103 SET TIME_ZONE='+00:00' */;
/*!40014 SET @OLD_UNIQUE_CHECKS=@@UNIQUE_CHECKS, UNIQUE_CHECKS=0 */;
/*!40014 SET @OLD_FOREIGN_KEY_CHECKS=@@FOREIGN_KEY_CHECKS, FOREIGN_KEY_CHECKS=0 */;
/*!40101 SET @OLD_SQL_MODE=@@SQL_MODE, SQL_MODE='NO_AUTO_VALUE_ON_ZERO' */;
/*!40111 SET @OLD_SQL_NOTES=@@SQL_NOTES, SQL_NOTES=0 */;

--
-- Table structure for table `exception_hours`
--

DROP TABLE IF EXISTS `exception_hours`;
/*!40101 SET @saved_cs_client     = @@character_set_client */;
/*!50503 SET character_set_client = utf8mb4 */;
CREATE TABLE `exception_hours` (
  `id` bigint unsigned NOT NULL AUTO_INCREMENT,
  `hour` double(8,2) NOT NULL,
  `user_id` bigint unsigned NOT NULL,
  `exception_work_id` bigint unsigned NOT NULL,
  `distancia` double(8,2) DEFAULT NULL,
  `status` enum('APROBADA','NO APROBADA') COLLATE utf8mb4_unicode_ci NOT NULL DEFAULT 'NO APROBADA',
  `date` date NOT NULL,
  `date_final` date DEFAULT NULL,
  `when_approve` date DEFAULT NULL,
  `who_approve` varchar(255) COLLATE utf8mb4_unicode_ci DEFAULT NULL,
  `id_who_approve` int DEFAULT NULL,
  `created_at` timestamp NULL DEFAULT NULL,
  `updated_at` timestamp NULL DEFAULT NULL,
  PRIMARY KEY (`id`),
  KEY `exception_hours_user_id_foreign` (`user_id`),
  KEY `exception_hours_exception_work_id_foreign` (`exception_work_id`),
  CONSTRAINT `exception_hours_exception_work_id_foreign` FOREIGN KEY (`exception_work_id`) REFERENCES `exception_works` (`id`),
  CONSTRAINT `exception_hours_user_id_foreign` FOREIGN KEY (`user_id`) REFERENCES `users` (`id`)
) ENGINE=InnoDB AUTO_INCREMENT=3 DEFAULT CHARSET=utf8mb4 COLLATE=utf8mb4_unicode_ci;
/*!40101 SET character_set_client = @saved_cs_client */;

--
-- Dumping data for table `exception_hours`
--

LOCK TABLES `exception_hours` WRITE;
/*!40000 ALTER TABLE `exception_hours` DISABLE KEYS */;
INSERT INTO `exception_hours` VALUES (1,9.00,6,1,NULL,'NO APROBADA','2023-02-14',NULL,NULL,NULL,NULL,'2023-02-14 11:09:40',NULL),(2,9.00,6,1,NULL,'NO APROBADA','2023-02-14',NULL,NULL,NULL,NULL,'2023-02-14 11:10:03',NULL);
/*!40000 ALTER TABLE `exception_hours` ENABLE KEYS */;
UNLOCK TABLES;

--
-- Table structure for table `exception_works`
--

DROP TABLE IF EXISTS `exception_works`;
/*!40101 SET @saved_cs_client     = @@character_set_client */;
/*!50503 SET character_set_client = utf8mb4 */;
CREATE TABLE `exception_works` (
  `id` bigint unsigned NOT NULL AUTO_INCREMENT,
  `code` varchar(255) COLLATE utf8mb4_unicode_ci NOT NULL,
  `name` varchar(255) COLLATE utf8mb4_unicode_ci NOT NULL,
  `km_total` double(8,2) DEFAULT NULL,
  `hour_total` double(8,2) DEFAULT NULL,
  `created_at` timestamp NULL DEFAULT NULL,
  `updated_at` timestamp NULL DEFAULT NULL,
  PRIMARY KEY (`id`)
) ENGINE=InnoDB AUTO_INCREMENT=2 DEFAULT CHARSET=utf8mb4 COLLATE=utf8mb4_unicode_ci;
/*!40101 SET character_set_client = @saved_cs_client */;

--
-- Dumping data for table `exception_works`
--

LOCK TABLES `exception_works` WRITE;
/*!40000 ALTER TABLE `exception_works` DISABLE KEYS */;
INSERT INTO `exception_works` VALUES (1,'A01','VACACIONES',NULL,NULL,'2023-02-14 11:09:19',NULL);
/*!40000 ALTER TABLE `exception_works` ENABLE KEYS */;
UNLOCK TABLES;

--
-- Table structure for table `failed_jobs`
--

DROP TABLE IF EXISTS `failed_jobs`;
/*!40101 SET @saved_cs_client     = @@character_set_client */;
/*!50503 SET character_set_client = utf8mb4 */;
CREATE TABLE `failed_jobs` (
  `id` bigint unsigned NOT NULL AUTO_INCREMENT,
  `uuid` varchar(255) COLLATE utf8mb4_unicode_ci NOT NULL,
  `connection` text COLLATE utf8mb4_unicode_ci NOT NULL,
  `queue` text COLLATE utf8mb4_unicode_ci NOT NULL,
  `payload` longtext COLLATE utf8mb4_unicode_ci NOT NULL,
  `exception` longtext COLLATE utf8mb4_unicode_ci NOT NULL,
  `failed_at` timestamp NOT NULL DEFAULT CURRENT_TIMESTAMP,
  PRIMARY KEY (`id`),
  UNIQUE KEY `failed_jobs_uuid_unique` (`uuid`)
) ENGINE=InnoDB DEFAULT CHARSET=utf8mb4 COLLATE=utf8mb4_unicode_ci;
/*!40101 SET character_set_client = @saved_cs_client */;

--
-- Dumping data for table `failed_jobs`
--

LOCK TABLES `failed_jobs` WRITE;
/*!40000 ALTER TABLE `failed_jobs` DISABLE KEYS */;
/*!40000 ALTER TABLE `failed_jobs` ENABLE KEYS */;
UNLOCK TABLES;

--
-- Table structure for table `hours`
--

DROP TABLE IF EXISTS `hours`;
/*!40101 SET @saved_cs_client     = @@character_set_client */;
/*!50503 SET character_set_client = utf8mb4 */;
CREATE TABLE `hours` (
  `id` bigint unsigned NOT NULL AUTO_INCREMENT,
  `hour` double(8,2) NOT NULL,
  `user_id` bigint unsigned NOT NULL,
  `work_id` bigint unsigned NOT NULL,
  `distancia` double(8,2) DEFAULT NULL,
  `status` enum('APROBADA','NO APROBADA') COLLATE utf8mb4_unicode_ci NOT NULL DEFAULT 'NO APROBADA',
  `date` date NOT NULL,
  `created_at` timestamp NULL DEFAULT NULL,
  `updated_at` timestamp NULL DEFAULT NULL,
  `when_approve` date DEFAULT NULL,
  `who_approve` varchar(255) COLLATE utf8mb4_unicode_ci DEFAULT NULL,
  `id_who_approve` int DEFAULT NULL,
  `comment` longtext COLLATE utf8mb4_unicode_ci,
  `register` tinyint(1) DEFAULT '0',
  `hour_real` double DEFAULT NULL,
  PRIMARY KEY (`id`),
  KEY `hours_user_id_foreign` (`user_id`),
  KEY `hours_work_id_foreign` (`work_id`),
  CONSTRAINT `hours_user_id_foreign` FOREIGN KEY (`user_id`) REFERENCES `users` (`id`),
  CONSTRAINT `hours_work_id_foreign` FOREIGN KEY (`work_id`) REFERENCES `works` (`id`)
) ENGINE=InnoDB AUTO_INCREMENT=301 DEFAULT CHARSET=utf8mb4 COLLATE=utf8mb4_unicode_ci;
/*!40101 SET character_set_client = @saved_cs_client */;

--
-- Dumping data for table `hours`
--

LOCK TABLES `hours` WRITE;
/*!40000 ALTER TABLE `hours` DISABLE KEYS */;
INSERT INTO `hours` VALUES (1,9.00,5,3,NULL,'NO APROBADA','1981-07-19','2023-02-13 11:30:58','2023-02-13 11:30:58',NULL,NULL,NULL,NULL,1,NULL),(2,6.00,7,1,NULL,'NO APROBADA','2014-07-11','2023-02-13 11:30:58','2023-02-13 11:30:58',NULL,NULL,NULL,NULL,0,NULL),(3,8.00,9,3,NULL,'NO APROBADA','1993-01-09','2023-02-13 11:30:58','2023-02-13 11:30:58',NULL,NULL,NULL,NULL,0,NULL),(4,6.00,8,2,NULL,'NO APROBADA','1997-10-06','2023-02-13 11:30:58','2023-02-13 11:30:58',NULL,NULL,NULL,NULL,0,NULL),(5,2.00,6,1,NULL,'NO APROBADA','2021-10-01','2023-02-13 11:30:58','2023-02-13 11:30:58',NULL,NULL,NULL,NULL,0,NULL),(6,7.00,4,3,NULL,'NO APROBADA','2023-02-01','2023-02-13 11:30:58','2023-02-13 11:30:58',NULL,NULL,NULL,NULL,0,NULL),(7,6.00,8,4,NULL,'NO APROBADA','1994-08-16','2023-02-13 11:30:58','2023-02-13 11:30:58',NULL,NULL,NULL,NULL,0,NULL),(8,9.00,1,4,NULL,'NO APROBADA','2014-04-27','2023-02-13 11:30:58','2023-02-13 11:30:58',NULL,NULL,NULL,NULL,0,NULL),(9,1.00,8,4,NULL,'NO APROBADA','2005-11-24','2023-02-13 11:30:58','2023-02-13 11:30:58',NULL,NULL,NULL,NULL,0,NULL),(10,6.00,6,3,NULL,'NO APROBADA','2019-10-24','2023-02-13 11:30:58','2023-02-13 11:30:58',NULL,NULL,NULL,NULL,0,NULL),(11,1.00,3,3,NULL,'NO APROBADA','2008-02-26','2023-02-13 11:30:58','2023-02-13 11:30:58',NULL,NULL,NULL,NULL,0,NULL),(12,2.00,1,3,NULL,'NO APROBADA','1995-10-26','2023-02-13 11:30:58','2023-02-13 11:30:58',NULL,NULL,NULL,NULL,0,NULL),(13,6.00,6,1,NULL,'NO APROBADA','1974-10-17','2023-02-13 11:30:58','2023-02-13 11:30:58',NULL,NULL,NULL,NULL,0,NULL),(14,2.00,6,3,NULL,'NO APROBADA','1973-10-21','2023-02-13 11:30:58','2023-02-13 11:30:58',NULL,NULL,NULL,NULL,0,NULL),(15,3.00,3,3,NULL,'NO APROBADA','1980-09-04','2023-02-13 11:30:58','2023-02-13 11:30:58',NULL,NULL,NULL,NULL,0,NULL),(16,6.00,2,3,NULL,'NO APROBADA','2023-02-01','2023-02-13 11:30:58','2023-02-13 11:30:58',NULL,NULL,NULL,NULL,0,NULL),(17,8.00,2,4,NULL,'NO APROBADA','2023-02-01','2023-02-13 11:30:58','2023-02-13 11:30:58',NULL,NULL,NULL,NULL,0,NULL),(18,3.00,10,4,NULL,'NO APROBADA','1999-04-19','2023-02-13 11:30:58','2023-02-13 11:30:58',NULL,NULL,NULL,NULL,0,NULL),(19,9.00,6,3,NULL,'NO APROBADA','1987-10-26','2023-02-13 11:30:58','2023-02-13 11:30:58',NULL,NULL,NULL,NULL,0,NULL),(20,2.00,7,3,NULL,'NO APROBADA','2018-06-13','2023-02-13 11:30:58','2023-02-13 11:30:58',NULL,NULL,NULL,NULL,0,NULL),(21,1.00,4,1,NULL,'NO APROBADA','2023-02-01','2023-02-13 11:30:58','2023-02-13 11:30:58',NULL,NULL,NULL,NULL,0,NULL),(22,2.00,6,1,NULL,'NO APROBADA','2014-08-25','2023-02-13 11:30:58','2023-02-13 11:30:58',NULL,NULL,NULL,NULL,0,NULL),(23,5.00,3,3,NULL,'NO APROBADA','1999-05-05','2023-02-13 11:30:58','2023-02-13 11:30:58',NULL,NULL,NULL,NULL,0,NULL),(24,3.00,10,2,NULL,'NO APROBADA','1991-12-27','2023-02-13 11:30:58','2023-02-13 11:30:58',NULL,NULL,NULL,NULL,0,NULL),(25,5.00,9,3,NULL,'NO APROBADA','1985-10-06','2023-02-13 11:30:58','2023-02-13 11:30:58',NULL,NULL,NULL,NULL,0,NULL),(26,9.00,9,2,NULL,'NO APROBADA','2010-06-03','2023-02-13 11:30:58','2023-02-13 11:30:58',NULL,NULL,NULL,NULL,0,NULL),(27,5.00,7,3,NULL,'NO APROBADA','2002-08-01','2023-02-13 11:30:58','2023-02-13 11:30:58',NULL,NULL,NULL,NULL,0,NULL),(28,2.00,1,2,NULL,'NO APROBADA','1995-05-09','2023-02-13 11:30:58','2023-02-13 11:30:58',NULL,NULL,NULL,NULL,0,NULL),(29,1.00,1,2,NULL,'NO APROBADA','2007-11-24','2023-02-13 11:30:58','2023-02-13 11:30:58',NULL,NULL,NULL,NULL,0,NULL),(30,6.00,1,2,NULL,'NO APROBADA','1974-12-17','2023-02-13 11:30:58','2023-02-13 11:30:58',NULL,NULL,NULL,NULL,0,NULL),(31,5.00,3,1,NULL,'NO APROBADA','2012-12-30','2023-02-13 11:30:58','2023-02-13 11:30:58',NULL,NULL,NULL,NULL,0,NULL),(32,7.00,2,2,NULL,'NO APROBADA','2023-02-01','2023-02-13 11:30:58','2023-02-13 11:30:58',NULL,NULL,NULL,NULL,0,NULL),(33,1.00,4,2,NULL,'NO APROBADA','2023-02-01','2023-02-13 11:30:58','2023-02-13 11:30:58',NULL,NULL,NULL,NULL,0,NULL),(34,2.00,3,1,NULL,'NO APROBADA','1989-11-28','2023-02-13 11:30:58','2023-02-13 11:30:58',NULL,NULL,NULL,NULL,0,NULL),(35,7.00,7,3,NULL,'NO APROBADA','2016-05-09','2023-02-13 11:30:58','2023-02-13 11:30:58',NULL,NULL,NULL,NULL,0,NULL),(36,2.00,7,2,NULL,'NO APROBADA','2008-03-17','2023-02-13 11:30:58','2023-02-13 11:30:58',NULL,NULL,NULL,NULL,0,NULL),(37,4.00,10,4,NULL,'NO APROBADA','2021-02-09','2023-02-13 11:30:58','2023-02-13 11:30:58',NULL,NULL,NULL,NULL,0,NULL),(38,8.00,3,2,NULL,'NO APROBADA','1992-12-16','2023-02-13 11:30:58','2023-02-13 11:30:58',NULL,NULL,NULL,NULL,0,NULL),(39,4.00,4,3,NULL,'NO APROBADA','2023-02-01','2023-02-13 11:30:58','2023-02-13 11:30:58',NULL,NULL,NULL,NULL,0,NULL),(40,7.00,1,2,NULL,'NO APROBADA','2016-05-18','2023-02-13 11:30:58','2023-02-13 11:30:58',NULL,NULL,NULL,NULL,0,NULL),(41,4.00,10,2,NULL,'NO APROBADA','2011-01-09','2023-02-13 11:30:58','2023-02-13 11:30:58',NULL,NULL,NULL,NULL,0,NULL),(42,2.00,6,3,NULL,'NO APROBADA','2009-05-04','2023-02-13 11:30:58','2023-02-13 11:30:58',NULL,NULL,NULL,NULL,0,NULL),(43,8.00,4,1,NULL,'NO APROBADA','2023-02-01','2023-02-13 11:30:58','2023-02-13 11:30:58',NULL,NULL,NULL,NULL,0,NULL),(44,3.00,10,2,NULL,'NO APROBADA','2006-10-31','2023-02-13 11:30:58','2023-02-13 11:30:58',NULL,NULL,NULL,NULL,0,NULL),(45,3.00,1,4,NULL,'NO APROBADA','1975-01-12','2023-02-13 11:30:58','2023-02-13 11:30:58',NULL,NULL,NULL,NULL,0,NULL),(46,4.00,2,1,NULL,'NO APROBADA','2023-02-01','2023-02-13 11:30:58','2023-02-13 11:30:58',NULL,NULL,NULL,NULL,0,NULL),(47,4.00,5,1,NULL,'NO APROBADA','2007-09-27','2023-02-13 11:30:58','2023-02-13 11:30:58',NULL,NULL,NULL,NULL,0,NULL),(48,3.00,10,1,NULL,'NO APROBADA','1975-03-30','2023-02-13 11:30:58','2023-02-13 11:30:58',NULL,NULL,NULL,NULL,0,NULL),(49,1.00,6,1,NULL,'NO APROBADA','2017-07-16','2023-02-13 11:30:58','2023-02-13 11:30:58',NULL,NULL,NULL,NULL,0,NULL),(50,4.00,5,4,NULL,'NO APROBADA','2020-04-01','2023-02-13 11:30:58','2023-02-13 11:30:58',NULL,NULL,NULL,NULL,0,NULL),(51,9.00,6,2,NULL,'NO APROBADA','1971-11-11','2023-02-13 11:30:58','2023-02-13 11:30:58',NULL,NULL,NULL,NULL,0,NULL),(52,8.00,7,3,NULL,'NO APROBADA','1986-05-06','2023-02-13 11:30:58','2023-02-13 11:30:58',NULL,NULL,NULL,NULL,0,NULL),(53,3.00,6,3,NULL,'NO APROBADA','1994-06-19','2023-02-13 11:30:58','2023-02-13 11:30:58',NULL,NULL,NULL,NULL,0,NULL),(54,4.00,9,2,NULL,'NO APROBADA','1999-07-22','2023-02-13 11:30:58','2023-02-13 11:30:58',NULL,NULL,NULL,NULL,0,NULL),(55,9.00,6,4,NULL,'NO APROBADA','1982-05-09','2023-02-13 11:30:58','2023-02-13 11:30:58',NULL,NULL,NULL,NULL,0,NULL),(56,5.00,2,2,NULL,'NO APROBADA','2023-02-01','2023-02-13 11:30:58','2023-02-13 11:30:58',NULL,NULL,NULL,NULL,0,NULL),(57,2.00,5,3,NULL,'NO APROBADA','2002-12-27','2023-02-13 11:30:58','2023-02-13 11:30:58',NULL,NULL,NULL,NULL,0,NULL),(58,8.00,3,3,NULL,'NO APROBADA','2016-01-26','2023-02-13 11:30:58','2023-02-13 11:30:58',NULL,NULL,NULL,NULL,0,NULL),(59,2.00,8,3,NULL,'NO APROBADA','1982-08-09','2023-02-13 11:30:58','2023-02-13 11:30:58',NULL,NULL,NULL,NULL,0,NULL),(60,3.00,3,4,NULL,'NO APROBADA','1989-01-04','2023-02-13 11:30:58','2023-02-13 11:30:58',NULL,NULL,NULL,NULL,0,NULL),(61,8.00,5,3,NULL,'NO APROBADA','1971-08-30','2023-02-13 11:30:58','2023-02-13 11:30:58',NULL,NULL,NULL,NULL,0,NULL),(62,7.00,5,3,NULL,'NO APROBADA','1995-01-29','2023-02-13 11:30:58','2023-02-13 11:30:58',NULL,NULL,NULL,NULL,0,NULL),(63,3.00,5,1,NULL,'NO APROBADA','1975-10-29','2023-02-13 11:30:58','2023-02-13 11:30:58',NULL,NULL,NULL,NULL,0,NULL),(64,1.00,9,2,NULL,'NO APROBADA','1974-10-27','2023-02-13 11:30:58','2023-02-13 11:30:58',NULL,NULL,NULL,NULL,0,NULL),(65,5.00,6,3,NULL,'NO APROBADA','1976-03-03','2023-02-13 11:30:58','2023-02-13 11:30:58',NULL,NULL,NULL,NULL,0,NULL),(66,4.00,7,1,NULL,'NO APROBADA','2016-07-31','2023-02-13 11:30:58','2023-02-13 11:30:58',NULL,NULL,NULL,NULL,0,NULL),(67,8.00,8,2,NULL,'NO APROBADA','2013-02-11','2023-02-13 11:30:58','2023-02-13 11:30:58',NULL,NULL,NULL,NULL,0,NULL),(68,7.00,9,4,NULL,'NO APROBADA','1988-06-09','2023-02-13 11:30:58','2023-02-13 11:30:58',NULL,NULL,NULL,NULL,0,NULL),(69,9.00,4,2,NULL,'NO APROBADA','2023-02-01','2023-02-13 11:30:58','2023-02-13 11:30:58',NULL,NULL,NULL,NULL,0,NULL),(70,6.00,7,2,NULL,'NO APROBADA','1991-04-26','2023-02-13 11:30:58','2023-02-13 11:30:58',NULL,NULL,NULL,NULL,0,NULL),(71,8.00,9,2,NULL,'NO APROBADA','2005-07-06','2023-02-13 11:30:58','2023-02-13 11:30:58',NULL,NULL,NULL,NULL,0,NULL),(72,2.00,7,1,NULL,'NO APROBADA','1983-05-03','2023-02-13 11:30:58','2023-02-13 11:30:58',NULL,NULL,NULL,NULL,0,NULL),(73,4.00,10,1,NULL,'NO APROBADA','1994-02-05','2023-02-13 11:30:58','2023-02-13 11:30:58',NULL,NULL,NULL,NULL,0,NULL),(74,3.00,10,1,NULL,'NO APROBADA','1999-11-03','2023-02-13 11:30:58','2023-02-13 11:30:58',NULL,NULL,NULL,NULL,0,NULL),(75,1.00,3,3,NULL,'NO APROBADA','2016-04-29','2023-02-13 11:30:58','2023-02-13 11:30:58',NULL,NULL,NULL,NULL,0,NULL),(76,8.00,2,3,NULL,'NO APROBADA','2023-02-01','2023-02-13 11:30:58','2023-02-13 11:30:58',NULL,NULL,NULL,NULL,0,NULL),(77,4.00,10,2,NULL,'NO APROBADA','2014-01-23','2023-02-13 11:30:58','2023-02-13 11:30:58',NULL,NULL,NULL,NULL,0,NULL),(78,4.00,1,1,NULL,'NO APROBADA','2005-02-20','2023-02-13 11:30:58','2023-02-13 11:30:58',NULL,NULL,NULL,NULL,0,NULL),(79,2.00,1,1,NULL,'NO APROBADA','2015-06-24','2023-02-13 11:30:58','2023-02-13 11:30:58',NULL,NULL,NULL,NULL,0,NULL),(80,9.00,1,1,NULL,'NO APROBADA','2003-07-07','2023-02-13 11:30:58','2023-02-13 11:30:58',NULL,NULL,NULL,NULL,0,NULL),(81,9.00,9,1,NULL,'NO APROBADA','1971-11-08','2023-02-13 11:30:58','2023-02-13 11:30:58',NULL,NULL,NULL,NULL,0,NULL),(82,4.00,7,3,NULL,'NO APROBADA','2001-05-22','2023-02-13 11:30:58','2023-02-13 11:30:58',NULL,NULL,NULL,NULL,0,NULL),(83,8.00,1,3,NULL,'NO APROBADA','1989-06-01','2023-02-13 11:30:58','2023-02-13 11:30:58',NULL,NULL,NULL,NULL,0,NULL),(84,9.00,8,1,NULL,'NO APROBADA','2003-08-03','2023-02-13 11:30:58','2023-02-13 11:30:58',NULL,NULL,NULL,NULL,0,NULL),(85,7.00,8,3,NULL,'NO APROBADA','1981-10-06','2023-02-13 11:30:58','2023-02-13 11:30:58',NULL,NULL,NULL,NULL,0,NULL),(86,5.00,4,3,NULL,'NO APROBADA','2023-02-01','2023-02-13 11:30:58','2023-02-13 11:30:58',NULL,NULL,NULL,NULL,0,NULL),(87,3.00,1,3,NULL,'NO APROBADA','1982-11-01','2023-02-13 11:30:58','2023-02-13 11:30:58',NULL,NULL,NULL,NULL,0,NULL),(88,1.00,6,1,NULL,'NO APROBADA','1988-09-10','2023-02-13 11:30:58','2023-02-13 11:30:58',NULL,NULL,NULL,NULL,0,NULL),(89,2.00,3,3,NULL,'NO APROBADA','1996-10-22','2023-02-13 11:30:58','2023-02-13 11:30:58',NULL,NULL,NULL,NULL,0,NULL),(90,2.00,3,1,NULL,'NO APROBADA','1984-11-08','2023-02-13 11:30:58','2023-02-13 11:30:58',NULL,NULL,NULL,NULL,0,NULL),(91,1.00,9,1,NULL,'NO APROBADA','1983-10-18','2023-02-13 11:30:58','2023-02-13 11:30:58',NULL,NULL,NULL,NULL,0,NULL),(92,5.00,10,1,NULL,'NO APROBADA','1970-05-13','2023-02-13 11:30:58','2023-02-13 11:30:58',NULL,NULL,NULL,NULL,0,NULL),(93,1.00,10,2,NULL,'NO APROBADA','1987-12-06','2023-02-13 11:30:58','2023-02-13 11:30:58',NULL,NULL,NULL,NULL,0,NULL),(94,9.00,7,4,NULL,'NO APROBADA','1981-09-14','2023-02-13 11:30:58','2023-02-13 11:30:58',NULL,NULL,NULL,NULL,0,NULL),(95,7.00,6,4,NULL,'NO APROBADA','2003-07-29','2023-02-13 11:30:58','2023-02-13 11:30:58',NULL,NULL,NULL,NULL,0,NULL),(96,3.00,5,4,NULL,'NO APROBADA','2015-09-20','2023-02-13 11:30:58','2023-02-13 11:30:58',NULL,NULL,NULL,NULL,0,NULL),(97,6.00,4,1,NULL,'NO APROBADA','2023-02-01','2023-02-13 11:30:58','2023-02-13 11:30:58',NULL,NULL,NULL,NULL,0,NULL),(98,7.00,4,2,NULL,'NO APROBADA','2023-02-01','2023-02-13 11:30:58','2023-02-13 11:30:58',NULL,NULL,NULL,NULL,0,NULL),(99,2.00,9,2,NULL,'NO APROBADA','2000-03-28','2023-02-13 11:30:58','2023-02-13 11:30:58',NULL,NULL,NULL,NULL,0,NULL),(100,1.00,5,1,NULL,'NO APROBADA','1970-10-13','2023-02-13 11:30:58','2023-02-13 11:30:58',NULL,NULL,NULL,NULL,0,NULL),(101,4.00,1,3,NULL,'NO APROBADA','2020-10-27','2023-02-13 11:30:58','2023-02-13 11:30:58',NULL,NULL,NULL,NULL,0,NULL),(102,6.00,3,1,NULL,'NO APROBADA','1983-04-02','2023-02-13 11:30:58','2023-02-13 11:30:58',NULL,NULL,NULL,NULL,0,NULL),(103,1.00,2,1,NULL,'NO APROBADA','2023-02-01','2023-02-13 11:30:58','2023-02-13 11:30:58',NULL,NULL,NULL,NULL,0,NULL),(104,7.00,9,4,NULL,'NO APROBADA','2020-09-07','2023-02-13 11:30:58','2023-02-13 11:30:58',NULL,NULL,NULL,NULL,0,NULL),(105,1.00,7,4,NULL,'NO APROBADA','2002-01-22','2023-02-13 11:30:58','2023-02-13 11:30:58',NULL,NULL,NULL,NULL,0,NULL),(106,9.00,4,2,NULL,'NO APROBADA','2023-02-01','2023-02-13 11:30:58','2023-02-13 11:30:58',NULL,NULL,NULL,NULL,0,NULL),(107,7.00,1,2,NULL,'NO APROBADA','2023-01-23','2023-02-13 11:30:58','2023-02-13 11:37:33',NULL,NULL,NULL,NULL,1,NULL),(108,6.00,9,4,NULL,'NO APROBADA','1971-01-29','2023-02-13 11:30:58','2023-02-13 11:30:58',NULL,NULL,NULL,NULL,0,NULL),(109,3.00,2,3,NULL,'NO APROBADA','2023-02-01','2023-02-13 11:30:58','2023-02-13 11:30:58',NULL,NULL,NULL,NULL,0,NULL),(110,7.00,8,3,NULL,'NO APROBADA','1991-05-03','2023-02-13 11:30:58','2023-02-13 11:30:58',NULL,NULL,NULL,NULL,0,NULL),(111,1.00,1,1,NULL,'NO APROBADA','1972-05-12','2023-02-13 11:30:58','2023-02-13 11:30:58',NULL,NULL,NULL,NULL,0,NULL),(112,6.00,3,4,NULL,'NO APROBADA','1990-07-26','2023-02-13 11:30:58','2023-02-13 11:30:58',NULL,NULL,NULL,NULL,0,NULL),(113,8.00,6,2,NULL,'NO APROBADA','1980-04-06','2023-02-13 11:30:58','2023-02-13 11:30:58',NULL,NULL,NULL,NULL,0,NULL),(114,3.00,3,1,NULL,'NO APROBADA','1975-07-31','2023-02-13 11:30:58','2023-02-13 11:30:58',NULL,NULL,NULL,NULL,0,NULL),(115,6.00,2,2,NULL,'NO APROBADA','2023-02-01','2023-02-13 11:30:58','2023-02-13 11:30:58',NULL,NULL,NULL,NULL,0,NULL),(116,4.00,10,1,NULL,'NO APROBADA','1997-05-30','2023-02-13 11:30:58','2023-02-13 11:30:58',NULL,NULL,NULL,NULL,0,NULL),(117,7.00,7,2,NULL,'NO APROBADA','1979-12-14','2023-02-13 11:30:58','2023-02-13 11:30:58',NULL,NULL,NULL,NULL,0,NULL),(118,4.00,6,2,NULL,'NO APROBADA','1988-09-11','2023-02-13 11:30:58','2023-02-13 11:30:58',NULL,NULL,NULL,NULL,0,NULL),(119,4.00,5,2,NULL,'NO APROBADA','1977-02-05','2023-02-13 11:30:58','2023-02-13 11:30:58',NULL,NULL,NULL,NULL,0,NULL),(120,1.00,9,3,NULL,'NO APROBADA','1984-02-10','2023-02-13 11:30:58','2023-02-13 11:30:58',NULL,NULL,NULL,NULL,0,NULL),(121,4.00,2,1,NULL,'NO APROBADA','2023-02-01','2023-02-13 11:30:58','2023-02-13 11:30:58',NULL,NULL,NULL,NULL,0,NULL),(122,9.00,6,3,NULL,'NO APROBADA','1978-07-26','2023-02-13 11:30:58','2023-02-13 11:30:58',NULL,NULL,NULL,NULL,0,NULL),(123,2.00,2,3,NULL,'NO APROBADA','2023-02-01','2023-02-13 11:30:58','2023-02-13 11:30:58',NULL,NULL,NULL,NULL,0,NULL),(124,4.00,4,4,NULL,'NO APROBADA','2023-02-01','2023-02-13 11:30:58','2023-02-13 11:30:58',NULL,NULL,NULL,NULL,0,NULL),(125,3.00,4,3,NULL,'NO APROBADA','2023-02-01','2023-02-13 11:30:58','2023-02-13 11:30:58',NULL,NULL,NULL,NULL,0,NULL),(126,4.00,10,1,NULL,'NO APROBADA','2000-10-09','2023-02-13 11:30:58','2023-02-13 11:30:58',NULL,NULL,NULL,NULL,0,NULL),(127,6.00,1,4,NULL,'NO APROBADA','1972-02-04','2023-02-13 11:30:58','2023-02-13 11:30:58',NULL,NULL,NULL,NULL,0,NULL),(128,9.00,5,4,NULL,'NO APROBADA','1996-07-03','2023-02-13 11:30:58','2023-02-13 11:30:58',NULL,NULL,NULL,NULL,0,NULL),(129,2.00,7,3,NULL,'NO APROBADA','1985-11-27','2023-02-13 11:30:58','2023-02-13 11:30:58',NULL,NULL,NULL,NULL,0,NULL),(130,9.00,9,4,NULL,'NO APROBADA','2009-02-13','2023-02-13 11:30:58','2023-02-13 11:30:58',NULL,NULL,NULL,NULL,0,NULL),(131,8.00,4,4,NULL,'NO APROBADA','2023-02-01','2023-02-13 11:30:58','2023-02-13 11:30:58',NULL,NULL,NULL,NULL,0,NULL),(132,9.00,5,1,NULL,'NO APROBADA','1990-04-21','2023-02-13 11:30:58','2023-02-13 11:30:58',NULL,NULL,NULL,NULL,0,NULL),(133,1.00,9,1,NULL,'NO APROBADA','1989-07-29','2023-02-13 11:30:58','2023-02-13 11:30:58',NULL,NULL,NULL,NULL,0,NULL),(134,6.00,8,4,NULL,'NO APROBADA','1977-01-28','2023-02-13 11:30:58','2023-02-13 11:30:58',NULL,NULL,NULL,NULL,0,NULL),(135,2.00,2,4,NULL,'NO APROBADA','2023-02-01','2023-02-13 11:30:58','2023-02-13 11:30:58',NULL,NULL,NULL,NULL,0,NULL),(136,9.00,1,4,NULL,'NO APROBADA','1997-05-04','2023-02-13 11:30:58','2023-02-13 11:30:58',NULL,NULL,NULL,NULL,0,NULL),(137,8.00,10,3,NULL,'NO APROBADA','1989-04-02','2023-02-13 11:30:58','2023-02-13 11:30:58',NULL,NULL,NULL,NULL,0,NULL),(138,8.00,2,3,NULL,'NO APROBADA','2023-02-01','2023-02-13 11:30:58','2023-02-13 11:30:58',NULL,NULL,NULL,NULL,0,NULL),(139,6.00,6,1,NULL,'NO APROBADA','1984-09-21','2023-02-13 11:30:58','2023-02-13 11:30:58',NULL,NULL,NULL,NULL,0,NULL),(140,1.00,7,2,NULL,'NO APROBADA','1991-08-12','2023-02-13 11:30:58','2023-02-13 11:30:58',NULL,NULL,NULL,NULL,0,NULL),(141,8.00,8,1,NULL,'NO APROBADA','2010-04-05','2023-02-13 11:30:58','2023-02-13 11:30:58',NULL,NULL,NULL,NULL,0,NULL),(142,4.00,7,2,NULL,'NO APROBADA','2013-12-18','2023-02-13 11:30:58','2023-02-13 11:30:58',NULL,NULL,NULL,NULL,0,NULL),(143,4.00,6,3,NULL,'NO APROBADA','1984-01-08','2023-02-13 11:30:58','2023-02-13 11:30:58',NULL,NULL,NULL,NULL,0,NULL),(144,3.00,1,2,NULL,'NO APROBADA','1992-07-05','2023-02-13 11:30:58','2023-02-13 11:30:58',NULL,NULL,NULL,NULL,0,NULL),(145,9.00,2,2,NULL,'NO APROBADA','2023-02-01','2023-02-13 11:30:58','2023-02-13 11:30:58',NULL,NULL,NULL,NULL,0,NULL),(146,1.00,7,1,NULL,'NO APROBADA','2012-06-02','2023-02-13 11:30:58','2023-02-13 11:30:58',NULL,NULL,NULL,NULL,0,NULL),(147,4.00,4,1,NULL,'NO APROBADA','2023-02-01','2023-02-13 11:30:58','2023-02-13 11:30:58',NULL,NULL,NULL,NULL,0,NULL),(148,9.00,4,2,NULL,'NO APROBADA','2023-02-01','2023-02-13 11:30:58','2023-02-13 11:30:58',NULL,NULL,NULL,NULL,0,NULL),(149,1.00,9,1,NULL,'NO APROBADA','2007-09-15','2023-02-13 11:30:58','2023-02-13 11:30:58',NULL,NULL,NULL,NULL,0,NULL),(150,1.00,1,4,NULL,'NO APROBADA','1993-05-25','2023-02-13 11:30:58','2023-02-13 11:30:58',NULL,NULL,NULL,NULL,0,NULL),(151,6.00,10,2,NULL,'NO APROBADA','1998-11-21','2023-02-13 11:30:58','2023-02-13 11:30:58',NULL,NULL,NULL,NULL,0,NULL),(152,3.00,2,4,NULL,'NO APROBADA','2023-02-01','2023-02-13 11:30:58','2023-02-13 11:30:58',NULL,NULL,NULL,NULL,0,NULL),(153,5.00,5,3,NULL,'NO APROBADA','2006-12-13','2023-02-13 11:30:58','2023-02-13 11:30:58',NULL,NULL,NULL,NULL,0,NULL),(154,3.00,3,1,NULL,'NO APROBADA','1992-04-09','2023-02-13 11:30:58','2023-02-13 11:30:58',NULL,NULL,NULL,NULL,0,NULL),(155,1.00,8,3,NULL,'NO APROBADA','2004-09-28','2023-02-13 11:30:58','2023-02-13 11:30:58',NULL,NULL,NULL,NULL,0,NULL),(156,3.00,3,2,NULL,'NO APROBADA','1998-08-14','2023-02-13 11:30:58','2023-02-13 11:30:58',NULL,NULL,NULL,NULL,0,NULL),(157,9.00,4,3,NULL,'NO APROBADA','2023-02-01','2023-02-13 11:30:58','2023-02-13 11:30:58',NULL,NULL,NULL,NULL,0,NULL),(158,7.00,2,4,NULL,'NO APROBADA','2023-02-01','2023-02-13 11:30:58','2023-02-13 11:30:58',NULL,NULL,NULL,NULL,0,NULL),(159,9.00,10,1,NULL,'NO APROBADA','1991-03-20','2023-02-13 11:30:58','2023-02-13 11:30:58',NULL,NULL,NULL,NULL,0,NULL),(160,4.00,1,1,NULL,'NO APROBADA','2007-04-20','2023-02-13 11:30:58','2023-02-13 11:30:58',NULL,NULL,NULL,NULL,0,NULL),(161,2.00,1,4,NULL,'NO APROBADA','2016-12-15','2023-02-13 11:30:58','2023-02-13 11:30:58',NULL,NULL,NULL,NULL,0,NULL),(162,7.00,9,3,NULL,'NO APROBADA','2009-01-04','2023-02-13 11:30:58','2023-02-13 11:30:58',NULL,NULL,NULL,NULL,0,NULL),(163,5.00,9,3,NULL,'NO APROBADA','2018-11-10','2023-02-13 11:30:58','2023-02-13 11:30:58',NULL,NULL,NULL,NULL,0,NULL),(164,9.00,1,1,NULL,'NO APROBADA','1983-01-31','2023-02-13 11:30:58','2023-02-13 11:30:58',NULL,NULL,NULL,NULL,0,NULL),(165,9.00,1,4,NULL,'NO APROBADA','1998-11-29','2023-02-13 11:30:58','2023-02-13 11:30:58',NULL,NULL,NULL,NULL,0,NULL),(166,8.00,1,2,NULL,'NO APROBADA','2002-08-10','2023-02-13 11:30:58','2023-02-13 11:30:58',NULL,NULL,NULL,NULL,0,NULL),(167,9.00,5,4,NULL,'NO APROBADA','1991-09-24','2023-02-13 11:30:58','2023-02-13 11:30:58',NULL,NULL,NULL,NULL,0,NULL),(168,1.00,10,1,NULL,'NO APROBADA','1979-03-31','2023-02-13 11:30:58','2023-02-13 11:30:58',NULL,NULL,NULL,NULL,0,NULL),(169,2.00,2,3,NULL,'NO APROBADA','2023-02-01','2023-02-13 11:30:58','2023-02-13 11:30:58',NULL,NULL,NULL,NULL,0,NULL),(170,3.00,8,4,NULL,'NO APROBADA','1997-11-28','2023-02-13 11:30:58','2023-02-13 11:30:58',NULL,NULL,NULL,NULL,0,NULL),(171,9.00,6,3,NULL,'NO APROBADA','1987-05-17','2023-02-13 11:30:58','2023-02-13 11:30:58',NULL,NULL,NULL,NULL,0,NULL),(172,5.00,6,4,NULL,'NO APROBADA','2003-06-24','2023-02-13 11:30:58','2023-02-13 11:30:58',NULL,NULL,NULL,NULL,0,NULL),(173,8.00,4,2,NULL,'NO APROBADA','2023-02-01','2023-02-13 11:30:58','2023-02-13 11:30:58',NULL,NULL,NULL,NULL,0,NULL),(174,8.00,3,2,NULL,'NO APROBADA','2014-07-27','2023-02-13 11:30:58','2023-02-13 11:30:58',NULL,NULL,NULL,NULL,0,NULL),(175,2.00,8,2,NULL,'NO APROBADA','1979-08-12','2023-02-13 11:30:58','2023-02-13 11:30:58',NULL,NULL,NULL,NULL,0,NULL),(176,6.00,9,2,NULL,'NO APROBADA','1982-06-03','2023-02-13 11:30:58','2023-02-13 11:30:58',NULL,NULL,NULL,NULL,0,NULL),(177,8.00,1,2,NULL,'NO APROBADA','2009-12-26','2023-02-13 11:30:58','2023-02-13 11:30:58',NULL,NULL,NULL,NULL,0,NULL),(178,1.00,6,1,NULL,'NO APROBADA','2000-09-06','2023-02-13 11:30:58','2023-02-13 11:30:58',NULL,NULL,NULL,NULL,0,NULL),(179,8.00,7,4,NULL,'NO APROBADA','2008-12-05','2023-02-13 11:30:58','2023-02-13 11:30:58',NULL,NULL,NULL,NULL,0,NULL),(180,8.00,5,2,NULL,'NO APROBADA','2021-05-05','2023-02-13 11:30:58','2023-02-13 11:30:58',NULL,NULL,NULL,NULL,0,NULL),(181,1.00,7,4,NULL,'NO APROBADA','1986-08-21','2023-02-13 11:30:58','2023-02-13 11:30:58',NULL,NULL,NULL,NULL,0,NULL),(182,7.00,9,1,NULL,'NO APROBADA','1992-12-10','2023-02-13 11:30:58','2023-02-13 11:30:58',NULL,NULL,NULL,NULL,0,NULL),(183,1.00,9,2,NULL,'NO APROBADA','2008-05-22','2023-02-13 11:30:58','2023-02-13 11:30:58',NULL,NULL,NULL,NULL,0,NULL),(184,9.00,2,3,NULL,'NO APROBADA','2023-02-01','2023-02-13 11:30:58','2023-02-13 11:30:58',NULL,NULL,NULL,NULL,0,NULL),(185,7.00,10,3,NULL,'NO APROBADA','2015-06-04','2023-02-13 11:30:59','2023-02-13 11:30:59',NULL,NULL,NULL,NULL,0,NULL),(186,6.00,9,4,NULL,'NO APROBADA','2001-02-18','2023-02-13 11:30:59','2023-02-13 11:30:59',NULL,NULL,NULL,NULL,0,NULL),(187,1.00,3,3,NULL,'NO APROBADA','2011-02-15','2023-02-13 11:30:59','2023-02-13 11:30:59',NULL,NULL,NULL,NULL,0,NULL),(188,3.00,10,3,NULL,'NO APROBADA','1977-12-12','2023-02-13 11:30:59','2023-02-13 11:30:59',NULL,NULL,NULL,NULL,0,NULL),(189,6.00,6,4,NULL,'NO APROBADA','1971-08-06','2023-02-13 11:30:59','2023-02-13 11:30:59',NULL,NULL,NULL,NULL,0,NULL),(190,1.00,8,1,NULL,'NO APROBADA','1988-10-11','2023-02-13 11:30:59','2023-02-13 11:30:59',NULL,NULL,NULL,NULL,0,NULL),(191,4.00,6,1,NULL,'NO APROBADA','2012-01-10','2023-02-13 11:30:59','2023-02-13 11:30:59',NULL,NULL,NULL,NULL,0,NULL),(192,4.00,10,1,NULL,'NO APROBADA','1974-05-15','2023-02-13 11:30:59','2023-02-13 11:30:59',NULL,NULL,NULL,NULL,0,NULL),(193,5.00,10,1,NULL,'NO APROBADA','2021-12-10','2023-02-13 11:30:59','2023-02-13 11:30:59',NULL,NULL,NULL,NULL,0,NULL),(194,9.00,4,3,NULL,'NO APROBADA','2023-02-01','2023-02-13 11:30:59','2023-02-13 11:30:59',NULL,NULL,NULL,NULL,0,NULL),(195,5.00,8,2,NULL,'NO APROBADA','1978-03-09','2023-02-13 11:30:59','2023-02-13 11:30:59',NULL,NULL,NULL,NULL,0,NULL),(196,2.00,3,1,NULL,'NO APROBADA','1996-06-27','2023-02-13 11:30:59','2023-02-13 11:30:59',NULL,NULL,NULL,NULL,0,NULL),(197,5.00,10,4,NULL,'NO APROBADA','1986-06-12','2023-02-13 11:30:59','2023-02-13 11:30:59',NULL,NULL,NULL,NULL,0,NULL),(198,2.00,9,2,NULL,'NO APROBADA','2004-10-12','2023-02-13 11:30:59','2023-02-13 11:30:59',NULL,NULL,NULL,NULL,0,NULL),(199,7.00,4,3,NULL,'NO APROBADA','2023-02-01','2023-02-13 11:30:59','2023-02-13 11:30:59',NULL,NULL,NULL,NULL,0,NULL),(200,5.00,6,4,NULL,'NO APROBADA','1972-08-02','2023-02-13 11:30:59','2023-02-13 11:30:59',NULL,NULL,NULL,NULL,0,NULL),(201,7.00,1,4,NULL,'NO APROBADA','1993-07-31','2023-02-13 11:30:59','2023-02-13 11:30:59',NULL,NULL,NULL,NULL,0,NULL),(202,1.00,7,2,NULL,'NO APROBADA','1971-06-17','2023-02-13 11:30:59','2023-02-13 11:30:59',NULL,NULL,NULL,NULL,0,NULL),(203,5.00,6,1,NULL,'NO APROBADA','1991-12-25','2023-02-13 11:30:59','2023-02-13 11:30:59',NULL,NULL,NULL,NULL,0,NULL),(204,2.00,8,1,NULL,'NO APROBADA','2010-10-22','2023-02-13 11:30:59','2023-02-13 11:30:59',NULL,NULL,NULL,NULL,0,NULL),(205,3.00,5,2,NULL,'NO APROBADA','1987-09-24','2023-02-13 11:30:59','2023-02-13 11:30:59',NULL,NULL,NULL,NULL,0,NULL),(206,8.00,3,3,NULL,'NO APROBADA','2009-07-08','2023-02-13 11:30:59','2023-02-13 11:30:59',NULL,NULL,NULL,NULL,0,NULL),(207,7.00,9,4,NULL,'NO APROBADA','1988-09-30','2023-02-13 11:30:59','2023-02-13 11:30:59',NULL,NULL,NULL,NULL,0,NULL),(208,4.00,6,3,NULL,'NO APROBADA','1973-02-12','2023-02-13 11:30:59','2023-02-13 11:30:59',NULL,NULL,NULL,NULL,0,NULL),(209,2.00,7,2,NULL,'NO APROBADA','1980-02-12','2023-02-13 11:30:59','2023-02-13 11:30:59',NULL,NULL,NULL,NULL,0,NULL),(210,7.00,1,4,NULL,'NO APROBADA','1990-06-10','2023-02-13 11:30:59','2023-02-13 11:30:59',NULL,NULL,NULL,NULL,0,NULL),(211,1.00,7,2,NULL,'NO APROBADA','1979-07-28','2023-02-13 11:30:59','2023-02-13 11:30:59',NULL,NULL,NULL,NULL,0,NULL),(212,8.00,8,3,NULL,'NO APROBADA','1996-09-12','2023-02-13 11:30:59','2023-02-13 11:30:59',NULL,NULL,NULL,NULL,0,NULL),(213,7.00,10,2,NULL,'NO APROBADA','1981-01-06','2023-02-13 11:30:59','2023-02-13 11:30:59',NULL,NULL,NULL,NULL,0,NULL),(214,8.00,5,4,NULL,'NO APROBADA','1989-01-05','2023-02-13 11:30:59','2023-02-13 11:30:59',NULL,NULL,NULL,NULL,0,NULL),(215,3.00,8,1,NULL,'NO APROBADA','1987-03-14','2023-02-13 11:30:59','2023-02-13 11:30:59',NULL,NULL,NULL,NULL,0,NULL),(216,8.00,10,3,NULL,'NO APROBADA','2011-02-05','2023-02-13 11:30:59','2023-02-13 11:30:59',NULL,NULL,NULL,NULL,0,NULL),(217,5.00,1,2,NULL,'NO APROBADA','1984-03-03','2023-02-13 11:30:59','2023-02-13 11:30:59',NULL,NULL,NULL,NULL,0,NULL),(218,2.00,1,2,NULL,'NO APROBADA','2021-08-03','2023-02-13 11:30:59','2023-02-13 11:30:59',NULL,NULL,NULL,NULL,0,NULL),(219,1.00,9,2,NULL,'NO APROBADA','2000-12-20','2023-02-13 11:30:59','2023-02-13 11:30:59',NULL,NULL,NULL,NULL,0,NULL),(220,9.00,10,3,NULL,'NO APROBADA','2018-04-09','2023-02-13 11:30:59','2023-02-13 11:30:59',NULL,NULL,NULL,NULL,0,NULL),(221,6.00,4,1,NULL,'NO APROBADA','2023-02-01','2023-02-13 11:30:59','2023-02-13 11:30:59',NULL,NULL,NULL,NULL,0,NULL),(222,9.00,7,1,NULL,'NO APROBADA','1970-01-08','2023-02-13 11:30:59','2023-02-13 11:30:59',NULL,NULL,NULL,NULL,0,NULL),(223,1.00,5,4,NULL,'NO APROBADA','2021-04-10','2023-02-13 11:30:59','2023-02-13 11:30:59',NULL,NULL,NULL,NULL,0,NULL),(224,4.00,2,1,NULL,'NO APROBADA','2023-02-01','2023-02-13 11:30:59','2023-02-13 11:30:59',NULL,NULL,NULL,NULL,0,NULL),(225,1.00,10,1,NULL,'NO APROBADA','2006-05-14','2023-02-13 11:30:59','2023-02-13 11:30:59',NULL,NULL,NULL,NULL,0,NULL),(226,5.00,9,3,NULL,'NO APROBADA','1974-03-11','2023-02-13 11:30:59','2023-02-13 11:30:59',NULL,NULL,NULL,NULL,0,NULL),(227,7.00,3,4,NULL,'NO APROBADA','1974-12-03','2023-02-13 11:30:59','2023-02-13 11:30:59',NULL,NULL,NULL,NULL,0,NULL),(228,6.00,7,3,NULL,'NO APROBADA','2018-10-07','2023-02-13 11:30:59','2023-02-13 11:30:59',NULL,NULL,NULL,NULL,0,NULL),(229,1.00,6,4,NULL,'NO APROBADA','1978-09-02','2023-02-13 11:30:59','2023-02-13 11:30:59',NULL,NULL,NULL,NULL,0,NULL),(230,6.00,7,3,NULL,'NO APROBADA','1992-10-20','2023-02-13 11:30:59','2023-02-13 11:30:59',NULL,NULL,NULL,NULL,0,NULL),(231,8.00,6,2,NULL,'NO APROBADA','2022-02-17','2023-02-13 11:30:59','2023-02-13 11:30:59',NULL,NULL,NULL,NULL,0,NULL),(232,6.00,1,1,NULL,'NO APROBADA','2005-06-30','2023-02-13 11:30:59','2023-02-13 11:30:59',NULL,NULL,NULL,NULL,0,NULL),(233,5.00,2,4,NULL,'NO APROBADA','2023-02-01','2023-02-13 11:30:59','2023-02-13 11:30:59',NULL,NULL,NULL,NULL,0,NULL),(234,8.00,4,1,NULL,'NO APROBADA','2023-02-01','2023-02-13 11:30:59','2023-02-13 11:30:59',NULL,NULL,NULL,NULL,0,NULL),(235,2.00,8,1,NULL,'NO APROBADA','1989-11-03','2023-02-13 11:30:59','2023-02-13 11:30:59',NULL,NULL,NULL,NULL,0,NULL),(236,1.00,10,2,NULL,'NO APROBADA','2017-01-28','2023-02-13 11:30:59','2023-02-13 11:30:59',NULL,NULL,NULL,NULL,0,NULL),(237,9.00,3,1,NULL,'NO APROBADA','2020-03-30','2023-02-13 11:30:59','2023-02-13 11:30:59',NULL,NULL,NULL,NULL,0,NULL),(238,4.00,10,2,NULL,'NO APROBADA','1971-07-26','2023-02-13 11:30:59','2023-02-13 11:30:59',NULL,NULL,NULL,NULL,0,NULL),(239,3.00,4,2,NULL,'NO APROBADA','2023-02-01','2023-02-13 11:30:59','2023-02-13 11:30:59',NULL,NULL,NULL,NULL,0,NULL),(240,3.00,3,2,NULL,'NO APROBADA','1976-09-15','2023-02-13 11:30:59','2023-02-13 11:30:59',NULL,NULL,NULL,NULL,0,NULL),(241,7.00,4,4,NULL,'NO APROBADA','2023-02-01','2023-02-13 11:30:59','2023-02-13 11:30:59',NULL,NULL,NULL,NULL,0,NULL),(242,9.00,1,2,NULL,'NO APROBADA','1978-05-17','2023-02-13 11:30:59','2023-02-13 11:30:59',NULL,NULL,NULL,NULL,0,NULL),(243,2.00,4,1,NULL,'NO APROBADA','2023-02-01','2023-02-13 11:30:59','2023-02-13 11:30:59',NULL,NULL,NULL,NULL,0,NULL),(244,7.00,8,2,NULL,'NO APROBADA','2020-04-10','2023-02-13 11:30:59','2023-02-13 11:30:59',NULL,NULL,NULL,NULL,0,NULL),(245,8.00,3,1,NULL,'NO APROBADA','1980-03-15','2023-02-13 11:30:59','2023-02-13 11:30:59',NULL,NULL,NULL,NULL,0,NULL),(246,2.00,7,4,NULL,'NO APROBADA','2017-01-03','2023-02-13 11:30:59','2023-02-13 11:30:59',NULL,NULL,NULL,NULL,0,NULL),(247,2.00,1,1,NULL,'NO APROBADA','2010-08-09','2023-02-13 11:30:59','2023-02-13 11:30:59',NULL,NULL,NULL,NULL,0,NULL),(248,1.00,10,3,NULL,'NO APROBADA','1970-12-19','2023-02-13 11:30:59','2023-02-13 11:30:59',NULL,NULL,NULL,NULL,0,NULL),(249,8.00,8,2,NULL,'NO APROBADA','1980-02-06','2023-02-13 11:30:59','2023-02-13 11:30:59',NULL,NULL,NULL,NULL,0,NULL),(250,8.00,1,2,NULL,'NO APROBADA','2010-11-14','2023-02-13 11:30:59','2023-02-13 11:30:59',NULL,NULL,NULL,NULL,0,NULL),(251,9.00,7,4,NULL,'NO APROBADA','1979-05-12','2023-02-13 11:30:59','2023-02-13 11:30:59',NULL,NULL,NULL,NULL,0,NULL),(252,4.00,2,4,NULL,'NO APROBADA','2023-02-01','2023-02-13 11:30:59','2023-02-13 11:30:59',NULL,NULL,NULL,NULL,0,NULL),(253,8.00,3,2,NULL,'NO APROBADA','1996-09-29','2023-02-13 11:30:59','2023-02-13 11:30:59',NULL,NULL,NULL,NULL,0,NULL),(254,6.00,7,1,NULL,'NO APROBADA','2014-02-10','2023-02-13 11:30:59','2023-02-13 11:30:59',NULL,NULL,NULL,NULL,0,NULL),(255,6.00,4,1,NULL,'NO APROBADA','2023-02-01','2023-02-13 11:30:59','2023-02-13 11:30:59',NULL,NULL,NULL,NULL,0,NULL),(256,7.00,9,4,NULL,'NO APROBADA','1990-07-15','2023-02-13 11:30:59','2023-02-13 11:30:59',NULL,NULL,NULL,NULL,0,NULL),(257,1.00,8,3,NULL,'NO APROBADA','1995-10-27','2023-02-13 11:30:59','2023-02-13 11:30:59',NULL,NULL,NULL,NULL,0,NULL),(258,2.00,3,4,NULL,'NO APROBADA','1983-07-07','2023-02-13 11:30:59','2023-02-13 11:30:59',NULL,NULL,NULL,NULL,0,NULL),(259,7.00,2,2,NULL,'NO APROBADA','2023-02-01','2023-02-13 11:30:59','2023-02-13 11:30:59',NULL,NULL,NULL,NULL,0,NULL),(260,1.00,10,3,NULL,'NO APROBADA','2015-03-29','2023-02-13 11:30:59','2023-02-13 11:30:59',NULL,NULL,NULL,NULL,0,NULL),(261,1.00,6,2,NULL,'NO APROBADA','1978-08-11','2023-02-13 11:30:59','2023-02-13 11:30:59',NULL,NULL,NULL,NULL,0,NULL),(262,1.00,1,2,NULL,'NO APROBADA','2000-01-20','2023-02-13 11:30:59','2023-02-13 11:30:59',NULL,NULL,NULL,NULL,0,NULL),(263,4.00,8,4,NULL,'NO APROBADA','2016-06-11','2023-02-13 11:30:59','2023-02-13 11:30:59',NULL,NULL,NULL,NULL,0,NULL),(264,8.00,2,1,NULL,'NO APROBADA','2023-02-01','2023-02-13 11:30:59','2023-02-13 11:30:59',NULL,NULL,NULL,NULL,0,NULL),(265,7.00,9,1,NULL,'NO APROBADA','1975-04-18','2023-02-13 11:30:59','2023-02-13 11:30:59',NULL,NULL,NULL,NULL,0,NULL),(266,7.00,4,2,NULL,'NO APROBADA','2023-02-01','2023-02-13 11:30:59','2023-02-13 11:30:59',NULL,NULL,NULL,NULL,0,NULL),(267,9.00,5,4,NULL,'NO APROBADA','1998-11-11','2023-02-13 11:30:59','2023-02-13 11:30:59',NULL,NULL,NULL,NULL,0,NULL),(268,7.00,2,2,NULL,'NO APROBADA','2023-02-01','2023-02-13 11:30:59','2023-02-13 11:30:59',NULL,NULL,NULL,NULL,0,NULL),(269,1.00,1,3,NULL,'NO APROBADA','1974-10-18','2023-02-13 11:30:59','2023-02-13 11:30:59',NULL,NULL,NULL,NULL,0,NULL),(270,5.00,1,1,NULL,'NO APROBADA','2023-02-10','2023-02-13 11:30:59','2023-02-13 11:37:29',NULL,NULL,NULL,NULL,1,NULL),(271,8.00,4,2,NULL,'NO APROBADA','2023-02-01','2023-02-13 11:30:59','2023-02-13 11:30:59',NULL,NULL,NULL,NULL,0,NULL),(272,9.00,7,3,NULL,'NO APROBADA','1984-03-06','2023-02-13 11:30:59','2023-02-13 11:30:59',NULL,NULL,NULL,NULL,0,NULL),(273,7.00,9,1,NULL,'NO APROBADA','1992-10-12','2023-02-13 11:30:59','2023-02-13 11:30:59',NULL,NULL,NULL,NULL,0,NULL),(274,9.00,5,4,NULL,'NO APROBADA','2003-12-01','2023-02-13 11:30:59','2023-02-13 11:30:59',NULL,NULL,NULL,NULL,0,NULL),(275,1.00,6,3,NULL,'NO APROBADA','1981-11-20','2023-02-13 11:30:59','2023-02-13 11:30:59',NULL,NULL,NULL,NULL,0,NULL),(276,8.00,7,1,NULL,'NO APROBADA','1986-12-26','2023-02-13 11:30:59','2023-02-13 11:30:59',NULL,NULL,NULL,NULL,0,NULL),(277,2.00,2,2,NULL,'NO APROBADA','2023-02-01','2023-02-13 11:30:59','2023-02-13 11:30:59',NULL,NULL,NULL,NULL,0,NULL),(278,4.00,6,2,NULL,'NO APROBADA','2018-02-06','2023-02-13 11:30:59','2023-02-13 11:30:59',NULL,NULL,NULL,NULL,0,NULL),(279,6.00,6,4,NULL,'NO APROBADA','2016-04-10','2023-02-13 11:30:59','2023-02-13 11:30:59',NULL,NULL,NULL,NULL,0,NULL),(280,1.00,4,4,NULL,'NO APROBADA','2023-02-01','2023-02-13 11:30:59','2023-02-13 11:30:59',NULL,NULL,NULL,NULL,0,NULL),(281,3.00,2,2,NULL,'NO APROBADA','2023-02-01','2023-02-13 11:30:59','2023-02-13 11:30:59',NULL,NULL,NULL,NULL,0,NULL),(282,9.00,7,1,NULL,'NO APROBADA','2019-08-22','2023-02-13 11:30:59','2023-02-13 11:30:59',NULL,NULL,NULL,NULL,0,NULL),(283,3.00,6,2,NULL,'NO APROBADA','2007-05-25','2023-02-13 11:30:59','2023-02-13 11:30:59',NULL,NULL,NULL,NULL,0,NULL),(284,6.00,5,4,NULL,'NO APROBADA','1999-02-23','2023-02-13 11:30:59','2023-02-13 11:30:59',NULL,NULL,NULL,NULL,0,NULL),(285,4.00,8,3,NULL,'NO APROBADA','2007-08-12','2023-02-13 11:30:59','2023-02-13 11:30:59',NULL,NULL,NULL,NULL,0,NULL),(286,8.00,9,2,NULL,'NO APROBADA','1970-12-25','2023-02-13 11:30:59','2023-02-13 11:30:59',NULL,NULL,NULL,NULL,0,NULL),(287,6.00,1,1,NULL,'NO APROBADA','2009-12-16','2023-02-13 11:30:59','2023-02-13 11:30:59',NULL,NULL,NULL,NULL,0,NULL),(288,7.00,1,1,NULL,'NO APROBADA','1973-09-17','2023-02-13 11:30:59','2023-02-13 11:30:59',NULL,NULL,NULL,NULL,0,NULL),(289,3.00,8,4,NULL,'NO APROBADA','2020-10-05','2023-02-13 11:30:59','2023-02-13 11:30:59',NULL,NULL,NULL,NULL,0,NULL),(290,2.00,6,4,NULL,'NO APROBADA','2018-05-19','2023-02-13 11:30:59','2023-02-13 11:30:59',NULL,NULL,NULL,NULL,0,NULL),(291,9.00,2,4,NULL,'NO APROBADA','2023-02-01','2023-02-13 11:30:59','2023-02-13 11:30:59',NULL,NULL,NULL,NULL,0,NULL),(292,5.00,7,2,NULL,'NO APROBADA','1984-06-17','2023-02-13 11:30:59','2023-02-13 11:30:59',NULL,NULL,NULL,NULL,0,NULL),(293,7.00,4,2,NULL,'NO APROBADA','2023-02-01','2023-02-13 11:30:59','2023-02-13 11:30:59',NULL,NULL,NULL,NULL,0,NULL),(294,2.00,5,1,NULL,'NO APROBADA','1992-10-30','2023-02-13 11:30:59','2023-02-13 11:30:59',NULL,NULL,NULL,NULL,0,NULL),(295,9.00,2,3,NULL,'NO APROBADA','2023-02-01','2023-02-13 11:30:59','2023-02-13 11:30:59',NULL,NULL,NULL,NULL,0,NULL),(296,2.00,9,4,NULL,'NO APROBADA','2016-07-02','2023-02-13 11:30:59','2023-02-13 11:30:59',NULL,NULL,NULL,NULL,0,NULL),(297,6.00,2,4,NULL,'NO APROBADA','2023-02-01','2023-02-13 11:30:59','2023-02-13 11:30:59',NULL,NULL,NULL,NULL,0,NULL),(298,3.00,9,3,NULL,'NO APROBADA','1993-05-20','2023-02-13 11:30:59','2023-02-13 11:30:59',NULL,NULL,NULL,NULL,0,NULL),(299,3.00,1,1,NULL,'NO APROBADA','1996-08-15','2023-02-13 11:30:59','2023-02-13 11:30:59',NULL,NULL,NULL,NULL,0,NULL),(300,5.00,5,3,NULL,'NO APROBADA','2007-02-19','2023-02-13 11:30:59','2023-02-13 11:30:59',NULL,NULL,NULL,NULL,0,NULL);
/*!40000 ALTER TABLE `hours` ENABLE KEYS */;
UNLOCK TABLES;

--
-- Table structure for table `migrations`
--

DROP TABLE IF EXISTS `migrations`;
/*!40101 SET @saved_cs_client     = @@character_set_client */;
/*!50503 SET character_set_client = utf8mb4 */;
CREATE TABLE `migrations` (
  `id` int unsigned NOT NULL AUTO_INCREMENT,
  `migration` varchar(255) COLLATE utf8mb4_unicode_ci NOT NULL,
  `batch` int NOT NULL,
  PRIMARY KEY (`id`)
) ENGINE=InnoDB AUTO_INCREMENT=27 DEFAULT CHARSET=utf8mb4 COLLATE=utf8mb4_unicode_ci;
/*!40101 SET character_set_client = @saved_cs_client */;

--
-- Dumping data for table `migrations`
--

LOCK TABLES `migrations` WRITE;
/*!40000 ALTER TABLE `migrations` DISABLE KEYS */;
INSERT INTO `migrations` VALUES (1,'2014_10_12_000000_create_users_table',1),(2,'2014_10_12_100000_create_password_resets_table',1),(3,'2014_10_12_200000_add_two_factor_columns_to_users_table',1),(4,'2019_08_19_000000_create_failed_jobs_table',1),(5,'2019_12_14_000001_create_personal_access_tokens_table',1),(6,'2022_11_18_103243_create_sessions_table',1),(7,'2022_11_18_110403_create_permission_tables',1),(8,'2022_11_24_103834_create_works_table',1),(9,'2022_11_24_103835_create_hours_table',1),(10,'2022_12_12_134544_add_when_to_hours_table',1),(11,'2022_12_12_134544_add_who_to_hours_table',1),(12,'2022_12_14_093630_create_exception_works',1),(13,'2022_12_14_093704_create_exception_hours',1),(14,'2022_12_15_172147_add_comments_to_hours_table',1),(15,'2022_12_20_151327_add_hour_extra_to_users',1),(16,'2022_12_20_163140_create_schedules_table',1),(17,'2022_12_21_083748_add_schedule_to_users',1),(18,'2022_12_21_113510_add_register_to_hour',1),(25,'2022_12_21_155003_add_hour_real_to_hours',2),(26,'2022_12_22_173602_add_user_id_to_works',2);
/*!40000 ALTER TABLE `migrations` ENABLE KEYS */;
UNLOCK TABLES;

--
-- Table structure for table `model_has_permissions`
--

DROP TABLE IF EXISTS `model_has_permissions`;
/*!40101 SET @saved_cs_client     = @@character_set_client */;
/*!50503 SET character_set_client = utf8mb4 */;
CREATE TABLE `model_has_permissions` (
  `permission_id` bigint unsigned NOT NULL,
  `model_type` varchar(255) COLLATE utf8mb4_unicode_ci NOT NULL,
  `model_id` bigint unsigned NOT NULL,
  PRIMARY KEY (`permission_id`,`model_id`,`model_type`),
  KEY `model_has_permissions_model_id_model_type_index` (`model_id`,`model_type`),
  CONSTRAINT `model_has_permissions_permission_id_foreign` FOREIGN KEY (`permission_id`) REFERENCES `permissions` (`id`) ON DELETE CASCADE
) ENGINE=InnoDB DEFAULT CHARSET=utf8mb4 COLLATE=utf8mb4_unicode_ci;
/*!40101 SET character_set_client = @saved_cs_client */;

--
-- Dumping data for table `model_has_permissions`
--

LOCK TABLES `model_has_permissions` WRITE;
/*!40000 ALTER TABLE `model_has_permissions` DISABLE KEYS */;
/*!40000 ALTER TABLE `model_has_permissions` ENABLE KEYS */;
UNLOCK TABLES;

--
-- Table structure for table `model_has_roles`
--

DROP TABLE IF EXISTS `model_has_roles`;
/*!40101 SET @saved_cs_client     = @@character_set_client */;
/*!50503 SET character_set_client = utf8mb4 */;
CREATE TABLE `model_has_roles` (
  `role_id` bigint unsigned NOT NULL,
  `model_type` varchar(255) COLLATE utf8mb4_unicode_ci NOT NULL,
  `model_id` bigint unsigned NOT NULL,
  PRIMARY KEY (`role_id`,`model_id`,`model_type`),
  KEY `model_has_roles_model_id_model_type_index` (`model_id`,`model_type`),
  CONSTRAINT `model_has_roles_role_id_foreign` FOREIGN KEY (`role_id`) REFERENCES `roles` (`id`) ON DELETE CASCADE
) ENGINE=InnoDB DEFAULT CHARSET=utf8mb4 COLLATE=utf8mb4_unicode_ci;
/*!40101 SET character_set_client = @saved_cs_client */;

--
-- Dumping data for table `model_has_roles`
--

LOCK TABLES `model_has_roles` WRITE;
/*!40000 ALTER TABLE `model_has_roles` DISABLE KEYS */;
INSERT INTO `model_has_roles` VALUES (1,'App\\Models\\User',1);
/*!40000 ALTER TABLE `model_has_roles` ENABLE KEYS */;
UNLOCK TABLES;

--
-- Table structure for table `password_resets`
--

DROP TABLE IF EXISTS `password_resets`;
/*!40101 SET @saved_cs_client     = @@character_set_client */;
/*!50503 SET character_set_client = utf8mb4 */;
CREATE TABLE `password_resets` (
  `email` varchar(255) COLLATE utf8mb4_unicode_ci NOT NULL,
  `token` varchar(255) COLLATE utf8mb4_unicode_ci NOT NULL,
  `created_at` timestamp NULL DEFAULT NULL,
  KEY `password_resets_email_index` (`email`)
) ENGINE=InnoDB DEFAULT CHARSET=utf8mb4 COLLATE=utf8mb4_unicode_ci;
/*!40101 SET character_set_client = @saved_cs_client */;

--
-- Dumping data for table `password_resets`
--

LOCK TABLES `password_resets` WRITE;
/*!40000 ALTER TABLE `password_resets` DISABLE KEYS */;
/*!40000 ALTER TABLE `password_resets` ENABLE KEYS */;
UNLOCK TABLES;

--
-- Table structure for table `permissions`
--

DROP TABLE IF EXISTS `permissions`;
/*!40101 SET @saved_cs_client     = @@character_set_client */;
/*!50503 SET character_set_client = utf8mb4 */;
CREATE TABLE `permissions` (
  `id` bigint unsigned NOT NULL AUTO_INCREMENT,
  `name` varchar(255) COLLATE utf8mb4_unicode_ci NOT NULL,
  `guard_name` varchar(255) COLLATE utf8mb4_unicode_ci NOT NULL,
  `created_at` timestamp NULL DEFAULT NULL,
  `updated_at` timestamp NULL DEFAULT NULL,
  PRIMARY KEY (`id`),
  UNIQUE KEY `permissions_name_guard_name_unique` (`name`,`guard_name`)
) ENGINE=InnoDB AUTO_INCREMENT=2 DEFAULT CHARSET=utf8mb4 COLLATE=utf8mb4_unicode_ci;
/*!40101 SET character_set_client = @saved_cs_client */;

--
-- Dumping data for table `permissions`
--

LOCK TABLES `permissions` WRITE;
/*!40000 ALTER TABLE `permissions` DISABLE KEYS */;
INSERT INTO `permissions` VALUES (1,'roles-permisos','web','2023-02-13 11:30:51','2023-02-13 11:30:51');
/*!40000 ALTER TABLE `permissions` ENABLE KEYS */;
UNLOCK TABLES;

--
-- Table structure for table `personal_access_tokens`
--

DROP TABLE IF EXISTS `personal_access_tokens`;
/*!40101 SET @saved_cs_client     = @@character_set_client */;
/*!50503 SET character_set_client = utf8mb4 */;
CREATE TABLE `personal_access_tokens` (
  `id` bigint unsigned NOT NULL AUTO_INCREMENT,
  `tokenable_type` varchar(255) COLLATE utf8mb4_unicode_ci NOT NULL,
  `tokenable_id` bigint unsigned NOT NULL,
  `name` varchar(255) COLLATE utf8mb4_unicode_ci NOT NULL,
  `token` varchar(64) COLLATE utf8mb4_unicode_ci NOT NULL,
  `abilities` text COLLATE utf8mb4_unicode_ci,
  `last_used_at` timestamp NULL DEFAULT NULL,
  `expires_at` timestamp NULL DEFAULT NULL,
  `created_at` timestamp NULL DEFAULT NULL,
  `updated_at` timestamp NULL DEFAULT NULL,
  PRIMARY KEY (`id`),
  UNIQUE KEY `personal_access_tokens_token_unique` (`token`),
  KEY `personal_access_tokens_tokenable_type_tokenable_id_index` (`tokenable_type`,`tokenable_id`)
) ENGINE=InnoDB DEFAULT CHARSET=utf8mb4 COLLATE=utf8mb4_unicode_ci;
/*!40101 SET character_set_client = @saved_cs_client */;

--
-- Dumping data for table `personal_access_tokens`
--

LOCK TABLES `personal_access_tokens` WRITE;
/*!40000 ALTER TABLE `personal_access_tokens` DISABLE KEYS */;
/*!40000 ALTER TABLE `personal_access_tokens` ENABLE KEYS */;
UNLOCK TABLES;

--
-- Table structure for table `role_has_permissions`
--

DROP TABLE IF EXISTS `role_has_permissions`;
/*!40101 SET @saved_cs_client     = @@character_set_client */;
/*!50503 SET character_set_client = utf8mb4 */;
CREATE TABLE `role_has_permissions` (
  `permission_id` bigint unsigned NOT NULL,
  `role_id` bigint unsigned NOT NULL,
  PRIMARY KEY (`permission_id`,`role_id`),
  KEY `role_has_permissions_role_id_foreign` (`role_id`),
  CONSTRAINT `role_has_permissions_permission_id_foreign` FOREIGN KEY (`permission_id`) REFERENCES `permissions` (`id`) ON DELETE CASCADE,
  CONSTRAINT `role_has_permissions_role_id_foreign` FOREIGN KEY (`role_id`) REFERENCES `roles` (`id`) ON DELETE CASCADE
) ENGINE=InnoDB DEFAULT CHARSET=utf8mb4 COLLATE=utf8mb4_unicode_ci;
/*!40101 SET character_set_client = @saved_cs_client */;

--
-- Dumping data for table `role_has_permissions`
--

LOCK TABLES `role_has_permissions` WRITE;
/*!40000 ALTER TABLE `role_has_permissions` DISABLE KEYS */;
INSERT INTO `role_has_permissions` VALUES (1,1);
/*!40000 ALTER TABLE `role_has_permissions` ENABLE KEYS */;
UNLOCK TABLES;

--
-- Table structure for table `roles`
--

DROP TABLE IF EXISTS `roles`;
/*!40101 SET @saved_cs_client     = @@character_set_client */;
/*!50503 SET character_set_client = utf8mb4 */;
CREATE TABLE `roles` (
  `id` bigint unsigned NOT NULL AUTO_INCREMENT,
  `name` varchar(255) COLLATE utf8mb4_unicode_ci NOT NULL,
  `guard_name` varchar(255) COLLATE utf8mb4_unicode_ci NOT NULL,
  `created_at` timestamp NULL DEFAULT NULL,
  `updated_at` timestamp NULL DEFAULT NULL,
  PRIMARY KEY (`id`),
  UNIQUE KEY `roles_name_guard_name_unique` (`name`,`guard_name`)
) ENGINE=InnoDB AUTO_INCREMENT=4 DEFAULT CHARSET=utf8mb4 COLLATE=utf8mb4_unicode_ci;
/*!40101 SET character_set_client = @saved_cs_client */;

--
-- Dumping data for table `roles`
--

LOCK TABLES `roles` WRITE;
/*!40000 ALTER TABLE `roles` DISABLE KEYS */;
INSERT INTO `roles` VALUES (1,'root','web','2023-02-13 11:30:13','2023-02-13 11:30:13'),(2,'admin','web','2023-02-13 11:30:13','2023-02-13 11:30:13'),(3,'user','web','2023-02-13 11:30:13','2023-02-13 11:30:13');
/*!40000 ALTER TABLE `roles` ENABLE KEYS */;
UNLOCK TABLES;

--
-- Table structure for table `schedules`
--

DROP TABLE IF EXISTS `schedules`;
/*!40101 SET @saved_cs_client     = @@character_set_client */;
/*!50503 SET character_set_client = utf8mb4 */;
CREATE TABLE `schedules` (
  `id` bigint unsigned NOT NULL AUTO_INCREMENT,
  `name` varchar(255) COLLATE utf8mb4_unicode_ci NOT NULL,
  `L` int NOT NULL,
  `M` int NOT NULL,
  `X` int NOT NULL,
  `J` int NOT NULL,
  `V` int NOT NULL,
  `total` int NOT NULL,
  `created_at` timestamp NULL DEFAULT NULL,
  `updated_at` timestamp NULL DEFAULT NULL,
  PRIMARY KEY (`id`)
) ENGINE=InnoDB AUTO_INCREMENT=2 DEFAULT CHARSET=utf8mb4 COLLATE=utf8mb4_unicode_ci;
/*!40101 SET character_set_client = @saved_cs_client */;

--
-- Dumping data for table `schedules`
--

LOCK TABLES `schedules` WRITE;
/*!40000 ALTER TABLE `schedules` DISABLE KEYS */;
INSERT INTO `schedules` VALUES (1,'HORARIO',9,9,9,9,9,42,'2023-02-14 12:10:43','2023-02-14 12:10:44');
/*!40000 ALTER TABLE `schedules` ENABLE KEYS */;
UNLOCK TABLES;

--
-- Table structure for table `sessions`
--

DROP TABLE IF EXISTS `sessions`;
/*!40101 SET @saved_cs_client     = @@character_set_client */;
/*!50503 SET character_set_client = utf8mb4 */;
CREATE TABLE `sessions` (
  `id` varchar(255) COLLATE utf8mb4_unicode_ci NOT NULL,
  `user_id` bigint unsigned DEFAULT NULL,
  `ip_address` varchar(45) COLLATE utf8mb4_unicode_ci DEFAULT NULL,
  `user_agent` text COLLATE utf8mb4_unicode_ci,
  `payload` longtext COLLATE utf8mb4_unicode_ci NOT NULL,
  `last_activity` int NOT NULL,
  PRIMARY KEY (`id`),
  KEY `sessions_user_id_index` (`user_id`),
  KEY `sessions_last_activity_index` (`last_activity`)
) ENGINE=InnoDB DEFAULT CHARSET=utf8mb4 COLLATE=utf8mb4_unicode_ci;
/*!40101 SET character_set_client = @saved_cs_client */;

--
-- Dumping data for table `sessions`
--

LOCK TABLES `sessions` WRITE;
/*!40000 ALTER TABLE `sessions` DISABLE KEYS */;
INSERT INTO `sessions` VALUES ('a1RcmqX5WPY7CupeygwmQzkULOW5tiyTeS4g6y6W',NULL,'127.0.0.1','Mozilla/5.0 (Windows NT 10.0; Win64; x64; rv:109.0) Gecko/20100101 Firefox/112.0','YTozOntzOjY6Il90b2tlbiI7czo0MDoiMVpjdEt6dVlRS2dxbWs3SWpyUUlmelA5eDN0U2ZqVjNxamo2WGxiZCI7czo5OiJfcHJldmlvdXMiO2E6MTp7czozOiJ1cmwiO3M6MjE6Imh0dHA6Ly9sb2NhbGhvc3Q6ODAwMCI7fXM6NjoiX2ZsYXNoIjthOjI6e3M6Mzoib2xkIjthOjA6e31zOjM6Im5ldyI7YTowOnt9fX0=',1682319359),('mKbTpoi6Dm9yKSNAwqSZTo3F2aLmi7yJlfVjWiMo',NULL,'127.0.0.1','Mozilla/5.0 (Windows NT 10.0; Win64; x64; rv:109.0) Gecko/20100101 Firefox/112.0','YTozOntzOjY6Il90b2tlbiI7czo0MDoicU1oQ0VZMXlmblVncHRneXE0aHNkY0toV21XbndPV3RTSlhFMjdqbCI7czo5OiJfcHJldmlvdXMiO2E6MTp7czozOiJ1cmwiO3M6MjE6Imh0dHA6Ly9sb2NhbGhvc3Q6ODAwMCI7fXM6NjoiX2ZsYXNoIjthOjI6e3M6Mzoib2xkIjthOjA6e31zOjM6Im5ldyI7YTowOnt9fX0=',1682319104);
/*!40000 ALTER TABLE `sessions` ENABLE KEYS */;
UNLOCK TABLES;

--
-- Table structure for table `users`
--

DROP TABLE IF EXISTS `users`;
/*!40101 SET @saved_cs_client     = @@character_set_client */;
/*!50503 SET character_set_client = utf8mb4 */;
CREATE TABLE `users` (
  `id` bigint unsigned NOT NULL AUTO_INCREMENT,
  `name` varchar(255) COLLATE utf8mb4_unicode_ci NOT NULL,
  `last_name` varchar(255) COLLATE utf8mb4_unicode_ci DEFAULT NULL,
  `email` varchar(255) COLLATE utf8mb4_unicode_ci NOT NULL,
  `type` enum('ACTIVADA','NO ACTIVADA') COLLATE utf8mb4_unicode_ci NOT NULL DEFAULT 'ACTIVADA',
  `email_verified_at` timestamp NULL DEFAULT NULL,
  `password` varchar(255) COLLATE utf8mb4_unicode_ci NOT NULL,
  `two_factor_secret` text COLLATE utf8mb4_unicode_ci,
  `two_factor_recovery_codes` text COLLATE utf8mb4_unicode_ci,
  `two_factor_confirmed_at` timestamp NULL DEFAULT NULL,
  `remember_token` varchar(100) COLLATE utf8mb4_unicode_ci DEFAULT NULL,
  `current_team_id` bigint unsigned DEFAULT NULL,
  `profile_photo_path` varchar(2048) COLLATE utf8mb4_unicode_ci DEFAULT NULL,
  `created_at` timestamp NULL DEFAULT NULL,
  `updated_at` timestamp NULL DEFAULT NULL,
  `deleted_at` timestamp NULL DEFAULT NULL,
  `hour_extra` int DEFAULT NULL,
  `schedule_id` bigint unsigned DEFAULT NULL,
  PRIMARY KEY (`id`),
  UNIQUE KEY `users_email_unique` (`email`)
) ENGINE=InnoDB AUTO_INCREMENT=13 DEFAULT CHARSET=utf8mb4 COLLATE=utf8mb4_unicode_ci;
/*!40101 SET character_set_client = @saved_cs_client */;

--
-- Dumping data for table `users`
--

LOCK TABLES `users` WRITE;
/*!40000 ALTER TABLE `users` DISABLE KEYS */;
INSERT INTO `users` VALUES (1,'baum',NULL,'donovan.tupiza@baumcontrol.es','ACTIVADA',NULL,'$2y$10$z382t9VpzVNwu/pez5Af2utVvhCV3tkx92rMLEC8RHFbcq3bAltce',NULL,NULL,NULL,NULL,NULL,NULL,'2023-02-13 11:30:23','2023-02-13 11:30:23',NULL,NULL,1),(2,'Edythe Gulgowski',NULL,'jana.prosacco@example.com','ACTIVADA','2023-02-13 11:30:58','$2y$10$92IXUNpkjO0rOQ5byMi.Ye4oKoEa3Ro9llC/.og/at2.uheWG/igi',NULL,NULL,NULL,'MfMAOxh53X',NULL,NULL,'2023-02-13 11:30:58','2023-02-13 11:30:58',NULL,NULL,1),(3,'Samara Hill',NULL,'gkerluke@example.com','ACTIVADA','2023-02-13 11:30:58','$2y$10$92IXUNpkjO0rOQ5byMi.Ye4oKoEa3Ro9llC/.og/at2.uheWG/igi',NULL,NULL,NULL,'RdZ0NpJ0LD',NULL,NULL,'2023-02-13 11:30:58','2023-02-13 11:30:58',NULL,NULL,NULL),(4,'Lexi Legros',NULL,'lorena.crooks@example.net','ACTIVADA','2023-02-13 11:30:58','$2y$10$92IXUNpkjO0rOQ5byMi.Ye4oKoEa3Ro9llC/.og/at2.uheWG/igi',NULL,NULL,NULL,'2hyDR6bPFW',NULL,NULL,'2023-02-13 11:30:58','2023-02-13 11:30:58',NULL,NULL,1),(5,'Ms. Ariane Barton',NULL,'ava.block@example.com','ACTIVADA','2023-02-13 11:30:58','$2y$10$92IXUNpkjO0rOQ5byMi.Ye4oKoEa3Ro9llC/.og/at2.uheWG/igi',NULL,NULL,NULL,'Tk3oxQut7j',NULL,NULL,'2023-02-13 11:30:58','2023-02-13 11:30:58',NULL,NULL,NULL),(6,'Amy Upton',NULL,'rebeka92@example.com','ACTIVADA','2023-02-13 11:30:58','$2y$10$92IXUNpkjO0rOQ5byMi.Ye4oKoEa3Ro9llC/.og/at2.uheWG/igi',NULL,NULL,NULL,'S2ocNnIQwL',NULL,NULL,'2023-02-13 11:30:58','2023-02-13 11:30:58',NULL,NULL,NULL),(7,'Mrs. Lera Gaylord II',NULL,'wendell80@example.com','ACTIVADA','2023-02-13 11:30:58','$2y$10$92IXUNpkjO0rOQ5byMi.Ye4oKoEa3Ro9llC/.og/at2.uheWG/igi',NULL,NULL,NULL,'0a3ZNRIrxq',NULL,NULL,'2023-02-13 11:30:58','2023-02-13 11:30:58',NULL,NULL,NULL),(8,'Titus Purdy',NULL,'jeremie.reinger@example.net','ACTIVADA','2023-02-13 11:30:58','$2y$10$92IXUNpkjO0rOQ5byMi.Ye4oKoEa3Ro9llC/.og/at2.uheWG/igi',NULL,NULL,NULL,'8jA7XtE30G',NULL,NULL,'2023-02-13 11:30:58','2023-02-13 11:30:58',NULL,NULL,NULL),(9,'Tania Olson',NULL,'bernardo23@example.com','ACTIVADA','2023-02-13 11:30:58','$2y$10$92IXUNpkjO0rOQ5byMi.Ye4oKoEa3Ro9llC/.og/at2.uheWG/igi',NULL,NULL,NULL,'Q7O2jacb4a',NULL,NULL,'2023-02-13 11:30:58','2023-02-13 11:30:58',NULL,NULL,NULL),(10,'Katherine D\'Amore II',NULL,'waelchi.vincenza@example.org','ACTIVADA','2023-02-13 11:30:58','$2y$10$92IXUNpkjO0rOQ5byMi.Ye4oKoEa3Ro9llC/.og/at2.uheWG/igi',NULL,NULL,NULL,'3ZQUBwM3yA',NULL,NULL,'2023-02-13 11:30:58','2023-02-13 11:30:58',NULL,NULL,NULL),(11,'Colin Stanton',NULL,'goyette.logan@example.net','ACTIVADA','2023-02-13 11:30:58','$2y$10$92IXUNpkjO0rOQ5byMi.Ye4oKoEa3Ro9llC/.og/at2.uheWG/igi',NULL,NULL,NULL,'mGSU7xoGei',NULL,NULL,'2023-02-13 11:30:58','2023-02-13 11:30:58',NULL,NULL,NULL),(12,'prueba',NULL,'prueba@prueba.com','ACTIVADA',NULL,'prueba12345',NULL,NULL,NULL,NULL,NULL,NULL,'2023-04-21 07:41:00','2023-04-21 07:41:00',NULL,NULL,NULL);
/*!40000 ALTER TABLE `users` ENABLE KEYS */;
UNLOCK TABLES;

--
-- Temporary view structure for view `view_hours_extra`
--

DROP TABLE IF EXISTS `view_hours_extra`;
/*!50001 DROP VIEW IF EXISTS `view_hours_extra`*/;
SET @saved_cs_client     = @@character_set_client;
/*!50503 SET character_set_client = utf8mb4 */;
/*!50001 CREATE VIEW `view_hours_extra` AS SELECT 
 1 AS `Usuarios`,
 1 AS `Horas Obras`*/;
SET character_set_client = @saved_cs_client;

--
-- Temporary view structure for view `view_hours_total`
--

DROP TABLE IF EXISTS `view_hours_total`;
/*!50001 DROP VIEW IF EXISTS `view_hours_total`*/;
SET @saved_cs_client     = @@character_set_client;
/*!50503 SET character_set_client = utf8mb4 */;
/*!50001 CREATE VIEW `view_hours_total` AS SELECT 
 1 AS `Usuarios`,
 1 AS `Horas Obras`*/;
SET character_set_client = @saved_cs_client;

--
-- Table structure for table `works`
--

DROP TABLE IF EXISTS `works`;
/*!40101 SET @saved_cs_client     = @@character_set_client */;
/*!50503 SET character_set_client = utf8mb4 */;
CREATE TABLE `works` (
  `id` bigint unsigned NOT NULL AUTO_INCREMENT,
  `code` varchar(255) COLLATE utf8mb4_unicode_ci NOT NULL,
  `name` varchar(255) COLLATE utf8mb4_unicode_ci NOT NULL,
  `km_total` double(8,2) DEFAULT NULL,
  `hour_total` double(8,2) DEFAULT NULL,
  `created_at` timestamp NULL DEFAULT NULL,
  `updated_at` timestamp NULL DEFAULT NULL,
  `user_id` bigint unsigned DEFAULT NULL,
  PRIMARY KEY (`id`)
) ENGINE=InnoDB AUTO_INCREMENT=5 DEFAULT CHARSET=utf8mb4 COLLATE=utf8mb4_unicode_ci;
/*!40101 SET character_set_client = @saved_cs_client */;

--
-- Dumping data for table `works`
--

LOCK TABLES `works` WRITE;
/*!40000 ALTER TABLE `works` DISABLE KEYS */;
INSERT INTO `works` VALUES (1,'A1234','BDE Espaa',NULL,NULL,'2023-02-13 11:30:58','2023-02-13 11:30:58',NULL),(2,'A4321','Hotel Aloft',NULL,NULL,'2023-02-13 11:30:58','2023-02-13 11:30:58',NULL),(3,'A5678','Hotel Aloft',NULL,NULL,'2023-02-13 11:30:58','2023-02-13 11:30:58',NULL),(4,'A0567','Pfizer',NULL,NULL,'2023-02-13 11:30:58','2023-02-13 11:30:58',NULL);
/*!40000 ALTER TABLE `works` ENABLE KEYS */;
UNLOCK TABLES;

--
-- Final view structure for view `view_hours_extra`
--

/*!50001 DROP VIEW IF EXISTS `view_hours_extra`*/;
/*!50001 SET @saved_cs_client          = @@character_set_client */;
/*!50001 SET @saved_cs_results         = @@character_set_results */;
/*!50001 SET @saved_col_connection     = @@collation_connection */;
/*!50001 SET character_set_client      = cp850 */;
/*!50001 SET character_set_results     = cp850 */;
/*!50001 SET collation_connection      = cp850_general_ci */;
/*!50001 CREATE ALGORITHM=UNDEFINED */
/*!50013 DEFINER=`root`@`localhost` SQL SECURITY DEFINER */
/*!50001 VIEW `view_hours_extra` AS select `u`.`email` AS `Usuarios`,sum(`h`.`hour`) AS `Horas Obras` from (`hours` `h` join `users` `u`) where ((`h`.`user_id` = `u`.`id`) and (`h`.`register` = 1)) group by `h`.`user_id` */;
/*!50001 SET character_set_client      = @saved_cs_client */;
/*!50001 SET character_set_results     = @saved_cs_results */;
/*!50001 SET collation_connection      = @saved_col_connection */;

--
-- Final view structure for view `view_hours_total`
--

/*!50001 DROP VIEW IF EXISTS `view_hours_total`*/;
/*!50001 SET @saved_cs_client          = @@character_set_client */;
/*!50001 SET @saved_cs_results         = @@character_set_results */;
/*!50001 SET @saved_col_connection     = @@collation_connection */;
/*!50001 SET character_set_client      = cp850 */;
/*!50001 SET character_set_results     = cp850 */;
/*!50001 SET collation_connection      = cp850_general_ci */;
/*!50001 CREATE ALGORITHM=UNDEFINED */
/*!50013 DEFINER=`root`@`localhost` SQL SECURITY DEFINER */
/*!50001 VIEW `view_hours_total` AS select `u`.`email` AS `Usuarios`,sum(`h`.`hour`) AS `Horas Obras` from (`hours` `h` join `users` `u`) where ((`h`.`user_id` = `u`.`id`) and (`h`.`register` = 0)) group by `h`.`user_id` */;
/*!50001 SET character_set_client      = @saved_cs_client */;
/*!50001 SET character_set_results     = @saved_cs_results */;
/*!50001 SET collation_connection      = @saved_col_connection */;
/*!40103 SET TIME_ZONE=@OLD_TIME_ZONE */;

/*!40101 SET SQL_MODE=@OLD_SQL_MODE */;
/*!40014 SET FOREIGN_KEY_CHECKS=@OLD_FOREIGN_KEY_CHECKS */;
/*!40014 SET UNIQUE_CHECKS=@OLD_UNIQUE_CHECKS */;
/*!40101 SET CHARACTER_SET_CLIENT=@OLD_CHARACTER_SET_CLIENT */;
/*!40101 SET CHARACTER_SET_RESULTS=@OLD_CHARACTER_SET_RESULTS */;
/*!40101 SET COLLATION_CONNECTION=@OLD_COLLATION_CONNECTION */;
/*!40111 SET SQL_NOTES=@OLD_SQL_NOTES */;

-- Dump completed on 2023-04-24 12:29:09
